dataset_uuid,Cell Ontology ID,Cell Type,Count,Total Count,Percentage
fe0ded5fc0355c95239f9c040dd31e99,CL:1001109,Kidney.kidney loop of Henle cortical thick ascending limb epithelial cell,1421,3000,47.37
fe0ded5fc0355c95239f9c040dd31e99,CL:1001108,Kidney.kidney loop of Henle medullary thick ascending limb epithelial cell,776,3000,25.87
fe0ded5fc0355c95239f9c040dd31e99,CL:4030012,Kidney.kidney loop of Henle short descending thin limb epithelial cell,150,3000,5.0
fe0ded5fc0355c95239f9c040dd31e99,CL:1001107,Kidney.kidney loop of Henle thin ascending limb epithelial cell,139,3000,4.63
fe0ded5fc0355c95239f9c040dd31e99,CL:1000714,Kidney.kidney cortex collecting duct principal cell,131,3000,4.37
fe0ded5fc0355c95239f9c040dd31e99,CL:4030013,Kidney.kidney loop of Henle long descending thin limb outer medulla epithelial cell,54,3000,1.8
fe0ded5fc0355c95239f9c040dd31e99,CL:1000452,Kidney.parietal epithelial cell,46,3000,1.53
fe0ded5fc0355c95239f9c040dd31e99,CL:1001285,Kidney.vasa recta descending limb cell,41,3000,1.37
fe0ded5fc0355c95239f9c040dd31e99,CL:0000057,Kidney.kidney interstitial fibroblast,39,3000,1.3
fe0ded5fc0355c95239f9c040dd31e99,CL:1000716,Kidney.kidney outer medulla collecting duct principal cell,32,3000,1.07
fe0ded5fc0355c95239f9c040dd31e99,CL:4030022,Kidney.renal medullary fibroblast,32,3000,1.07
fe0ded5fc0355c95239f9c040dd31e99,CL:1000717,Kidney.kidney outer medulla collecting duct intercalated cell,26,3000,0.87
fe0ded5fc0355c95239f9c040dd31e99,CL:1001131,Kidney.vasa recta ascending limb cell,22,3000,0.73
fe0ded5fc0355c95239f9c040dd31e99,CL:1000718,Kidney.kidney inner medulla collecting duct principal cell,22,3000,0.73
fe0ded5fc0355c95239f9c040dd31e99,CL:1001033,Kidney.peritubular capillary endothelial cell,17,3000,0.57
fe0ded5fc0355c95239f9c040dd31e99,CL:1001318,Kidney.renal interstitial pericyte,17,3000,0.57
fe0ded5fc0355c95239f9c040dd31e99,CL:0000650,Kidney.mesangial cell,15,3000,0.5
fe0ded5fc0355c95239f9c040dd31e99,CL:4030011,Kidney.epithelial cell of proximal tubule segment 3,7,3000,0.23
fe0ded5fc0355c95239f9c040dd31e99,CL:4030014,Kidney.kidney loop of Henle long descending thin limb inner medulla epithelial cell,4,3000,0.13
fe0ded5fc0355c95239f9c040dd31e99,CL:1000698,Kidney.kidney resident macrophage,3,3000,0.1
fe0ded5fc0355c95239f9c040dd31e99,CL:1001005,Kidney.glomerular capillary endothelial cell,2,3000,0.07
fe0ded5fc0355c95239f9c040dd31e99,CL:4030016,Kidney.epithelial cell of early distal convoluted tubule,1,3000,0.03
fe0ded5fc0355c95239f9c040dd31e99,CL:1000412,Kidney.endothelial cell of arteriole,1,3000,0.03
fe0ded5fc0355c95239f9c040dd31e99,CL:1000850,Kidney.macula densa epithelial cell,1,3000,0.03
fe0ded5fc0355c95239f9c040dd31e99,CL:0011031,Kidney.monocyte-derived dendritic cell,1,3000,0.03
5ee240959c96b49d960702755478b9fc,CL:1001109,Kidney.kidney loop of Henle cortical thick ascending limb epithelial cell,1723,3986,43.23
5ee240959c96b49d960702755478b9fc,CL:4030011,Kidney.epithelial cell of proximal tubule segment 3,518,3986,13.0
5ee240959c96b49d960702755478b9fc,CL:4030009,Kidney.epithelial cell of proximal tubule segment 1,297,3986,7.45
5ee240959c96b49d960702755478b9fc,CL:1000714,Kidney.kidney cortex collecting duct principal cell,260,3986,6.52
5ee240959c96b49d960702755478b9fc,CL:4030012,Kidney.kidney loop of Henle short descending thin limb epithelial cell,215,3986,5.39
5ee240959c96b49d960702755478b9fc,CL:1001107,Kidney.kidney loop of Henle thin ascending limb epithelial cell,178,3986,4.47
5ee240959c96b49d960702755478b9fc,CL:1001033,Kidney.peritubular capillary endothelial cell,143,3986,3.59
5ee240959c96b49d960702755478b9fc,CL:4030016,Kidney.epithelial cell of early distal convoluted tubule,93,3986,2.33
5ee240959c96b49d960702755478b9fc,CL:1000768,Kidney.kidney connecting tubule epithelial cell,87,3986,2.18
5ee240959c96b49d960702755478b9fc,CL:4030013,Kidney.kidney loop of Henle long descending thin limb outer medulla epithelial cell,71,3986,1.78
5ee240959c96b49d960702755478b9fc,CL:0000057,Kidney.kidney interstitial fibroblast,59,3986,1.48
5ee240959c96b49d960702755478b9fc,CL:0000653,Kidney.podocyte,52,3986,1.3
5ee240959c96b49d960702755478b9fc,CL:4030010,Kidney.epithelial cell of proximal tubule segment 2,47,3986,1.18
5ee240959c96b49d960702755478b9fc,CL:1001108,Kidney.kidney loop of Henle medullary thick ascending limb epithelial cell,36,3986,0.9
5ee240959c96b49d960702755478b9fc,CL:1001285,Kidney.vasa recta descending limb cell,36,3986,0.9
5ee240959c96b49d960702755478b9fc,CL:1000717,Kidney.kidney outer medulla collecting duct intercalated cell,31,3986,0.78
5ee240959c96b49d960702755478b9fc,CL:1001318,Kidney.renal interstitial pericyte,26,3986,0.65
5ee240959c96b49d960702755478b9fc,CL:1001005,Kidney.glomerular capillary endothelial cell,25,3986,0.63
5ee240959c96b49d960702755478b9fc,CL:1001131,Kidney.vasa recta ascending limb cell,24,3986,0.6
5ee240959c96b49d960702755478b9fc,CL:1000412,Kidney.endothelial cell of arteriole,16,3986,0.4
5ee240959c96b49d960702755478b9fc,CL:1000452,Kidney.parietal epithelial cell,10,3986,0.25
5ee240959c96b49d960702755478b9fc,CL:0002201,Kidney.renal beta-intercalated cell,8,3986,0.2
5ee240959c96b49d960702755478b9fc,CL:0000650,Kidney.mesangial cell,6,3986,0.15
5ee240959c96b49d960702755478b9fc,CL:1000718,Kidney.kidney inner medulla collecting duct principal cell,6,3986,0.15
5ee240959c96b49d960702755478b9fc,CL:4030018,Kidney.kidney connecting tubule principal cell,5,3986,0.13
5ee240959c96b49d960702755478b9fc,CL:1000716,Kidney.kidney outer medulla collecting duct principal cell,4,3986,0.1
5ee240959c96b49d960702755478b9fc,CL:1000715,Kidney.kidney cortex collecting duct intercalated cell,3,3986,0.08
5ee240959c96b49d960702755478b9fc,CL:1000698,Kidney.kidney resident macrophage,2,3986,0.05
5ee240959c96b49d960702755478b9fc,CL:4030022,Kidney.renal medullary fibroblast,2,3986,0.05
5ee240959c96b49d960702755478b9fc,CL:4030017,Kidney.epithelial cell of late distal convoluted tubule,1,3986,0.03
5ee240959c96b49d960702755478b9fc,CL:0011031,Kidney.monocyte-derived dendritic cell,1,3986,0.03
5ee240959c96b49d960702755478b9fc,CL:1000850,Kidney.macula densa epithelial cell,1,3986,0.03
5a5ca03fa623602d9a859224aa40ace4,CL:1001109,Kidney.kidney loop of Henle cortical thick ascending limb epithelial cell,1318,3249,40.57
5a5ca03fa623602d9a859224aa40ace4,CL:1000718,Kidney.kidney inner medulla collecting duct principal cell,334,3249,10.28
5a5ca03fa623602d9a859224aa40ace4,CL:4030011,Kidney.epithelial cell of proximal tubule segment 3,299,3249,9.2
5a5ca03fa623602d9a859224aa40ace4,CL:4030009,Kidney.epithelial cell of proximal tubule segment 1,254,3249,7.82
5a5ca03fa623602d9a859224aa40ace4,CL:1000714,Kidney.kidney cortex collecting duct principal cell,189,3249,5.82
5a5ca03fa623602d9a859224aa40ace4,CL:4030012,Kidney.kidney loop of Henle short descending thin limb epithelial cell,122,3249,3.76
5a5ca03fa623602d9a859224aa40ace4,CL:4030013,Kidney.kidney loop of Henle long descending thin limb outer medulla epithelial cell,114,3249,3.51
5a5ca03fa623602d9a859224aa40ace4,CL:4030016,Kidney.epithelial cell of early distal convoluted tubule,83,3249,2.55
5a5ca03fa623602d9a859224aa40ace4,CL:1000768,Kidney.kidney connecting tubule epithelial cell,63,3249,1.94
5a5ca03fa623602d9a859224aa40ace4,CL:1001033,Kidney.peritubular capillary endothelial cell,59,3249,1.82
5a5ca03fa623602d9a859224aa40ace4,CL:1001108,Kidney.kidney loop of Henle medullary thick ascending limb epithelial cell,50,3249,1.54
5a5ca03fa623602d9a859224aa40ace4,CL:1000716,Kidney.kidney outer medulla collecting duct principal cell,43,3249,1.32
5a5ca03fa623602d9a859224aa40ace4,CL:1001285,Kidney.vasa recta descending limb cell,39,3249,1.2
5a5ca03fa623602d9a859224aa40ace4,CL:0000653,Kidney.podocyte,39,3249,1.2
5a5ca03fa623602d9a859224aa40ace4,CL:1001005,Kidney.glomerular capillary endothelial cell,38,3249,1.17
5a5ca03fa623602d9a859224aa40ace4,CL:0002201,Kidney.renal beta-intercalated cell,31,3249,0.95
5a5ca03fa623602d9a859224aa40ace4,CL:1001107,Kidney.kidney loop of Henle thin ascending limb epithelial cell,31,3249,0.95
5a5ca03fa623602d9a859224aa40ace4,CL:0000057,Kidney.kidney interstitial fibroblast,30,3249,0.92
5a5ca03fa623602d9a859224aa40ace4,CL:1001318,Kidney.renal interstitial pericyte,22,3249,0.68
5a5ca03fa623602d9a859224aa40ace4,CL:1000412,Kidney.endothelial cell of arteriole,16,3249,0.49
5a5ca03fa623602d9a859224aa40ace4,CL:1000717,Kidney.kidney outer medulla collecting duct intercalated cell,14,3249,0.43
5a5ca03fa623602d9a859224aa40ace4,CL:1001131,Kidney.vasa recta ascending limb cell,12,3249,0.37
5a5ca03fa623602d9a859224aa40ace4,CL:1000850,Kidney.macula densa epithelial cell,11,3249,0.34
5a5ca03fa623602d9a859224aa40ace4,CL:4030022,Kidney.renal medullary fibroblast,10,3249,0.31
5a5ca03fa623602d9a859224aa40ace4,CL:4030014,Kidney.kidney loop of Henle long descending thin limb inner medulla epithelial cell,8,3249,0.25
5a5ca03fa623602d9a859224aa40ace4,CL:1000452,Kidney.parietal epithelial cell,7,3249,0.22
5a5ca03fa623602d9a859224aa40ace4,CL:0000650,Kidney.mesangial cell,3,3249,0.09
5a5ca03fa623602d9a859224aa40ace4,CL:1000715,Kidney.kidney cortex collecting duct intercalated cell,2,3249,0.06
5a5ca03fa623602d9a859224aa40ace4,CL:4030010,Kidney.epithelial cell of proximal tubule segment 2,2,3249,0.06
5a5ca03fa623602d9a859224aa40ace4,CL:4030018,Kidney.kidney connecting tubule principal cell,2,3249,0.06
5a5ca03fa623602d9a859224aa40ace4,CL:0000236,Kidney.B cell,1,3249,0.03
5a5ca03fa623602d9a859224aa40ace4,CL:4030020,Kidney.kidney connecting tubule alpha-intercalated cell,1,3249,0.03
5a5ca03fa623602d9a859224aa40ace4,CL:4030017,Kidney.epithelial cell of late distal convoluted tubule,1,3249,0.03
5a5ca03fa623602d9a859224aa40ace4,CL:0011031,Kidney.monocyte-derived dendritic cell,1,3249,0.03
b95f34761c252ebbd1e482cd9afae73f,CL:1000597,Kidney.papillary tips cell,3695,11979,30.85
b95f34761c252ebbd1e482cd9afae73f,CL:1000718,Kidney.kidney inner medulla collecting duct principal cell,2555,11979,21.33
b95f34761c252ebbd1e482cd9afae73f,CL:4030022,Kidney.renal medullary fibroblast,1142,11979,9.53
b95f34761c252ebbd1e482cd9afae73f,CL:1001318,Kidney.renal interstitial pericyte,1056,11979,8.82
b95f34761c252ebbd1e482cd9afae73f,CL:1000714,Kidney.kidney cortex collecting duct principal cell,921,11979,7.69
b95f34761c252ebbd1e482cd9afae73f,CL:0000057,Kidney.kidney interstitial fibroblast,788,11979,6.58
b95f34761c252ebbd1e482cd9afae73f,CL:1000768,Kidney.kidney connecting tubule epithelial cell,542,11979,4.52
b95f34761c252ebbd1e482cd9afae73f,CL:1001033,Kidney.peritubular capillary endothelial cell,224,11979,1.87
b95f34761c252ebbd1e482cd9afae73f,CL:4030012,Kidney.kidney loop of Henle short descending thin limb epithelial cell,178,11979,1.49
b95f34761c252ebbd1e482cd9afae73f,CL:0000650,Kidney.mesangial cell,162,11979,1.35
b95f34761c252ebbd1e482cd9afae73f,CL:1000698,Kidney.kidney resident macrophage,150,11979,1.25
b95f34761c252ebbd1e482cd9afae73f,CL:1000716,Kidney.kidney outer medulla collecting duct principal cell,116,11979,0.97
b95f34761c252ebbd1e482cd9afae73f,CL:1001005,Kidney.glomerular capillary endothelial cell,109,11979,0.91
b95f34761c252ebbd1e482cd9afae73f,CL:1000715,Kidney.kidney cortex collecting duct intercalated cell,105,11979,0.88
b95f34761c252ebbd1e482cd9afae73f,CL:1001285,Kidney.vasa recta descending limb cell,95,11979,0.79
b95f34761c252ebbd1e482cd9afae73f,CL:1000412,Kidney.endothelial cell of arteriole,25,11979,0.21
b95f34761c252ebbd1e482cd9afae73f,CL:1000452,Kidney.parietal epithelial cell,18,11979,0.15
b95f34761c252ebbd1e482cd9afae73f,CL:0002138,Kidney.endothelial cell of lymphatic vessel,13,11979,0.11
b95f34761c252ebbd1e482cd9afae73f,CL:4030009,Kidney.epithelial cell of proximal tubule segment 1,12,11979,0.1
b95f34761c252ebbd1e482cd9afae73f,CL:1001131,Kidney.vasa recta ascending limb cell,11,11979,0.09
b95f34761c252ebbd1e482cd9afae73f,CL:1001107,Kidney.kidney loop of Henle thin ascending limb epithelial cell,10,11979,0.08
b95f34761c252ebbd1e482cd9afae73f,CL:0011031,Kidney.monocyte-derived dendritic cell,8,11979,0.07
b95f34761c252ebbd1e482cd9afae73f,CL:0000084,Kidney.T cell,7,11979,0.06
b95f34761c252ebbd1e482cd9afae73f,CL:0000775,Kidney.neutrophil,6,11979,0.05
b95f34761c252ebbd1e482cd9afae73f,CL:0000653,Kidney.podocyte,5,11979,0.04
b95f34761c252ebbd1e482cd9afae73f,CL:1000850,Kidney.macula densa epithelial cell,4,11979,0.03
b95f34761c252ebbd1e482cd9afae73f,CL:0000875,Kidney.non-classical monocyte,3,11979,0.03
b95f34761c252ebbd1e482cd9afae73f,CL:0002201,Kidney.renal beta-intercalated cell,3,11979,0.03
b95f34761c252ebbd1e482cd9afae73f,CL:0002573,Kidney.Schwann cell,3,11979,0.03
b95f34761c252ebbd1e482cd9afae73f,CL:4030018,Kidney.kidney connecting tubule principal cell,3,11979,0.03
b95f34761c252ebbd1e482cd9afae73f,CL:0000814,Kidney.mature NK T cell,2,11979,0.02
b95f34761c252ebbd1e482cd9afae73f,CL:0000648,Kidney.kidney granular cell,2,11979,0.02
b95f34761c252ebbd1e482cd9afae73f,CL:0000990,Kidney.conventional dendritic cell,1,11979,0.01
b95f34761c252ebbd1e482cd9afae73f,CL:0000236,Kidney.B cell,1,11979,0.01
b95f34761c252ebbd1e482cd9afae73f,CL:4030014,Kidney.kidney loop of Henle long descending thin limb inner medulla epithelial cell,1,11979,0.01
b95f34761c252ebbd1e482cd9afae73f,CL:1001109,Kidney.kidney loop of Henle cortical thick ascending limb epithelial cell,1,11979,0.01
b95f34761c252ebbd1e482cd9afae73f,CL:4030013,Kidney.kidney loop of Henle long descending thin limb outer medulla epithelial cell,1,11979,0.01
b95f34761c252ebbd1e482cd9afae73f,CL:0000097,Kidney.mast cell,1,11979,0.01
898138b7f45a67c574e9955fb400e9be,CL:4030009,Kidney.epithelial cell of proximal tubule segment 1,576,2545,22.63
898138b7f45a67c574e9955fb400e9be,CL:4030011,Kidney.epithelial cell of proximal tubule segment 3,470,2545,18.47
898138b7f45a67c574e9955fb400e9be,CL:1001109,Kidney.kidney loop of Henle cortical thick ascending limb epithelial cell,264,2545,10.37
898138b7f45a67c574e9955fb400e9be,CL:4030016,Kidney.epithelial cell of early distal convoluted tubule,223,2545,8.76
898138b7f45a67c574e9955fb400e9be,CL:1000768,Kidney.kidney connecting tubule epithelial cell,127,2545,4.99
898138b7f45a67c574e9955fb400e9be,CL:1000718,Kidney.kidney inner medulla collecting duct principal cell,112,2545,4.4
898138b7f45a67c574e9955fb400e9be,CL:1001107,Kidney.kidney loop of Henle thin ascending limb epithelial cell,100,2545,3.93
898138b7f45a67c574e9955fb400e9be,CL:4030013,Kidney.kidney loop of Henle long descending thin limb outer medulla epithelial cell,79,2545,3.1
898138b7f45a67c574e9955fb400e9be,CL:1001033,Kidney.peritubular capillary endothelial cell,75,2545,2.95
898138b7f45a67c574e9955fb400e9be,CL:1000714,Kidney.kidney cortex collecting duct principal cell,75,2545,2.95
898138b7f45a67c574e9955fb400e9be,CL:4030012,Kidney.kidney loop of Henle short descending thin limb epithelial cell,64,2545,2.51
898138b7f45a67c574e9955fb400e9be,CL:1000715,Kidney.kidney cortex collecting duct intercalated cell,58,2545,2.28
898138b7f45a67c574e9955fb400e9be,CL:0000057,Kidney.kidney interstitial fibroblast,48,2545,1.89
898138b7f45a67c574e9955fb400e9be,CL:0000653,Kidney.podocyte,44,2545,1.73
898138b7f45a67c574e9955fb400e9be,CL:1000850,Kidney.macula densa epithelial cell,36,2545,1.41
898138b7f45a67c574e9955fb400e9be,CL:1001005,Kidney.glomerular capillary endothelial cell,30,2545,1.18
898138b7f45a67c574e9955fb400e9be,CL:1000717,Kidney.kidney outer medulla collecting duct intercalated cell,24,2545,0.94
898138b7f45a67c574e9955fb400e9be,CL:0002201,Kidney.renal beta-intercalated cell,20,2545,0.79
898138b7f45a67c574e9955fb400e9be,CL:1001108,Kidney.kidney loop of Henle medullary thick ascending limb epithelial cell,20,2545,0.79
898138b7f45a67c574e9955fb400e9be,CL:1000716,Kidney.kidney outer medulla collecting duct principal cell,14,2545,0.55
898138b7f45a67c574e9955fb400e9be,CL:4030017,Kidney.epithelial cell of late distal convoluted tubule,12,2545,0.47
898138b7f45a67c574e9955fb400e9be,CL:1001318,Kidney.renal interstitial pericyte,12,2545,0.47
898138b7f45a67c574e9955fb400e9be,CL:4030014,Kidney.kidney loop of Henle long descending thin limb inner medulla epithelial cell,11,2545,0.43
898138b7f45a67c574e9955fb400e9be,CL:1000452,Kidney.parietal epithelial cell,10,2545,0.39
898138b7f45a67c574e9955fb400e9be,CL:1001131,Kidney.vasa recta ascending limb cell,8,2545,0.31
898138b7f45a67c574e9955fb400e9be,CL:1000698,Kidney.kidney resident macrophage,7,2545,0.28
898138b7f45a67c574e9955fb400e9be,CL:0000650,Kidney.mesangial cell,6,2545,0.24
898138b7f45a67c574e9955fb400e9be,CL:1000412,Kidney.endothelial cell of arteriole,5,2545,0.2
898138b7f45a67c574e9955fb400e9be,CL:1001285,Kidney.vasa recta descending limb cell,5,2545,0.2
898138b7f45a67c574e9955fb400e9be,CL:4030010,Kidney.epithelial cell of proximal tubule segment 2,5,2545,0.2
898138b7f45a67c574e9955fb400e9be,CL:0000084,Kidney.T cell,2,2545,0.08
898138b7f45a67c574e9955fb400e9be,CL:0011031,Kidney.monocyte-derived dendritic cell,1,2545,0.04
898138b7f45a67c574e9955fb400e9be,CL:0000875,Kidney.non-classical monocyte,1,2545,0.04
898138b7f45a67c574e9955fb400e9be,CL:4030022,Kidney.renal medullary fibroblast,1,2545,0.04
8cdb42ed1194255c74c8462b99bbd7ef,CL:1001109,Kidney.kidney loop of Henle cortical thick ascending limb epithelial cell,867,2010,43.13
8cdb42ed1194255c74c8462b99bbd7ef,CL:1000718,Kidney.kidney inner medulla collecting duct principal cell,172,2010,8.56
8cdb42ed1194255c74c8462b99bbd7ef,CL:4030012,Kidney.kidney loop of Henle short descending thin limb epithelial cell,151,2010,7.51
8cdb42ed1194255c74c8462b99bbd7ef,CL:1001033,Kidney.peritubular capillary endothelial cell,115,2010,5.72
8cdb42ed1194255c74c8462b99bbd7ef,CL:1000714,Kidney.kidney cortex collecting duct principal cell,81,2010,4.03
8cdb42ed1194255c74c8462b99bbd7ef,CL:1001107,Kidney.kidney loop of Henle thin ascending limb epithelial cell,74,2010,3.68
8cdb42ed1194255c74c8462b99bbd7ef,CL:1000768,Kidney.kidney connecting tubule epithelial cell,70,2010,3.48
8cdb42ed1194255c74c8462b99bbd7ef,CL:4030016,Kidney.epithelial cell of early distal convoluted tubule,68,2010,3.38
8cdb42ed1194255c74c8462b99bbd7ef,CL:1000717,Kidney.kidney outer medulla collecting duct intercalated cell,54,2010,2.69
8cdb42ed1194255c74c8462b99bbd7ef,CL:4030013,Kidney.kidney loop of Henle long descending thin limb outer medulla epithelial cell,42,2010,2.09
8cdb42ed1194255c74c8462b99bbd7ef,CL:1001108,Kidney.kidney loop of Henle medullary thick ascending limb epithelial cell,42,2010,2.09
8cdb42ed1194255c74c8462b99bbd7ef,CL:1001285,Kidney.vasa recta descending limb cell,40,2010,1.99
8cdb42ed1194255c74c8462b99bbd7ef,CL:0000057,Kidney.kidney interstitial fibroblast,40,2010,1.99
8cdb42ed1194255c74c8462b99bbd7ef,CL:4030022,Kidney.renal medullary fibroblast,31,2010,1.54
8cdb42ed1194255c74c8462b99bbd7ef,CL:1001318,Kidney.renal interstitial pericyte,27,2010,1.34
8cdb42ed1194255c74c8462b99bbd7ef,CL:1001131,Kidney.vasa recta ascending limb cell,25,2010,1.24
8cdb42ed1194255c74c8462b99bbd7ef,CL:1000715,Kidney.kidney cortex collecting duct intercalated cell,23,2010,1.14
8cdb42ed1194255c74c8462b99bbd7ef,CL:4030011,Kidney.epithelial cell of proximal tubule segment 3,17,2010,0.85
8cdb42ed1194255c74c8462b99bbd7ef,CL:0000650,Kidney.mesangial cell,16,2010,0.8
8cdb42ed1194255c74c8462b99bbd7ef,CL:1000716,Kidney.kidney outer medulla collecting duct principal cell,10,2010,0.5
8cdb42ed1194255c74c8462b99bbd7ef,CL:1000412,Kidney.endothelial cell of arteriole,8,2010,0.4
8cdb42ed1194255c74c8462b99bbd7ef,CL:1001005,Kidney.glomerular capillary endothelial cell,8,2010,0.4
8cdb42ed1194255c74c8462b99bbd7ef,CL:4030014,Kidney.kidney loop of Henle long descending thin limb inner medulla epithelial cell,8,2010,0.4
8cdb42ed1194255c74c8462b99bbd7ef,CL:0002201,Kidney.renal beta-intercalated cell,5,2010,0.25
8cdb42ed1194255c74c8462b99bbd7ef,CL:1000452,Kidney.parietal epithelial cell,4,2010,0.2
8cdb42ed1194255c74c8462b99bbd7ef,CL:1000850,Kidney.macula densa epithelial cell,3,2010,0.15
8cdb42ed1194255c74c8462b99bbd7ef,CL:0000084,Kidney.T cell,2,2010,0.1
8cdb42ed1194255c74c8462b99bbd7ef,CL:1000698,Kidney.kidney resident macrophage,2,2010,0.1
8cdb42ed1194255c74c8462b99bbd7ef,CL:4030018,Kidney.kidney connecting tubule principal cell,2,2010,0.1
8cdb42ed1194255c74c8462b99bbd7ef,CL:0011031,Kidney.monocyte-derived dendritic cell,2,2010,0.1
8cdb42ed1194255c74c8462b99bbd7ef,CL:4030009,Kidney.epithelial cell of proximal tubule segment 1,1,2010,0.05
e5f7a14d93659bd0b8dc2819ffa9bc4b,CL:1000597,Kidney.papillary tips cell,8664,15990,54.18
e5f7a14d93659bd0b8dc2819ffa9bc4b,CL:4030022,Kidney.renal medullary fibroblast,1757,15990,10.99
e5f7a14d93659bd0b8dc2819ffa9bc4b,CL:0000057,Kidney.kidney interstitial fibroblast,1395,15990,8.72
e5f7a14d93659bd0b8dc2819ffa9bc4b,CL:1000698,Kidney.kidney resident macrophage,1030,15990,6.44
e5f7a14d93659bd0b8dc2819ffa9bc4b,CL:1000768,Kidney.kidney connecting tubule epithelial cell,976,15990,6.1
e5f7a14d93659bd0b8dc2819ffa9bc4b,CL:1001318,Kidney.renal interstitial pericyte,591,15990,3.7
e5f7a14d93659bd0b8dc2819ffa9bc4b,CL:1000718,Kidney.kidney inner medulla collecting duct principal cell,451,15990,2.82
e5f7a14d93659bd0b8dc2819ffa9bc4b,CL:1001033,Kidney.peritubular capillary endothelial cell,276,15990,1.73
e5f7a14d93659bd0b8dc2819ffa9bc4b,CL:1000714,Kidney.kidney cortex collecting duct principal cell,198,15990,1.24
e5f7a14d93659bd0b8dc2819ffa9bc4b,CL:1000412,Kidney.endothelial cell of arteriole,103,15990,0.64
e5f7a14d93659bd0b8dc2819ffa9bc4b,CL:1000715,Kidney.kidney cortex collecting duct intercalated cell,97,15990,0.61
e5f7a14d93659bd0b8dc2819ffa9bc4b,CL:0000875,Kidney.non-classical monocyte,82,15990,0.51
e5f7a14d93659bd0b8dc2819ffa9bc4b,CL:4030012,Kidney.kidney loop of Henle short descending thin limb epithelial cell,58,15990,0.36
e5f7a14d93659bd0b8dc2819ffa9bc4b,CL:1001285,Kidney.vasa recta descending limb cell,58,15990,0.36
e5f7a14d93659bd0b8dc2819ffa9bc4b,CL:0000650,Kidney.mesangial cell,53,15990,0.33
e5f7a14d93659bd0b8dc2819ffa9bc4b,CL:1000452,Kidney.parietal epithelial cell,43,15990,0.27
e5f7a14d93659bd0b8dc2819ffa9bc4b,CL:0011031,Kidney.monocyte-derived dendritic cell,43,15990,0.27
e5f7a14d93659bd0b8dc2819ffa9bc4b,CL:0002138,Kidney.endothelial cell of lymphatic vessel,38,15990,0.24
e5f7a14d93659bd0b8dc2819ffa9bc4b,CL:4030013,Kidney.kidney loop of Henle long descending thin limb outer medulla epithelial cell,27,15990,0.17
e5f7a14d93659bd0b8dc2819ffa9bc4b,CL:0000775,Kidney.neutrophil,17,15990,0.11
e5f7a14d93659bd0b8dc2819ffa9bc4b,CL:0000084,Kidney.T cell,7,15990,0.04
e5f7a14d93659bd0b8dc2819ffa9bc4b,CL:0000653,Kidney.podocyte,6,15990,0.04
e5f7a14d93659bd0b8dc2819ffa9bc4b,CL:1001131,Kidney.vasa recta ascending limb cell,5,15990,0.03
e5f7a14d93659bd0b8dc2819ffa9bc4b,CL:1000716,Kidney.kidney outer medulla collecting duct principal cell,5,15990,0.03
e5f7a14d93659bd0b8dc2819ffa9bc4b,CL:1001005,Kidney.glomerular capillary endothelial cell,4,15990,0.03
e5f7a14d93659bd0b8dc2819ffa9bc4b,CL:0000236,Kidney.B cell,2,15990,0.01
e5f7a14d93659bd0b8dc2819ffa9bc4b,CL:4030018,Kidney.kidney connecting tubule principal cell,1,15990,0.01
e5f7a14d93659bd0b8dc2819ffa9bc4b,CL:0000990,Kidney.conventional dendritic cell,1,15990,0.01
e5f7a14d93659bd0b8dc2819ffa9bc4b,CL:1000850,Kidney.macula densa epithelial cell,1,15990,0.01
e5f7a14d93659bd0b8dc2819ffa9bc4b,CL:0000786,Kidney.plasma cell,1,15990,0.01
6e1db473492095ccc2f1393d7259b9c0,CL:1000597,Kidney.papillary tips cell,3276,5979,54.79
6e1db473492095ccc2f1393d7259b9c0,CL:1000718,Kidney.kidney inner medulla collecting duct principal cell,1150,5979,19.23
6e1db473492095ccc2f1393d7259b9c0,CL:4030022,Kidney.renal medullary fibroblast,467,5979,7.81
6e1db473492095ccc2f1393d7259b9c0,CL:1000714,Kidney.kidney cortex collecting duct principal cell,284,5979,4.75
6e1db473492095ccc2f1393d7259b9c0,CL:1001318,Kidney.renal interstitial pericyte,214,5979,3.58
6e1db473492095ccc2f1393d7259b9c0,CL:0000057,Kidney.kidney interstitial fibroblast,175,5979,2.93
6e1db473492095ccc2f1393d7259b9c0,CL:1000768,Kidney.kidney connecting tubule epithelial cell,153,5979,2.56
6e1db473492095ccc2f1393d7259b9c0,CL:1001033,Kidney.peritubular capillary endothelial cell,54,5979,0.9
6e1db473492095ccc2f1393d7259b9c0,CL:1000698,Kidney.kidney resident macrophage,40,5979,0.67
6e1db473492095ccc2f1393d7259b9c0,CL:1001285,Kidney.vasa recta descending limb cell,37,5979,0.62
6e1db473492095ccc2f1393d7259b9c0,CL:4030018,Kidney.kidney connecting tubule principal cell,28,5979,0.47
6e1db473492095ccc2f1393d7259b9c0,CL:1000412,Kidney.endothelial cell of arteriole,28,5979,0.47
6e1db473492095ccc2f1393d7259b9c0,CL:4030012,Kidney.kidney loop of Henle short descending thin limb epithelial cell,23,5979,0.38
6e1db473492095ccc2f1393d7259b9c0,CL:0002138,Kidney.endothelial cell of lymphatic vessel,13,5979,0.22
6e1db473492095ccc2f1393d7259b9c0,CL:0000650,Kidney.mesangial cell,8,5979,0.13
6e1db473492095ccc2f1393d7259b9c0,CL:1001131,Kidney.vasa recta ascending limb cell,7,5979,0.12
6e1db473492095ccc2f1393d7259b9c0,CL:0000814,Kidney.mature NK T cell,6,5979,0.1
6e1db473492095ccc2f1393d7259b9c0,CL:0000653,Kidney.podocyte,3,5979,0.05
6e1db473492095ccc2f1393d7259b9c0,CL:1000452,Kidney.parietal epithelial cell,3,5979,0.05
6e1db473492095ccc2f1393d7259b9c0,CL:0011031,Kidney.monocyte-derived dendritic cell,3,5979,0.05
6e1db473492095ccc2f1393d7259b9c0,CL:0000084,Kidney.T cell,2,5979,0.03
6e1db473492095ccc2f1393d7259b9c0,CL:0000786,Kidney.plasma cell,2,5979,0.03
6e1db473492095ccc2f1393d7259b9c0,CL:0000236,Kidney.B cell,1,5979,0.02
6e1db473492095ccc2f1393d7259b9c0,CL:1000715,Kidney.kidney cortex collecting duct intercalated cell,1,5979,0.02
6e1db473492095ccc2f1393d7259b9c0,CL:1000850,Kidney.macula densa epithelial cell,1,5979,0.02
62efbe0a6abd0bcf53ab9ab29e7cd73f,CL:1000597,Kidney.papillary tips cell,3415,6999,48.79
62efbe0a6abd0bcf53ab9ab29e7cd73f,CL:0000057,Kidney.kidney interstitial fibroblast,857,6999,12.24
62efbe0a6abd0bcf53ab9ab29e7cd73f,CL:1000718,Kidney.kidney inner medulla collecting duct principal cell,742,6999,10.6
62efbe0a6abd0bcf53ab9ab29e7cd73f,CL:1001318,Kidney.renal interstitial pericyte,630,6999,9.0
62efbe0a6abd0bcf53ab9ab29e7cd73f,CL:4030022,Kidney.renal medullary fibroblast,628,6999,8.97
62efbe0a6abd0bcf53ab9ab29e7cd73f,CL:1001033,Kidney.peritubular capillary endothelial cell,177,6999,2.53
62efbe0a6abd0bcf53ab9ab29e7cd73f,CL:0000650,Kidney.mesangial cell,99,6999,1.41
62efbe0a6abd0bcf53ab9ab29e7cd73f,CL:0011031,Kidney.monocyte-derived dendritic cell,97,6999,1.39
62efbe0a6abd0bcf53ab9ab29e7cd73f,CL:1000698,Kidney.kidney resident macrophage,59,6999,0.84
62efbe0a6abd0bcf53ab9ab29e7cd73f,CL:0002138,Kidney.endothelial cell of lymphatic vessel,57,6999,0.81
62efbe0a6abd0bcf53ab9ab29e7cd73f,CL:1001285,Kidney.vasa recta descending limb cell,53,6999,0.76
62efbe0a6abd0bcf53ab9ab29e7cd73f,CL:1000412,Kidney.endothelial cell of arteriole,51,6999,0.73
62efbe0a6abd0bcf53ab9ab29e7cd73f,CL:1000714,Kidney.kidney cortex collecting duct principal cell,44,6999,0.63
62efbe0a6abd0bcf53ab9ab29e7cd73f,CL:0000236,Kidney.B cell,37,6999,0.53
62efbe0a6abd0bcf53ab9ab29e7cd73f,CL:1000452,Kidney.parietal epithelial cell,14,6999,0.2
62efbe0a6abd0bcf53ab9ab29e7cd73f,CL:0000084,Kidney.T cell,14,6999,0.2
62efbe0a6abd0bcf53ab9ab29e7cd73f,CL:1000768,Kidney.kidney connecting tubule epithelial cell,10,6999,0.14
62efbe0a6abd0bcf53ab9ab29e7cd73f,CL:0000653,Kidney.podocyte,6,6999,0.09
62efbe0a6abd0bcf53ab9ab29e7cd73f,CL:0000875,Kidney.non-classical monocyte,3,6999,0.04
62efbe0a6abd0bcf53ab9ab29e7cd73f,CL:4030014,Kidney.kidney loop of Henle long descending thin limb inner medulla epithelial cell,1,6999,0.01
62efbe0a6abd0bcf53ab9ab29e7cd73f,CL:4030012,Kidney.kidney loop of Henle short descending thin limb epithelial cell,1,6999,0.01
62efbe0a6abd0bcf53ab9ab29e7cd73f,CL:0000775,Kidney.neutrophil,1,6999,0.01
62efbe0a6abd0bcf53ab9ab29e7cd73f,CL:0000814,Kidney.mature NK T cell,1,6999,0.01
62efbe0a6abd0bcf53ab9ab29e7cd73f,CL:0000786,Kidney.plasma cell,1,6999,0.01
62efbe0a6abd0bcf53ab9ab29e7cd73f,CL:1001131,Kidney.vasa recta ascending limb cell,1,6999,0.01
1dc16eb0270ff73291dd45b6a96aa3c0,CL:1001109,Kidney.kidney loop of Henle cortical thick ascending limb epithelial cell,1348,2981,45.22
1dc16eb0270ff73291dd45b6a96aa3c0,CL:4030012,Kidney.kidney loop of Henle short descending thin limb epithelial cell,279,2981,9.36
1dc16eb0270ff73291dd45b6a96aa3c0,CL:4030016,Kidney.epithelial cell of early distal convoluted tubule,218,2981,7.31
1dc16eb0270ff73291dd45b6a96aa3c0,CL:1001108,Kidney.kidney loop of Henle medullary thick ascending limb epithelial cell,210,2981,7.04
1dc16eb0270ff73291dd45b6a96aa3c0,CL:1000714,Kidney.kidney cortex collecting duct principal cell,176,2981,5.9
1dc16eb0270ff73291dd45b6a96aa3c0,CL:1001033,Kidney.peritubular capillary endothelial cell,176,2981,5.9
1dc16eb0270ff73291dd45b6a96aa3c0,CL:1001285,Kidney.vasa recta descending limb cell,116,2981,3.89
1dc16eb0270ff73291dd45b6a96aa3c0,CL:4030022,Kidney.renal medullary fibroblast,72,2981,2.42
1dc16eb0270ff73291dd45b6a96aa3c0,CL:1000717,Kidney.kidney outer medulla collecting duct intercalated cell,61,2981,2.05
1dc16eb0270ff73291dd45b6a96aa3c0,CL:1001107,Kidney.kidney loop of Henle thin ascending limb epithelial cell,57,2981,1.91
1dc16eb0270ff73291dd45b6a96aa3c0,CL:4030013,Kidney.kidney loop of Henle long descending thin limb outer medulla epithelial cell,37,2981,1.24
1dc16eb0270ff73291dd45b6a96aa3c0,CL:0000057,Kidney.kidney interstitial fibroblast,32,2981,1.07
1dc16eb0270ff73291dd45b6a96aa3c0,CL:1001131,Kidney.vasa recta ascending limb cell,30,2981,1.01
1dc16eb0270ff73291dd45b6a96aa3c0,CL:1000715,Kidney.kidney cortex collecting duct intercalated cell,30,2981,1.01
1dc16eb0270ff73291dd45b6a96aa3c0,CL:1001318,Kidney.renal interstitial pericyte,28,2981,0.94
1dc16eb0270ff73291dd45b6a96aa3c0,CL:1000850,Kidney.macula densa epithelial cell,25,2981,0.84
1dc16eb0270ff73291dd45b6a96aa3c0,CL:1000716,Kidney.kidney outer medulla collecting duct principal cell,21,2981,0.7
1dc16eb0270ff73291dd45b6a96aa3c0,CL:1000718,Kidney.kidney inner medulla collecting duct principal cell,15,2981,0.5
1dc16eb0270ff73291dd45b6a96aa3c0,CL:1001005,Kidney.glomerular capillary endothelial cell,11,2981,0.37
1dc16eb0270ff73291dd45b6a96aa3c0,CL:1000452,Kidney.parietal epithelial cell,7,2981,0.23
1dc16eb0270ff73291dd45b6a96aa3c0,CL:1000768,Kidney.kidney connecting tubule epithelial cell,5,2981,0.17
1dc16eb0270ff73291dd45b6a96aa3c0,CL:0002138,Kidney.endothelial cell of lymphatic vessel,4,2981,0.13
1dc16eb0270ff73291dd45b6a96aa3c0,CL:0000650,Kidney.mesangial cell,4,2981,0.13
1dc16eb0270ff73291dd45b6a96aa3c0,CL:1000698,Kidney.kidney resident macrophage,4,2981,0.13
1dc16eb0270ff73291dd45b6a96aa3c0,CL:1000412,Kidney.endothelial cell of arteriole,4,2981,0.13
1dc16eb0270ff73291dd45b6a96aa3c0,CL:4030011,Kidney.epithelial cell of proximal tubule segment 3,3,2981,0.1
1dc16eb0270ff73291dd45b6a96aa3c0,CL:4030014,Kidney.kidney loop of Henle long descending thin limb inner medulla epithelial cell,3,2981,0.1
1dc16eb0270ff73291dd45b6a96aa3c0,CL:0002201,Kidney.renal beta-intercalated cell,2,2981,0.07
1dc16eb0270ff73291dd45b6a96aa3c0,CL:0000875,Kidney.non-classical monocyte,2,2981,0.07
1dc16eb0270ff73291dd45b6a96aa3c0,CL:0002573,Kidney.Schwann cell,1,2981,0.03
8d631eee88855ac59155edca2a3bc1ca,CL:1001318,Kidney.renal interstitial pericyte,1200,3000,40.0
8d631eee88855ac59155edca2a3bc1ca,CL:1000718,Kidney.kidney inner medulla collecting duct principal cell,517,3000,17.23
8d631eee88855ac59155edca2a3bc1ca,CL:0000057,Kidney.kidney interstitial fibroblast,513,3000,17.1
8d631eee88855ac59155edca2a3bc1ca,CL:4030022,Kidney.renal medullary fibroblast,441,3000,14.7
8d631eee88855ac59155edca2a3bc1ca,CL:1000597,Kidney.papillary tips cell,158,3000,5.27
8d631eee88855ac59155edca2a3bc1ca,CL:1000698,Kidney.kidney resident macrophage,62,3000,2.07
8d631eee88855ac59155edca2a3bc1ca,CL:1001033,Kidney.peritubular capillary endothelial cell,51,3000,1.7
8d631eee88855ac59155edca2a3bc1ca,CL:1001285,Kidney.vasa recta descending limb cell,17,3000,0.57
8d631eee88855ac59155edca2a3bc1ca,CL:1000412,Kidney.endothelial cell of arteriole,16,3000,0.53
8d631eee88855ac59155edca2a3bc1ca,CL:1000452,Kidney.parietal epithelial cell,11,3000,0.37
8d631eee88855ac59155edca2a3bc1ca,CL:0000084,Kidney.T cell,7,3000,0.23
8d631eee88855ac59155edca2a3bc1ca,CL:1001005,Kidney.glomerular capillary endothelial cell,2,3000,0.07
8d631eee88855ac59155edca2a3bc1ca,CL:0002138,Kidney.endothelial cell of lymphatic vessel,2,3000,0.07
8d631eee88855ac59155edca2a3bc1ca,CL:0002573,Kidney.Schwann cell,1,3000,0.03
8d631eee88855ac59155edca2a3bc1ca,CL:4030012,Kidney.kidney loop of Henle short descending thin limb epithelial cell,1,3000,0.03
8d631eee88855ac59155edca2a3bc1ca,CL:0000653,Kidney.podocyte,1,3000,0.03
f220c9e7bcaea3a87162cbe61287ea4d,CL:1000597,Kidney.papillary tips cell,8202,15994,51.28
f220c9e7bcaea3a87162cbe61287ea4d,CL:4030022,Kidney.renal medullary fibroblast,1509,15994,9.43
f220c9e7bcaea3a87162cbe61287ea4d,CL:0000057,Kidney.kidney interstitial fibroblast,959,15994,6.0
f220c9e7bcaea3a87162cbe61287ea4d,CL:1000768,Kidney.kidney connecting tubule epithelial cell,910,15994,5.69
f220c9e7bcaea3a87162cbe61287ea4d,CL:1000698,Kidney.kidney resident macrophage,880,15994,5.5
f220c9e7bcaea3a87162cbe61287ea4d,CL:1000714,Kidney.kidney cortex collecting duct principal cell,819,15994,5.12
f220c9e7bcaea3a87162cbe61287ea4d,CL:1000715,Kidney.kidney cortex collecting duct intercalated cell,591,15994,3.7
f220c9e7bcaea3a87162cbe61287ea4d,CL:1001318,Kidney.renal interstitial pericyte,537,15994,3.36
f220c9e7bcaea3a87162cbe61287ea4d,CL:1000718,Kidney.kidney inner medulla collecting duct principal cell,329,15994,2.06
f220c9e7bcaea3a87162cbe61287ea4d,CL:1001033,Kidney.peritubular capillary endothelial cell,296,15994,1.85
f220c9e7bcaea3a87162cbe61287ea4d,CL:0000875,Kidney.non-classical monocyte,259,15994,1.62
f220c9e7bcaea3a87162cbe61287ea4d,CL:0000653,Kidney.podocyte,153,15994,0.96
f220c9e7bcaea3a87162cbe61287ea4d,CL:1001285,Kidney.vasa recta descending limb cell,115,15994,0.72
f220c9e7bcaea3a87162cbe61287ea4d,CL:0000650,Kidney.mesangial cell,109,15994,0.68
f220c9e7bcaea3a87162cbe61287ea4d,CL:1000412,Kidney.endothelial cell of arteriole,98,15994,0.61
f220c9e7bcaea3a87162cbe61287ea4d,CL:4030012,Kidney.kidney loop of Henle short descending thin limb epithelial cell,49,15994,0.31
f220c9e7bcaea3a87162cbe61287ea4d,CL:0000775,Kidney.neutrophil,48,15994,0.3
f220c9e7bcaea3a87162cbe61287ea4d,CL:0011031,Kidney.monocyte-derived dendritic cell,35,15994,0.22
f220c9e7bcaea3a87162cbe61287ea4d,CL:0002138,Kidney.endothelial cell of lymphatic vessel,35,15994,0.22
f220c9e7bcaea3a87162cbe61287ea4d,CL:1000452,Kidney.parietal epithelial cell,28,15994,0.18
f220c9e7bcaea3a87162cbe61287ea4d,CL:0000084,Kidney.T cell,8,15994,0.05
f220c9e7bcaea3a87162cbe61287ea4d,CL:1000716,Kidney.kidney outer medulla collecting duct principal cell,6,15994,0.04
f220c9e7bcaea3a87162cbe61287ea4d,CL:1001131,Kidney.vasa recta ascending limb cell,6,15994,0.04
f220c9e7bcaea3a87162cbe61287ea4d,CL:1001005,Kidney.glomerular capillary endothelial cell,5,15994,0.03
f220c9e7bcaea3a87162cbe61287ea4d,CL:4030014,Kidney.kidney loop of Henle long descending thin limb inner medulla epithelial cell,3,15994,0.02
f220c9e7bcaea3a87162cbe61287ea4d,CL:0000236,Kidney.B cell,1,15994,0.01
f220c9e7bcaea3a87162cbe61287ea4d,CL:1001108,Kidney.kidney loop of Henle medullary thick ascending limb epithelial cell,1,15994,0.01
f220c9e7bcaea3a87162cbe61287ea4d,CL:0002201,Kidney.renal beta-intercalated cell,1,15994,0.01
f220c9e7bcaea3a87162cbe61287ea4d,CL:0000786,Kidney.plasma cell,1,15994,0.01
f220c9e7bcaea3a87162cbe61287ea4d,CL:0000784,"Kidney.plasmacytoid dendritic cell, human",1,15994,0.01
3c1b10bc912c60c9afc36b7423695236,CL:4030012,Kidney.kidney loop of Henle short descending thin limb epithelial cell,233,1485,15.69
3c1b10bc912c60c9afc36b7423695236,CL:1000714,Kidney.kidney cortex collecting duct principal cell,186,1485,12.53
3c1b10bc912c60c9afc36b7423695236,CL:1001108,Kidney.kidney loop of Henle medullary thick ascending limb epithelial cell,164,1485,11.04
3c1b10bc912c60c9afc36b7423695236,CL:1001107,Kidney.kidney loop of Henle thin ascending limb epithelial cell,142,1485,9.56
3c1b10bc912c60c9afc36b7423695236,CL:1000716,Kidney.kidney outer medulla collecting duct principal cell,117,1485,7.88
3c1b10bc912c60c9afc36b7423695236,CL:1000718,Kidney.kidney inner medulla collecting duct principal cell,106,1485,7.14
3c1b10bc912c60c9afc36b7423695236,CL:4030022,Kidney.renal medullary fibroblast,104,1485,7.0
3c1b10bc912c60c9afc36b7423695236,CL:1000768,Kidney.kidney connecting tubule epithelial cell,79,1485,5.32
3c1b10bc912c60c9afc36b7423695236,CL:1000717,Kidney.kidney outer medulla collecting duct intercalated cell,75,1485,5.05
3c1b10bc912c60c9afc36b7423695236,CL:4030014,Kidney.kidney loop of Henle long descending thin limb inner medulla epithelial cell,57,1485,3.84
3c1b10bc912c60c9afc36b7423695236,CL:1001131,Kidney.vasa recta ascending limb cell,50,1485,3.37
3c1b10bc912c60c9afc36b7423695236,CL:1001285,Kidney.vasa recta descending limb cell,46,1485,3.1
3c1b10bc912c60c9afc36b7423695236,CL:1001109,Kidney.kidney loop of Henle cortical thick ascending limb epithelial cell,38,1485,2.56
3c1b10bc912c60c9afc36b7423695236,CL:4030013,Kidney.kidney loop of Henle long descending thin limb outer medulla epithelial cell,34,1485,2.29
3c1b10bc912c60c9afc36b7423695236,CL:1000698,Kidney.kidney resident macrophage,15,1485,1.01
3c1b10bc912c60c9afc36b7423695236,CL:1001318,Kidney.renal interstitial pericyte,12,1485,0.81
3c1b10bc912c60c9afc36b7423695236,CL:1000850,Kidney.macula densa epithelial cell,7,1485,0.47
3c1b10bc912c60c9afc36b7423695236,CL:1000597,Kidney.papillary tips cell,7,1485,0.47
3c1b10bc912c60c9afc36b7423695236,CL:0000057,Kidney.kidney interstitial fibroblast,4,1485,0.27
3c1b10bc912c60c9afc36b7423695236,CL:1001033,Kidney.peritubular capillary endothelial cell,3,1485,0.2
3c1b10bc912c60c9afc36b7423695236,CL:1000452,Kidney.parietal epithelial cell,2,1485,0.13
3c1b10bc912c60c9afc36b7423695236,CL:0011031,Kidney.monocyte-derived dendritic cell,2,1485,0.13
3c1b10bc912c60c9afc36b7423695236,CL:0000814,Kidney.mature NK T cell,1,1485,0.07
3c1b10bc912c60c9afc36b7423695236,CL:0000875,Kidney.non-classical monocyte,1,1485,0.07
fae9a1f2e7abefca2203765a3c7a5ba1,CL:1000718,Kidney.kidney inner medulla collecting duct principal cell,4494,10988,40.9
fae9a1f2e7abefca2203765a3c7a5ba1,CL:1000768,Kidney.kidney connecting tubule epithelial cell,1304,10988,11.87
fae9a1f2e7abefca2203765a3c7a5ba1,CL:4030022,Kidney.renal medullary fibroblast,1169,10988,10.64
fae9a1f2e7abefca2203765a3c7a5ba1,CL:4030012,Kidney.kidney loop of Henle short descending thin limb epithelial cell,994,10988,9.05
fae9a1f2e7abefca2203765a3c7a5ba1,CL:1001131,Kidney.vasa recta ascending limb cell,686,10988,6.24
fae9a1f2e7abefca2203765a3c7a5ba1,CL:1000597,Kidney.papillary tips cell,668,10988,6.08
fae9a1f2e7abefca2203765a3c7a5ba1,CL:1000714,Kidney.kidney cortex collecting duct principal cell,489,10988,4.45
fae9a1f2e7abefca2203765a3c7a5ba1,CL:4030014,Kidney.kidney loop of Henle long descending thin limb inner medulla epithelial cell,380,10988,3.46
fae9a1f2e7abefca2203765a3c7a5ba1,CL:1001107,Kidney.kidney loop of Henle thin ascending limb epithelial cell,353,10988,3.21
fae9a1f2e7abefca2203765a3c7a5ba1,CL:1001285,Kidney.vasa recta descending limb cell,352,10988,3.2
fae9a1f2e7abefca2203765a3c7a5ba1,CL:1001318,Kidney.renal interstitial pericyte,43,10988,0.39
fae9a1f2e7abefca2203765a3c7a5ba1,CL:1000698,Kidney.kidney resident macrophage,38,10988,0.35
fae9a1f2e7abefca2203765a3c7a5ba1,CL:0000084,Kidney.T cell,4,10988,0.04
fae9a1f2e7abefca2203765a3c7a5ba1,CL:4030013,Kidney.kidney loop of Henle long descending thin limb outer medulla epithelial cell,3,10988,0.03
fae9a1f2e7abefca2203765a3c7a5ba1,CL:0000113,Kidney.mononuclear phagocyte,2,10988,0.02
fae9a1f2e7abefca2203765a3c7a5ba1,CL:1000850,Kidney.macula densa epithelial cell,2,10988,0.02
fae9a1f2e7abefca2203765a3c7a5ba1,CL:0002138,Kidney.endothelial cell of lymphatic vessel,1,10988,0.01
fae9a1f2e7abefca2203765a3c7a5ba1,CL:0000236,Kidney.B cell,1,10988,0.01
fae9a1f2e7abefca2203765a3c7a5ba1,CL:1001108,Kidney.kidney loop of Henle medullary thick ascending limb epithelial cell,1,10988,0.01
fae9a1f2e7abefca2203765a3c7a5ba1,CL:0000814,Kidney.mature NK T cell,1,10988,0.01
fae9a1f2e7abefca2203765a3c7a5ba1,CL:1001033,Kidney.peritubular capillary endothelial cell,1,10988,0.01
fae9a1f2e7abefca2203765a3c7a5ba1,CL:0000875,Kidney.non-classical monocyte,1,10988,0.01
fae9a1f2e7abefca2203765a3c7a5ba1,CL:1000452,Kidney.parietal epithelial cell,1,10988,0.01
7c9e07c96d144536525b1f889acee14d,CL:4030009,Kidney.epithelial cell of proximal tubule segment 1,1540,4973,30.97
7c9e07c96d144536525b1f889acee14d,CL:4030011,Kidney.epithelial cell of proximal tubule segment 3,1179,4973,23.71
7c9e07c96d144536525b1f889acee14d,CL:1001109,Kidney.kidney loop of Henle cortical thick ascending limb epithelial cell,361,4973,7.26
7c9e07c96d144536525b1f889acee14d,CL:1000768,Kidney.kidney connecting tubule epithelial cell,248,4973,4.99
7c9e07c96d144536525b1f889acee14d,CL:4030016,Kidney.epithelial cell of early distal convoluted tubule,227,4973,4.56
7c9e07c96d144536525b1f889acee14d,CL:1000714,Kidney.kidney cortex collecting duct principal cell,145,4973,2.92
7c9e07c96d144536525b1f889acee14d,CL:4030013,Kidney.kidney loop of Henle long descending thin limb outer medulla epithelial cell,139,4973,2.8
7c9e07c96d144536525b1f889acee14d,CL:1001107,Kidney.kidney loop of Henle thin ascending limb epithelial cell,139,4973,2.8
7c9e07c96d144536525b1f889acee14d,CL:1001033,Kidney.peritubular capillary endothelial cell,139,4973,2.8
7c9e07c96d144536525b1f889acee14d,CL:1000718,Kidney.kidney inner medulla collecting duct principal cell,132,4973,2.65
7c9e07c96d144536525b1f889acee14d,CL:1000715,Kidney.kidney cortex collecting duct intercalated cell,99,4973,1.99
7c9e07c96d144536525b1f889acee14d,CL:0000057,Kidney.kidney interstitial fibroblast,77,4973,1.55
7c9e07c96d144536525b1f889acee14d,CL:1000850,Kidney.macula densa epithelial cell,72,4973,1.45
7c9e07c96d144536525b1f889acee14d,CL:0000653,Kidney.podocyte,69,4973,1.39
7c9e07c96d144536525b1f889acee14d,CL:1000452,Kidney.parietal epithelial cell,55,4973,1.11
7c9e07c96d144536525b1f889acee14d,CL:1001005,Kidney.glomerular capillary endothelial cell,42,4973,0.84
7c9e07c96d144536525b1f889acee14d,CL:4030014,Kidney.kidney loop of Henle long descending thin limb inner medulla epithelial cell,41,4973,0.82
7c9e07c96d144536525b1f889acee14d,CL:1001108,Kidney.kidney loop of Henle medullary thick ascending limb epithelial cell,39,4973,0.78
7c9e07c96d144536525b1f889acee14d,CL:4030012,Kidney.kidney loop of Henle short descending thin limb epithelial cell,38,4973,0.76
7c9e07c96d144536525b1f889acee14d,CL:0002201,Kidney.renal beta-intercalated cell,33,4973,0.66
7c9e07c96d144536525b1f889acee14d,CL:4030010,Kidney.epithelial cell of proximal tubule segment 2,24,4973,0.48
7c9e07c96d144536525b1f889acee14d,CL:1000698,Kidney.kidney resident macrophage,23,4973,0.46
7c9e07c96d144536525b1f889acee14d,CL:1001318,Kidney.renal interstitial pericyte,22,4973,0.44
7c9e07c96d144536525b1f889acee14d,CL:1000412,Kidney.endothelial cell of arteriole,17,4973,0.34
7c9e07c96d144536525b1f889acee14d,CL:0000650,Kidney.mesangial cell,17,4973,0.34
7c9e07c96d144536525b1f889acee14d,CL:4030022,Kidney.renal medullary fibroblast,15,4973,0.3
7c9e07c96d144536525b1f889acee14d,CL:1000716,Kidney.kidney outer medulla collecting duct principal cell,8,4973,0.16
7c9e07c96d144536525b1f889acee14d,CL:4030017,Kidney.epithelial cell of late distal convoluted tubule,7,4973,0.14
7c9e07c96d144536525b1f889acee14d,CL:0000814,Kidney.mature NK T cell,5,4973,0.1
7c9e07c96d144536525b1f889acee14d,CL:1000717,Kidney.kidney outer medulla collecting duct intercalated cell,4,4973,0.08
7c9e07c96d144536525b1f889acee14d,CL:1001285,Kidney.vasa recta descending limb cell,3,4973,0.06
7c9e07c96d144536525b1f889acee14d,CL:1001131,Kidney.vasa recta ascending limb cell,3,4973,0.06
7c9e07c96d144536525b1f889acee14d,CL:0000084,Kidney.T cell,2,4973,0.04
7c9e07c96d144536525b1f889acee14d,CL:0011031,Kidney.monocyte-derived dendritic cell,2,4973,0.04
7c9e07c96d144536525b1f889acee14d,CL:4030020,Kidney.kidney connecting tubule alpha-intercalated cell,2,4973,0.04
7c9e07c96d144536525b1f889acee14d,CL:0000875,Kidney.non-classical monocyte,2,4973,0.04
7c9e07c96d144536525b1f889acee14d,CL:4030018,Kidney.kidney connecting tubule principal cell,1,4973,0.02
7c9e07c96d144536525b1f889acee14d,CL:0000097,Kidney.mast cell,1,4973,0.02
7c9e07c96d144536525b1f889acee14d,CL:0000786,Kidney.plasma cell,1,4973,0.02
b05c21f9c94ce1a22a9694cd0fe0291e,CL:4030012,Kidney.kidney loop of Henle short descending thin limb epithelial cell,253,1450,17.45
b05c21f9c94ce1a22a9694cd0fe0291e,CL:1000714,Kidney.kidney cortex collecting duct principal cell,210,1450,14.48
b05c21f9c94ce1a22a9694cd0fe0291e,CL:1000768,Kidney.kidney connecting tubule epithelial cell,202,1450,13.93
b05c21f9c94ce1a22a9694cd0fe0291e,CL:1001107,Kidney.kidney loop of Henle thin ascending limb epithelial cell,130,1450,8.97
b05c21f9c94ce1a22a9694cd0fe0291e,CL:1001109,Kidney.kidney loop of Henle cortical thick ascending limb epithelial cell,102,1450,7.03
b05c21f9c94ce1a22a9694cd0fe0291e,CL:1001108,Kidney.kidney loop of Henle medullary thick ascending limb epithelial cell,83,1450,5.72
b05c21f9c94ce1a22a9694cd0fe0291e,CL:1000718,Kidney.kidney inner medulla collecting duct principal cell,80,1450,5.52
b05c21f9c94ce1a22a9694cd0fe0291e,CL:4030022,Kidney.renal medullary fibroblast,61,1450,4.21
b05c21f9c94ce1a22a9694cd0fe0291e,CL:1000717,Kidney.kidney outer medulla collecting duct intercalated cell,59,1450,4.07
b05c21f9c94ce1a22a9694cd0fe0291e,CL:1001131,Kidney.vasa recta ascending limb cell,44,1450,3.03
b05c21f9c94ce1a22a9694cd0fe0291e,CL:1001285,Kidney.vasa recta descending limb cell,27,1450,1.86
b05c21f9c94ce1a22a9694cd0fe0291e,CL:4030013,Kidney.kidney loop of Henle long descending thin limb outer medulla epithelial cell,26,1450,1.79
b05c21f9c94ce1a22a9694cd0fe0291e,CL:4030014,Kidney.kidney loop of Henle long descending thin limb inner medulla epithelial cell,26,1450,1.79
b05c21f9c94ce1a22a9694cd0fe0291e,CL:0000057,Kidney.kidney interstitial fibroblast,25,1450,1.72
b05c21f9c94ce1a22a9694cd0fe0291e,CL:4030016,Kidney.epithelial cell of early distal convoluted tubule,21,1450,1.45
b05c21f9c94ce1a22a9694cd0fe0291e,CL:1000715,Kidney.kidney cortex collecting duct intercalated cell,15,1450,1.03
b05c21f9c94ce1a22a9694cd0fe0291e,CL:1000716,Kidney.kidney outer medulla collecting duct principal cell,15,1450,1.03
b05c21f9c94ce1a22a9694cd0fe0291e,CL:1001318,Kidney.renal interstitial pericyte,14,1450,0.97
b05c21f9c94ce1a22a9694cd0fe0291e,CL:1000698,Kidney.kidney resident macrophage,11,1450,0.76
b05c21f9c94ce1a22a9694cd0fe0291e,CL:0011031,Kidney.monocyte-derived dendritic cell,7,1450,0.48
b05c21f9c94ce1a22a9694cd0fe0291e,CL:1000850,Kidney.macula densa epithelial cell,7,1450,0.48
b05c21f9c94ce1a22a9694cd0fe0291e,CL:1001005,Kidney.glomerular capillary endothelial cell,6,1450,0.41
b05c21f9c94ce1a22a9694cd0fe0291e,CL:1001033,Kidney.peritubular capillary endothelial cell,6,1450,0.41
b05c21f9c94ce1a22a9694cd0fe0291e,CL:1000597,Kidney.papillary tips cell,6,1450,0.41
b05c21f9c94ce1a22a9694cd0fe0291e,CL:1000452,Kidney.parietal epithelial cell,4,1450,0.28
b05c21f9c94ce1a22a9694cd0fe0291e,CL:1000412,Kidney.endothelial cell of arteriole,3,1450,0.21
b05c21f9c94ce1a22a9694cd0fe0291e,CL:4030011,Kidney.epithelial cell of proximal tubule segment 3,2,1450,0.14
b05c21f9c94ce1a22a9694cd0fe0291e,CL:4030018,Kidney.kidney connecting tubule principal cell,1,1450,0.07
b05c21f9c94ce1a22a9694cd0fe0291e,CL:4030009,Kidney.epithelial cell of proximal tubule segment 1,1,1450,0.07
b05c21f9c94ce1a22a9694cd0fe0291e,CL:0000814,Kidney.mature NK T cell,1,1450,0.07
b05c21f9c94ce1a22a9694cd0fe0291e,CL:0000650,Kidney.mesangial cell,1,1450,0.07
b05c21f9c94ce1a22a9694cd0fe0291e,CL:0002201,Kidney.renal beta-intercalated cell,1,1450,0.07
018a905cdbdff684760859f594d3fd77,CL:1000597,Kidney.papillary tips cell,6462,7997,80.81
018a905cdbdff684760859f594d3fd77,CL:1000714,Kidney.kidney cortex collecting duct principal cell,868,7997,10.85
018a905cdbdff684760859f594d3fd77,CL:0000057,Kidney.kidney interstitial fibroblast,227,7997,2.84
018a905cdbdff684760859f594d3fd77,CL:4030022,Kidney.renal medullary fibroblast,178,7997,2.23
018a905cdbdff684760859f594d3fd77,CL:1001318,Kidney.renal interstitial pericyte,76,7997,0.95
018a905cdbdff684760859f594d3fd77,CL:1000718,Kidney.kidney inner medulla collecting duct principal cell,63,7997,0.79
018a905cdbdff684760859f594d3fd77,CL:1001033,Kidney.peritubular capillary endothelial cell,50,7997,0.63
018a905cdbdff684760859f594d3fd77,CL:1001285,Kidney.vasa recta descending limb cell,34,7997,0.43
018a905cdbdff684760859f594d3fd77,CL:4030018,Kidney.kidney connecting tubule principal cell,16,7997,0.2
018a905cdbdff684760859f594d3fd77,CL:1000412,Kidney.endothelial cell of arteriole,14,7997,0.18
018a905cdbdff684760859f594d3fd77,CL:1000698,Kidney.kidney resident macrophage,3,7997,0.04
018a905cdbdff684760859f594d3fd77,CL:1000768,Kidney.kidney connecting tubule epithelial cell,2,7997,0.03
018a905cdbdff684760859f594d3fd77,CL:1001005,Kidney.glomerular capillary endothelial cell,1,7997,0.01
018a905cdbdff684760859f594d3fd77,CL:0000875,Kidney.non-classical monocyte,1,7997,0.01
018a905cdbdff684760859f594d3fd77,CL:0000650,Kidney.mesangial cell,1,7997,0.01
018a905cdbdff684760859f594d3fd77,CL:0011031,Kidney.monocyte-derived dendritic cell,1,7997,0.01
4b62d9d2c248323ce029859f953fdc57,CL:1001318,Kidney.renal interstitial pericyte,623,3973,15.68
4b62d9d2c248323ce029859f953fdc57,CL:0000057,Kidney.kidney interstitial fibroblast,604,3973,15.2
4b62d9d2c248323ce029859f953fdc57,CL:4030012,Kidney.kidney loop of Henle short descending thin limb epithelial cell,536,3973,13.49
4b62d9d2c248323ce029859f953fdc57,CL:1000718,Kidney.kidney inner medulla collecting duct principal cell,337,3973,8.48
4b62d9d2c248323ce029859f953fdc57,CL:1000597,Kidney.papillary tips cell,302,3973,7.6
4b62d9d2c248323ce029859f953fdc57,CL:1000714,Kidney.kidney cortex collecting duct principal cell,234,3973,5.89
4b62d9d2c248323ce029859f953fdc57,CL:1000768,Kidney.kidney connecting tubule epithelial cell,219,3973,5.51
4b62d9d2c248323ce029859f953fdc57,CL:4030022,Kidney.renal medullary fibroblast,155,3973,3.9
4b62d9d2c248323ce029859f953fdc57,CL:1001033,Kidney.peritubular capillary endothelial cell,133,3973,3.35
4b62d9d2c248323ce029859f953fdc57,CL:1000716,Kidney.kidney outer medulla collecting duct principal cell,117,3973,2.94
4b62d9d2c248323ce029859f953fdc57,CL:4030009,Kidney.epithelial cell of proximal tubule segment 1,116,3973,2.92
4b62d9d2c248323ce029859f953fdc57,CL:1000715,Kidney.kidney cortex collecting duct intercalated cell,103,3973,2.59
4b62d9d2c248323ce029859f953fdc57,CL:1001108,Kidney.kidney loop of Henle medullary thick ascending limb epithelial cell,78,3973,1.96
4b62d9d2c248323ce029859f953fdc57,CL:4030018,Kidney.kidney connecting tubule principal cell,55,3973,1.38
4b62d9d2c248323ce029859f953fdc57,CL:0000084,Kidney.T cell,53,3973,1.33
4b62d9d2c248323ce029859f953fdc57,CL:1001285,Kidney.vasa recta descending limb cell,53,3973,1.33
4b62d9d2c248323ce029859f953fdc57,CL:1000412,Kidney.endothelial cell of arteriole,29,3973,0.73
4b62d9d2c248323ce029859f953fdc57,CL:0002201,Kidney.renal beta-intercalated cell,28,3973,0.7
4b62d9d2c248323ce029859f953fdc57,CL:0000650,Kidney.mesangial cell,27,3973,0.68
4b62d9d2c248323ce029859f953fdc57,CL:1000698,Kidney.kidney resident macrophage,19,3973,0.48
4b62d9d2c248323ce029859f953fdc57,CL:1001005,Kidney.glomerular capillary endothelial cell,18,3973,0.45
4b62d9d2c248323ce029859f953fdc57,CL:4030016,Kidney.epithelial cell of early distal convoluted tubule,15,3973,0.38
4b62d9d2c248323ce029859f953fdc57,CL:1000452,Kidney.parietal epithelial cell,15,3973,0.38
4b62d9d2c248323ce029859f953fdc57,CL:0002138,Kidney.endothelial cell of lymphatic vessel,11,3973,0.28
4b62d9d2c248323ce029859f953fdc57,CL:0000784,"Kidney.plasmacytoid dendritic cell, human",10,3973,0.25
4b62d9d2c248323ce029859f953fdc57,CL:0000653,Kidney.podocyte,10,3973,0.25
4b62d9d2c248323ce029859f953fdc57,CL:0011031,Kidney.monocyte-derived dendritic cell,10,3973,0.25
4b62d9d2c248323ce029859f953fdc57,CL:1000850,Kidney.macula densa epithelial cell,10,3973,0.25
4b62d9d2c248323ce029859f953fdc57,CL:0002573,Kidney.Schwann cell,7,3973,0.18
4b62d9d2c248323ce029859f953fdc57,CL:4030013,Kidney.kidney loop of Henle long descending thin limb outer medulla epithelial cell,6,3973,0.15
4b62d9d2c248323ce029859f953fdc57,CL:4030011,Kidney.epithelial cell of proximal tubule segment 3,5,3973,0.13
4b62d9d2c248323ce029859f953fdc57,CL:4030014,Kidney.kidney loop of Henle long descending thin limb inner medulla epithelial cell,5,3973,0.13
4b62d9d2c248323ce029859f953fdc57,CL:1001109,Kidney.kidney loop of Henle cortical thick ascending limb epithelial cell,4,3973,0.1
4b62d9d2c248323ce029859f953fdc57,CL:0000236,Kidney.B cell,3,3973,0.08
4b62d9d2c248323ce029859f953fdc57,CL:1000717,Kidney.kidney outer medulla collecting duct intercalated cell,3,3973,0.08
4b62d9d2c248323ce029859f953fdc57,CL:0000648,Kidney.kidney granular cell,3,3973,0.08
4b62d9d2c248323ce029859f953fdc57,CL:1001131,Kidney.vasa recta ascending limb cell,3,3973,0.08
4b62d9d2c248323ce029859f953fdc57,CL:0000990,Kidney.conventional dendritic cell,2,3973,0.05
4b62d9d2c248323ce029859f953fdc57,CL:0000097,Kidney.mast cell,2,3973,0.05
4b62d9d2c248323ce029859f953fdc57,CL:1001107,Kidney.kidney loop of Henle thin ascending limb epithelial cell,2,3973,0.05
4b62d9d2c248323ce029859f953fdc57,CL:0000875,Kidney.non-classical monocyte,2,3973,0.05
4b62d9d2c248323ce029859f953fdc57,CL:0000775,Kidney.neutrophil,2,3973,0.05
4b62d9d2c248323ce029859f953fdc57,CL:0000814,Kidney.mature NK T cell,2,3973,0.05
4b62d9d2c248323ce029859f953fdc57,CL:0000786,Kidney.plasma cell,2,3973,0.05
c81b0dc9d16eb825a7d6bce6e1b3678f,CL:1001109,Kidney.kidney loop of Henle cortical thick ascending limb epithelial cell,3234,14990,21.57
c81b0dc9d16eb825a7d6bce6e1b3678f,CL:1001108,Kidney.kidney loop of Henle medullary thick ascending limb epithelial cell,3061,14990,20.42
c81b0dc9d16eb825a7d6bce6e1b3678f,CL:1000768,Kidney.kidney connecting tubule epithelial cell,1423,14990,9.49
c81b0dc9d16eb825a7d6bce6e1b3678f,CL:1000714,Kidney.kidney cortex collecting duct principal cell,1218,14990,8.13
c81b0dc9d16eb825a7d6bce6e1b3678f,CL:0000057,Kidney.kidney interstitial fibroblast,1046,14990,6.98
c81b0dc9d16eb825a7d6bce6e1b3678f,CL:4030012,Kidney.kidney loop of Henle short descending thin limb epithelial cell,1045,14990,6.97
c81b0dc9d16eb825a7d6bce6e1b3678f,CL:4030022,Kidney.renal medullary fibroblast,789,14990,5.26
c81b0dc9d16eb825a7d6bce6e1b3678f,CL:1000452,Kidney.parietal epithelial cell,488,14990,3.26
c81b0dc9d16eb825a7d6bce6e1b3678f,CL:4030016,Kidney.epithelial cell of early distal convoluted tubule,435,14990,2.9
c81b0dc9d16eb825a7d6bce6e1b3678f,CL:4030013,Kidney.kidney loop of Henle long descending thin limb outer medulla epithelial cell,326,14990,2.17
c81b0dc9d16eb825a7d6bce6e1b3678f,CL:1001131,Kidney.vasa recta ascending limb cell,275,14990,1.83
c81b0dc9d16eb825a7d6bce6e1b3678f,CL:4030011,Kidney.epithelial cell of proximal tubule segment 3,234,14990,1.56
c81b0dc9d16eb825a7d6bce6e1b3678f,CL:1000718,Kidney.kidney inner medulla collecting duct principal cell,218,14990,1.45
c81b0dc9d16eb825a7d6bce6e1b3678f,CL:1001107,Kidney.kidney loop of Henle thin ascending limb epithelial cell,202,14990,1.35
c81b0dc9d16eb825a7d6bce6e1b3678f,CL:1001285,Kidney.vasa recta descending limb cell,185,14990,1.23
c81b0dc9d16eb825a7d6bce6e1b3678f,CL:1001318,Kidney.renal interstitial pericyte,172,14990,1.15
c81b0dc9d16eb825a7d6bce6e1b3678f,CL:1000850,Kidney.macula densa epithelial cell,101,14990,0.67
c81b0dc9d16eb825a7d6bce6e1b3678f,CL:1000698,Kidney.kidney resident macrophage,99,14990,0.66
c81b0dc9d16eb825a7d6bce6e1b3678f,CL:1000597,Kidney.papillary tips cell,94,14990,0.63
c81b0dc9d16eb825a7d6bce6e1b3678f,CL:1001033,Kidney.peritubular capillary endothelial cell,61,14990,0.41
c81b0dc9d16eb825a7d6bce6e1b3678f,CL:1000717,Kidney.kidney outer medulla collecting duct intercalated cell,56,14990,0.37
c81b0dc9d16eb825a7d6bce6e1b3678f,CL:0011031,Kidney.monocyte-derived dendritic cell,43,14990,0.29
c81b0dc9d16eb825a7d6bce6e1b3678f,CL:4030014,Kidney.kidney loop of Henle long descending thin limb inner medulla epithelial cell,42,14990,0.28
c81b0dc9d16eb825a7d6bce6e1b3678f,CL:4030009,Kidney.epithelial cell of proximal tubule segment 1,32,14990,0.21
c81b0dc9d16eb825a7d6bce6e1b3678f,CL:0000084,Kidney.T cell,30,14990,0.2
c81b0dc9d16eb825a7d6bce6e1b3678f,CL:0002138,Kidney.endothelial cell of lymphatic vessel,20,14990,0.13
c81b0dc9d16eb825a7d6bce6e1b3678f,CL:0000653,Kidney.podocyte,15,14990,0.1
c81b0dc9d16eb825a7d6bce6e1b3678f,CL:0000786,Kidney.plasma cell,9,14990,0.06
c81b0dc9d16eb825a7d6bce6e1b3678f,CL:1001005,Kidney.glomerular capillary endothelial cell,9,14990,0.06
c81b0dc9d16eb825a7d6bce6e1b3678f,CL:0000650,Kidney.mesangial cell,7,14990,0.05
c81b0dc9d16eb825a7d6bce6e1b3678f,CL:0000875,Kidney.non-classical monocyte,4,14990,0.03
c81b0dc9d16eb825a7d6bce6e1b3678f,CL:1000412,Kidney.endothelial cell of arteriole,3,14990,0.02
c81b0dc9d16eb825a7d6bce6e1b3678f,CL:0002201,Kidney.renal beta-intercalated cell,3,14990,0.02
c81b0dc9d16eb825a7d6bce6e1b3678f,CL:0000814,Kidney.mature NK T cell,3,14990,0.02
c81b0dc9d16eb825a7d6bce6e1b3678f,CL:1000715,Kidney.kidney cortex collecting duct intercalated cell,3,14990,0.02
c81b0dc9d16eb825a7d6bce6e1b3678f,CL:0000990,Kidney.conventional dendritic cell,1,14990,0.01
c81b0dc9d16eb825a7d6bce6e1b3678f,CL:0002573,Kidney.Schwann cell,1,14990,0.01
c81b0dc9d16eb825a7d6bce6e1b3678f,CL:0000648,Kidney.kidney granular cell,1,14990,0.01
c81b0dc9d16eb825a7d6bce6e1b3678f,CL:4030018,Kidney.kidney connecting tubule principal cell,1,14990,0.01
c81b0dc9d16eb825a7d6bce6e1b3678f,CL:0000097,Kidney.mast cell,1,14990,0.01
1ea6c0ac5ba60fe35bf63af8699b6fbe,CL:0000057,Kidney.kidney interstitial fibroblast,1623,6918,23.46
1ea6c0ac5ba60fe35bf63af8699b6fbe,CL:1000718,Kidney.kidney inner medulla collecting duct principal cell,1427,6918,20.63
1ea6c0ac5ba60fe35bf63af8699b6fbe,CL:4030022,Kidney.renal medullary fibroblast,789,6918,11.41
1ea6c0ac5ba60fe35bf63af8699b6fbe,CL:1000597,Kidney.papillary tips cell,720,6918,10.41
1ea6c0ac5ba60fe35bf63af8699b6fbe,CL:1001318,Kidney.renal interstitial pericyte,399,6918,5.77
1ea6c0ac5ba60fe35bf63af8699b6fbe,CL:1000698,Kidney.kidney resident macrophage,317,6918,4.58
1ea6c0ac5ba60fe35bf63af8699b6fbe,CL:0000084,Kidney.T cell,309,6918,4.47
1ea6c0ac5ba60fe35bf63af8699b6fbe,CL:4030012,Kidney.kidney loop of Henle short descending thin limb epithelial cell,209,6918,3.02
1ea6c0ac5ba60fe35bf63af8699b6fbe,CL:1000715,Kidney.kidney cortex collecting duct intercalated cell,197,6918,2.85
1ea6c0ac5ba60fe35bf63af8699b6fbe,CL:1000768,Kidney.kidney connecting tubule epithelial cell,179,6918,2.59
1ea6c0ac5ba60fe35bf63af8699b6fbe,CL:1000717,Kidney.kidney outer medulla collecting duct intercalated cell,127,6918,1.84
1ea6c0ac5ba60fe35bf63af8699b6fbe,CL:0000097,Kidney.mast cell,92,6918,1.33
1ea6c0ac5ba60fe35bf63af8699b6fbe,CL:1000714,Kidney.kidney cortex collecting duct principal cell,76,6918,1.1
1ea6c0ac5ba60fe35bf63af8699b6fbe,CL:1001033,Kidney.peritubular capillary endothelial cell,74,6918,1.07
1ea6c0ac5ba60fe35bf63af8699b6fbe,CL:0011031,Kidney.monocyte-derived dendritic cell,72,6918,1.04
1ea6c0ac5ba60fe35bf63af8699b6fbe,CL:1001285,Kidney.vasa recta descending limb cell,69,6918,1.0
1ea6c0ac5ba60fe35bf63af8699b6fbe,CL:1000412,Kidney.endothelial cell of arteriole,62,6918,0.9
1ea6c0ac5ba60fe35bf63af8699b6fbe,CL:0002138,Kidney.endothelial cell of lymphatic vessel,40,6918,0.58
1ea6c0ac5ba60fe35bf63af8699b6fbe,CL:0000814,Kidney.mature NK T cell,29,6918,0.42
1ea6c0ac5ba60fe35bf63af8699b6fbe,CL:0000653,Kidney.podocyte,21,6918,0.3
1ea6c0ac5ba60fe35bf63af8699b6fbe,CL:0000875,Kidney.non-classical monocyte,18,6918,0.26
1ea6c0ac5ba60fe35bf63af8699b6fbe,CL:0000786,Kidney.plasma cell,15,6918,0.22
1ea6c0ac5ba60fe35bf63af8699b6fbe,CL:0002573,Kidney.Schwann cell,11,6918,0.16
1ea6c0ac5ba60fe35bf63af8699b6fbe,CL:0000236,Kidney.B cell,10,6918,0.14
1ea6c0ac5ba60fe35bf63af8699b6fbe,CL:4030018,Kidney.kidney connecting tubule principal cell,10,6918,0.14
1ea6c0ac5ba60fe35bf63af8699b6fbe,CL:0000990,Kidney.conventional dendritic cell,9,6918,0.13
1ea6c0ac5ba60fe35bf63af8699b6fbe,CL:1000850,Kidney.macula densa epithelial cell,5,6918,0.07
1ea6c0ac5ba60fe35bf63af8699b6fbe,CL:1001131,Kidney.vasa recta ascending limb cell,3,6918,0.04
1ea6c0ac5ba60fe35bf63af8699b6fbe,CL:0000775,Kidney.neutrophil,2,6918,0.03
1ea6c0ac5ba60fe35bf63af8699b6fbe,CL:1001107,Kidney.kidney loop of Henle thin ascending limb epithelial cell,1,6918,0.01
1ea6c0ac5ba60fe35bf63af8699b6fbe,CL:4030014,Kidney.kidney loop of Henle long descending thin limb inner medulla epithelial cell,1,6918,0.01
1ea6c0ac5ba60fe35bf63af8699b6fbe,CL:4030011,Kidney.epithelial cell of proximal tubule segment 3,1,6918,0.01
1ea6c0ac5ba60fe35bf63af8699b6fbe,CL:1000716,Kidney.kidney outer medulla collecting duct principal cell,1,6918,0.01
dd7ccbc306692fc5ff5e61c22845da21,CL:4030022,Kidney.renal medullary fibroblast,3066,10994,27.89
dd7ccbc306692fc5ff5e61c22845da21,CL:1000718,Kidney.kidney inner medulla collecting duct principal cell,2428,10994,22.08
dd7ccbc306692fc5ff5e61c22845da21,CL:1000714,Kidney.kidney cortex collecting duct principal cell,1227,10994,11.16
dd7ccbc306692fc5ff5e61c22845da21,CL:1001131,Kidney.vasa recta ascending limb cell,737,10994,6.7
dd7ccbc306692fc5ff5e61c22845da21,CL:1000768,Kidney.kidney connecting tubule epithelial cell,651,10994,5.92
dd7ccbc306692fc5ff5e61c22845da21,CL:1001108,Kidney.kidney loop of Henle medullary thick ascending limb epithelial cell,597,10994,5.43
dd7ccbc306692fc5ff5e61c22845da21,CL:4030012,Kidney.kidney loop of Henle short descending thin limb epithelial cell,457,10994,4.16
dd7ccbc306692fc5ff5e61c22845da21,CL:1001107,Kidney.kidney loop of Henle thin ascending limb epithelial cell,374,10994,3.4
dd7ccbc306692fc5ff5e61c22845da21,CL:0000057,Kidney.kidney interstitial fibroblast,302,10994,2.75
dd7ccbc306692fc5ff5e61c22845da21,CL:4030014,Kidney.kidney loop of Henle long descending thin limb inner medulla epithelial cell,302,10994,2.75
dd7ccbc306692fc5ff5e61c22845da21,CL:1001285,Kidney.vasa recta descending limb cell,151,10994,1.37
dd7ccbc306692fc5ff5e61c22845da21,CL:1000452,Kidney.parietal epithelial cell,128,10994,1.16
dd7ccbc306692fc5ff5e61c22845da21,CL:1000698,Kidney.kidney resident macrophage,98,10994,0.89
dd7ccbc306692fc5ff5e61c22845da21,CL:0000650,Kidney.mesangial cell,91,10994,0.83
dd7ccbc306692fc5ff5e61c22845da21,CL:1001033,Kidney.peritubular capillary endothelial cell,80,10994,0.73
dd7ccbc306692fc5ff5e61c22845da21,CL:4030013,Kidney.kidney loop of Henle long descending thin limb outer medulla epithelial cell,76,10994,0.69
dd7ccbc306692fc5ff5e61c22845da21,CL:1001318,Kidney.renal interstitial pericyte,58,10994,0.53
dd7ccbc306692fc5ff5e61c22845da21,CL:1000597,Kidney.papillary tips cell,31,10994,0.28
dd7ccbc306692fc5ff5e61c22845da21,CL:0011031,Kidney.monocyte-derived dendritic cell,18,10994,0.16
dd7ccbc306692fc5ff5e61c22845da21,CL:0002201,Kidney.renal beta-intercalated cell,15,10994,0.14
dd7ccbc306692fc5ff5e61c22845da21,CL:0000653,Kidney.podocyte,14,10994,0.13
dd7ccbc306692fc5ff5e61c22845da21,CL:0000784,"Kidney.plasmacytoid dendritic cell, human",14,10994,0.13
dd7ccbc306692fc5ff5e61c22845da21,CL:1001005,Kidney.glomerular capillary endothelial cell,14,10994,0.13
dd7ccbc306692fc5ff5e61c22845da21,CL:1000850,Kidney.macula densa epithelial cell,12,10994,0.11
dd7ccbc306692fc5ff5e61c22845da21,CL:1000412,Kidney.endothelial cell of arteriole,12,10994,0.11
dd7ccbc306692fc5ff5e61c22845da21,CL:1000715,Kidney.kidney cortex collecting duct intercalated cell,10,10994,0.09
dd7ccbc306692fc5ff5e61c22845da21,CL:0000084,Kidney.T cell,9,10994,0.08
dd7ccbc306692fc5ff5e61c22845da21,CL:0002138,Kidney.endothelial cell of lymphatic vessel,8,10994,0.07
dd7ccbc306692fc5ff5e61c22845da21,CL:0000775,Kidney.neutrophil,7,10994,0.06
dd7ccbc306692fc5ff5e61c22845da21,CL:1000717,Kidney.kidney outer medulla collecting duct intercalated cell,3,10994,0.03
dd7ccbc306692fc5ff5e61c22845da21,CL:4030016,Kidney.epithelial cell of early distal convoluted tubule,2,10994,0.02
dd7ccbc306692fc5ff5e61c22845da21,CL:0000875,Kidney.non-classical monocyte,1,10994,0.01
dd7ccbc306692fc5ff5e61c22845da21,CL:0000097,Kidney.mast cell,1,10994,0.01
56cbda4789f04d79c0c3dffe21816d48,CL:1000597,Kidney.papillary tips cell,6302,8985,70.14
56cbda4789f04d79c0c3dffe21816d48,CL:4030022,Kidney.renal medullary fibroblast,798,8985,8.88
56cbda4789f04d79c0c3dffe21816d48,CL:0000057,Kidney.kidney interstitial fibroblast,699,8985,7.78
56cbda4789f04d79c0c3dffe21816d48,CL:0000084,Kidney.T cell,255,8985,2.84
56cbda4789f04d79c0c3dffe21816d48,CL:1000698,Kidney.kidney resident macrophage,241,8985,2.68
56cbda4789f04d79c0c3dffe21816d48,CL:1000768,Kidney.kidney connecting tubule epithelial cell,192,8985,2.14
56cbda4789f04d79c0c3dffe21816d48,CL:1001318,Kidney.renal interstitial pericyte,176,8985,1.96
56cbda4789f04d79c0c3dffe21816d48,CL:0011031,Kidney.monocyte-derived dendritic cell,69,8985,0.77
56cbda4789f04d79c0c3dffe21816d48,CL:1000412,Kidney.endothelial cell of arteriole,55,8985,0.61
56cbda4789f04d79c0c3dffe21816d48,CL:0002138,Kidney.endothelial cell of lymphatic vessel,45,8985,0.5
56cbda4789f04d79c0c3dffe21816d48,CL:0000097,Kidney.mast cell,37,8985,0.41
56cbda4789f04d79c0c3dffe21816d48,CL:1001033,Kidney.peritubular capillary endothelial cell,27,8985,0.3
56cbda4789f04d79c0c3dffe21816d48,CL:1000718,Kidney.kidney inner medulla collecting duct principal cell,24,8985,0.27
56cbda4789f04d79c0c3dffe21816d48,CL:0000786,Kidney.plasma cell,19,8985,0.21
56cbda4789f04d79c0c3dffe21816d48,CL:0000990,Kidney.conventional dendritic cell,12,8985,0.13
56cbda4789f04d79c0c3dffe21816d48,CL:1000850,Kidney.macula densa epithelial cell,7,8985,0.08
56cbda4789f04d79c0c3dffe21816d48,CL:1001285,Kidney.vasa recta descending limb cell,7,8985,0.08
56cbda4789f04d79c0c3dffe21816d48,CL:1001131,Kidney.vasa recta ascending limb cell,6,8985,0.07
56cbda4789f04d79c0c3dffe21816d48,CL:4030012,Kidney.kidney loop of Henle short descending thin limb epithelial cell,6,8985,0.07
56cbda4789f04d79c0c3dffe21816d48,CL:0000236,Kidney.B cell,3,8985,0.03
56cbda4789f04d79c0c3dffe21816d48,CL:1000714,Kidney.kidney cortex collecting duct principal cell,2,8985,0.02
56cbda4789f04d79c0c3dffe21816d48,CL:1001005,Kidney.glomerular capillary endothelial cell,1,8985,0.01
56cbda4789f04d79c0c3dffe21816d48,CL:0000814,Kidney.mature NK T cell,1,8985,0.01
56cbda4789f04d79c0c3dffe21816d48,CL:0000875,Kidney.non-classical monocyte,1,8985,0.01
367fee3b40cba682063289505b922be1,CL:0000057,Kidney.kidney interstitial fibroblast,2677,11994,22.32
367fee3b40cba682063289505b922be1,CL:4030013,Kidney.kidney loop of Henle long descending thin limb outer medulla epithelial cell,1726,11994,14.39
367fee3b40cba682063289505b922be1,CL:1001109,Kidney.kidney loop of Henle cortical thick ascending limb epithelial cell,1578,11994,13.16
367fee3b40cba682063289505b922be1,CL:4030012,Kidney.kidney loop of Henle short descending thin limb epithelial cell,1011,11994,8.43
367fee3b40cba682063289505b922be1,CL:1000768,Kidney.kidney connecting tubule epithelial cell,560,11994,4.67
367fee3b40cba682063289505b922be1,CL:4030009,Kidney.epithelial cell of proximal tubule segment 1,383,11994,3.19
367fee3b40cba682063289505b922be1,CL:0000653,Kidney.podocyte,370,11994,3.08
367fee3b40cba682063289505b922be1,CL:1000597,Kidney.papillary tips cell,369,11994,3.08
367fee3b40cba682063289505b922be1,CL:4030016,Kidney.epithelial cell of early distal convoluted tubule,361,11994,3.01
367fee3b40cba682063289505b922be1,CL:1000714,Kidney.kidney cortex collecting duct principal cell,337,11994,2.81
367fee3b40cba682063289505b922be1,CL:1000850,Kidney.macula densa epithelial cell,319,11994,2.66
367fee3b40cba682063289505b922be1,CL:1000698,Kidney.kidney resident macrophage,236,11994,1.97
367fee3b40cba682063289505b922be1,CL:4030011,Kidney.epithelial cell of proximal tubule segment 3,216,11994,1.8
367fee3b40cba682063289505b922be1,CL:4030014,Kidney.kidney loop of Henle long descending thin limb inner medulla epithelial cell,213,11994,1.78
367fee3b40cba682063289505b922be1,CL:1001318,Kidney.renal interstitial pericyte,207,11994,1.73
367fee3b40cba682063289505b922be1,CL:4030022,Kidney.renal medullary fibroblast,180,11994,1.5
367fee3b40cba682063289505b922be1,CL:0000084,Kidney.T cell,173,11994,1.44
367fee3b40cba682063289505b922be1,CL:1000452,Kidney.parietal epithelial cell,127,11994,1.06
367fee3b40cba682063289505b922be1,CL:1001033,Kidney.peritubular capillary endothelial cell,114,11994,0.95
367fee3b40cba682063289505b922be1,CL:1001131,Kidney.vasa recta ascending limb cell,89,11994,0.74
367fee3b40cba682063289505b922be1,CL:1001005,Kidney.glomerular capillary endothelial cell,87,11994,0.73
367fee3b40cba682063289505b922be1,CL:1001108,Kidney.kidney loop of Henle medullary thick ascending limb epithelial cell,79,11994,0.66
367fee3b40cba682063289505b922be1,CL:1001285,Kidney.vasa recta descending limb cell,77,11994,0.64
367fee3b40cba682063289505b922be1,CL:0000097,Kidney.mast cell,75,11994,0.63
367fee3b40cba682063289505b922be1,CL:1000715,Kidney.kidney cortex collecting duct intercalated cell,73,11994,0.61
367fee3b40cba682063289505b922be1,CL:1000718,Kidney.kidney inner medulla collecting duct principal cell,59,11994,0.49
367fee3b40cba682063289505b922be1,CL:0000650,Kidney.mesangial cell,49,11994,0.41
367fee3b40cba682063289505b922be1,CL:0000786,Kidney.plasma cell,45,11994,0.38
367fee3b40cba682063289505b922be1,CL:4030018,Kidney.kidney connecting tubule principal cell,43,11994,0.36
367fee3b40cba682063289505b922be1,CL:1000412,Kidney.endothelial cell of arteriole,41,11994,0.34
367fee3b40cba682063289505b922be1,CL:0002138,Kidney.endothelial cell of lymphatic vessel,33,11994,0.28
367fee3b40cba682063289505b922be1,CL:1001107,Kidney.kidney loop of Henle thin ascending limb epithelial cell,22,11994,0.18
367fee3b40cba682063289505b922be1,CL:1000717,Kidney.kidney outer medulla collecting duct intercalated cell,17,11994,0.14
367fee3b40cba682063289505b922be1,CL:0011031,Kidney.monocyte-derived dendritic cell,16,11994,0.13
367fee3b40cba682063289505b922be1,CL:0002201,Kidney.renal beta-intercalated cell,15,11994,0.13
367fee3b40cba682063289505b922be1,CL:4030010,Kidney.epithelial cell of proximal tubule segment 2,5,11994,0.04
367fee3b40cba682063289505b922be1,CL:0000875,Kidney.non-classical monocyte,4,11994,0.03
367fee3b40cba682063289505b922be1,CL:1000716,Kidney.kidney outer medulla collecting duct principal cell,4,11994,0.03
367fee3b40cba682063289505b922be1,CL:0000236,Kidney.B cell,2,11994,0.02
367fee3b40cba682063289505b922be1,CL:0000648,Kidney.kidney granular cell,1,11994,0.01
367fee3b40cba682063289505b922be1,CL:0000775,Kidney.neutrophil,1,11994,0.01
9a7e6be288b27ddbd3366c4ae41bbcd2,CL:1000597,Kidney.papillary tips cell,8405,20992,40.04
9a7e6be288b27ddbd3366c4ae41bbcd2,CL:1000718,Kidney.kidney inner medulla collecting duct principal cell,2193,20992,10.45
9a7e6be288b27ddbd3366c4ae41bbcd2,CL:4030022,Kidney.renal medullary fibroblast,2193,20992,10.45
9a7e6be288b27ddbd3366c4ae41bbcd2,CL:1000715,Kidney.kidney cortex collecting duct intercalated cell,1359,20992,6.47
9a7e6be288b27ddbd3366c4ae41bbcd2,CL:0000057,Kidney.kidney interstitial fibroblast,1356,20992,6.46
9a7e6be288b27ddbd3366c4ae41bbcd2,CL:1000714,Kidney.kidney cortex collecting duct principal cell,1299,20992,6.19
9a7e6be288b27ddbd3366c4ae41bbcd2,CL:1001318,Kidney.renal interstitial pericyte,881,20992,4.2
9a7e6be288b27ddbd3366c4ae41bbcd2,CL:1000698,Kidney.kidney resident macrophage,568,20992,2.71
9a7e6be288b27ddbd3366c4ae41bbcd2,CL:0000650,Kidney.mesangial cell,498,20992,2.37
9a7e6be288b27ddbd3366c4ae41bbcd2,CL:1000768,Kidney.kidney connecting tubule epithelial cell,421,20992,2.01
9a7e6be288b27ddbd3366c4ae41bbcd2,CL:1001033,Kidney.peritubular capillary endothelial cell,398,20992,1.9
9a7e6be288b27ddbd3366c4ae41bbcd2,CL:0011031,Kidney.monocyte-derived dendritic cell,231,20992,1.1
9a7e6be288b27ddbd3366c4ae41bbcd2,CL:0000084,Kidney.T cell,227,20992,1.08
9a7e6be288b27ddbd3366c4ae41bbcd2,CL:1000452,Kidney.parietal epithelial cell,207,20992,0.99
9a7e6be288b27ddbd3366c4ae41bbcd2,CL:1000412,Kidney.endothelial cell of arteriole,123,20992,0.59
9a7e6be288b27ddbd3366c4ae41bbcd2,CL:4030009,Kidney.epithelial cell of proximal tubule segment 1,106,20992,0.5
9a7e6be288b27ddbd3366c4ae41bbcd2,CL:0000653,Kidney.podocyte,89,20992,0.42
9a7e6be288b27ddbd3366c4ae41bbcd2,CL:0000784,"Kidney.plasmacytoid dendritic cell, human",87,20992,0.41
9a7e6be288b27ddbd3366c4ae41bbcd2,CL:1001285,Kidney.vasa recta descending limb cell,83,20992,0.4
9a7e6be288b27ddbd3366c4ae41bbcd2,CL:0000875,Kidney.non-classical monocyte,67,20992,0.32
9a7e6be288b27ddbd3366c4ae41bbcd2,CL:0002138,Kidney.endothelial cell of lymphatic vessel,51,20992,0.24
9a7e6be288b27ddbd3366c4ae41bbcd2,CL:4030012,Kidney.kidney loop of Henle short descending thin limb epithelial cell,43,20992,0.2
9a7e6be288b27ddbd3366c4ae41bbcd2,CL:1001005,Kidney.glomerular capillary endothelial cell,29,20992,0.14
9a7e6be288b27ddbd3366c4ae41bbcd2,CL:1000850,Kidney.macula densa epithelial cell,24,20992,0.11
9a7e6be288b27ddbd3366c4ae41bbcd2,CL:1001131,Kidney.vasa recta ascending limb cell,13,20992,0.06
9a7e6be288b27ddbd3366c4ae41bbcd2,CL:0000814,Kidney.mature NK T cell,12,20992,0.06
9a7e6be288b27ddbd3366c4ae41bbcd2,CL:0000236,Kidney.B cell,9,20992,0.04
9a7e6be288b27ddbd3366c4ae41bbcd2,CL:0002573,Kidney.Schwann cell,6,20992,0.03
9a7e6be288b27ddbd3366c4ae41bbcd2,CL:0000648,Kidney.kidney granular cell,3,20992,0.01
9a7e6be288b27ddbd3366c4ae41bbcd2,CL:1000716,Kidney.kidney outer medulla collecting duct principal cell,3,20992,0.01
9a7e6be288b27ddbd3366c4ae41bbcd2,CL:4030018,Kidney.kidney connecting tubule principal cell,2,20992,0.01
9a7e6be288b27ddbd3366c4ae41bbcd2,CL:0000990,Kidney.conventional dendritic cell,1,20992,0.0
9a7e6be288b27ddbd3366c4ae41bbcd2,CL:4030016,Kidney.epithelial cell of early distal convoluted tubule,1,20992,0.0
9a7e6be288b27ddbd3366c4ae41bbcd2,CL:4030013,Kidney.kidney loop of Henle long descending thin limb outer medulla epithelial cell,1,20992,0.0
9a7e6be288b27ddbd3366c4ae41bbcd2,CL:1001108,Kidney.kidney loop of Henle medullary thick ascending limb epithelial cell,1,20992,0.0
9a7e6be288b27ddbd3366c4ae41bbcd2,CL:4030011,Kidney.epithelial cell of proximal tubule segment 3,1,20992,0.0
9a7e6be288b27ddbd3366c4ae41bbcd2,CL:0000786,Kidney.plasma cell,1,20992,0.0
ad693f99fb9006e68a53e97598da1509,CL:4030022,Kidney.renal medullary fibroblast,2293,6982,32.84
ad693f99fb9006e68a53e97598da1509,CL:0000057,Kidney.kidney interstitial fibroblast,1787,6982,25.59
ad693f99fb9006e68a53e97598da1509,CL:1000597,Kidney.papillary tips cell,916,6982,13.12
ad693f99fb9006e68a53e97598da1509,CL:1001318,Kidney.renal interstitial pericyte,755,6982,10.81
ad693f99fb9006e68a53e97598da1509,CL:1000718,Kidney.kidney inner medulla collecting duct principal cell,257,6982,3.68
ad693f99fb9006e68a53e97598da1509,CL:0000084,Kidney.T cell,198,6982,2.84
ad693f99fb9006e68a53e97598da1509,CL:1000698,Kidney.kidney resident macrophage,144,6982,2.06
ad693f99fb9006e68a53e97598da1509,CL:1001033,Kidney.peritubular capillary endothelial cell,111,6982,1.59
ad693f99fb9006e68a53e97598da1509,CL:1000768,Kidney.kidney connecting tubule epithelial cell,65,6982,0.93
ad693f99fb9006e68a53e97598da1509,CL:4030013,Kidney.kidney loop of Henle long descending thin limb outer medulla epithelial cell,52,6982,0.74
ad693f99fb9006e68a53e97598da1509,CL:1000715,Kidney.kidney cortex collecting duct intercalated cell,45,6982,0.64
ad693f99fb9006e68a53e97598da1509,CL:0000650,Kidney.mesangial cell,44,6982,0.63
ad693f99fb9006e68a53e97598da1509,CL:4030012,Kidney.kidney loop of Henle short descending thin limb epithelial cell,44,6982,0.63
ad693f99fb9006e68a53e97598da1509,CL:0011031,Kidney.monocyte-derived dendritic cell,41,6982,0.59
ad693f99fb9006e68a53e97598da1509,CL:1001107,Kidney.kidney loop of Henle thin ascending limb epithelial cell,31,6982,0.44
ad693f99fb9006e68a53e97598da1509,CL:1001285,Kidney.vasa recta descending limb cell,28,6982,0.4
ad693f99fb9006e68a53e97598da1509,CL:0002138,Kidney.endothelial cell of lymphatic vessel,27,6982,0.39
ad693f99fb9006e68a53e97598da1509,CL:1000412,Kidney.endothelial cell of arteriole,26,6982,0.37
ad693f99fb9006e68a53e97598da1509,CL:1000714,Kidney.kidney cortex collecting duct principal cell,25,6982,0.36
ad693f99fb9006e68a53e97598da1509,CL:0000786,Kidney.plasma cell,23,6982,0.33
ad693f99fb9006e68a53e97598da1509,CL:0000097,Kidney.mast cell,23,6982,0.33
ad693f99fb9006e68a53e97598da1509,CL:0000236,Kidney.B cell,14,6982,0.2
ad693f99fb9006e68a53e97598da1509,CL:1001131,Kidney.vasa recta ascending limb cell,7,6982,0.1
ad693f99fb9006e68a53e97598da1509,CL:4030009,Kidney.epithelial cell of proximal tubule segment 1,6,6982,0.09
ad693f99fb9006e68a53e97598da1509,CL:0000814,Kidney.mature NK T cell,6,6982,0.09
ad693f99fb9006e68a53e97598da1509,CL:0000990,Kidney.conventional dendritic cell,6,6982,0.09
ad693f99fb9006e68a53e97598da1509,CL:1001005,Kidney.glomerular capillary endothelial cell,3,6982,0.04
ad693f99fb9006e68a53e97598da1509,CL:4030016,Kidney.epithelial cell of early distal convoluted tubule,1,6982,0.01
ad693f99fb9006e68a53e97598da1509,CL:0002573,Kidney.Schwann cell,1,6982,0.01
ad693f99fb9006e68a53e97598da1509,CL:1000717,Kidney.kidney outer medulla collecting duct intercalated cell,1,6982,0.01
ad693f99fb9006e68a53e97598da1509,CL:0000875,Kidney.non-classical monocyte,1,6982,0.01
ad693f99fb9006e68a53e97598da1509,CL:1000452,Kidney.parietal epithelial cell,1,6982,0.01
b99fc30c4195958fbef217fa9ed9ec8f,CL:1001109,Kidney.kidney loop of Henle cortical thick ascending limb epithelial cell,1066,2788,38.24
b99fc30c4195958fbef217fa9ed9ec8f,CL:1000714,Kidney.kidney cortex collecting duct principal cell,395,2788,14.17
b99fc30c4195958fbef217fa9ed9ec8f,CL:4030012,Kidney.kidney loop of Henle short descending thin limb epithelial cell,236,2788,8.46
b99fc30c4195958fbef217fa9ed9ec8f,CL:1000718,Kidney.kidney inner medulla collecting duct principal cell,170,2788,6.1
b99fc30c4195958fbef217fa9ed9ec8f,CL:1000768,Kidney.kidney connecting tubule epithelial cell,156,2788,5.6
b99fc30c4195958fbef217fa9ed9ec8f,CL:1001108,Kidney.kidney loop of Henle medullary thick ascending limb epithelial cell,121,2788,4.34
b99fc30c4195958fbef217fa9ed9ec8f,CL:4030016,Kidney.epithelial cell of early distal convoluted tubule,70,2788,2.51
b99fc30c4195958fbef217fa9ed9ec8f,CL:1000715,Kidney.kidney cortex collecting duct intercalated cell,66,2788,2.37
b99fc30c4195958fbef217fa9ed9ec8f,CL:1001033,Kidney.peritubular capillary endothelial cell,58,2788,2.08
b99fc30c4195958fbef217fa9ed9ec8f,CL:1001285,Kidney.vasa recta descending limb cell,55,2788,1.97
b99fc30c4195958fbef217fa9ed9ec8f,CL:4030013,Kidney.kidney loop of Henle long descending thin limb outer medulla epithelial cell,51,2788,1.83
b99fc30c4195958fbef217fa9ed9ec8f,CL:1000850,Kidney.macula densa epithelial cell,50,2788,1.79
b99fc30c4195958fbef217fa9ed9ec8f,CL:4030009,Kidney.epithelial cell of proximal tubule segment 1,45,2788,1.61
b99fc30c4195958fbef217fa9ed9ec8f,CL:1000717,Kidney.kidney outer medulla collecting duct intercalated cell,41,2788,1.47
b99fc30c4195958fbef217fa9ed9ec8f,CL:0000653,Kidney.podocyte,31,2788,1.11
b99fc30c4195958fbef217fa9ed9ec8f,CL:1001131,Kidney.vasa recta ascending limb cell,30,2788,1.08
b99fc30c4195958fbef217fa9ed9ec8f,CL:1001107,Kidney.kidney loop of Henle thin ascending limb epithelial cell,24,2788,0.86
b99fc30c4195958fbef217fa9ed9ec8f,CL:4030022,Kidney.renal medullary fibroblast,22,2788,0.79
b99fc30c4195958fbef217fa9ed9ec8f,CL:1001005,Kidney.glomerular capillary endothelial cell,22,2788,0.79
b99fc30c4195958fbef217fa9ed9ec8f,CL:0002201,Kidney.renal beta-intercalated cell,12,2788,0.43
b99fc30c4195958fbef217fa9ed9ec8f,CL:0000057,Kidney.kidney interstitial fibroblast,11,2788,0.39
b99fc30c4195958fbef217fa9ed9ec8f,CL:1000412,Kidney.endothelial cell of arteriole,10,2788,0.36
b99fc30c4195958fbef217fa9ed9ec8f,CL:4030014,Kidney.kidney loop of Henle long descending thin limb inner medulla epithelial cell,8,2788,0.29
b99fc30c4195958fbef217fa9ed9ec8f,CL:4030011,Kidney.epithelial cell of proximal tubule segment 3,8,2788,0.29
b99fc30c4195958fbef217fa9ed9ec8f,CL:1000716,Kidney.kidney outer medulla collecting duct principal cell,8,2788,0.29
b99fc30c4195958fbef217fa9ed9ec8f,CL:1001318,Kidney.renal interstitial pericyte,5,2788,0.18
b99fc30c4195958fbef217fa9ed9ec8f,CL:0000650,Kidney.mesangial cell,3,2788,0.11
b99fc30c4195958fbef217fa9ed9ec8f,CL:1000452,Kidney.parietal epithelial cell,3,2788,0.11
b99fc30c4195958fbef217fa9ed9ec8f,CL:1000698,Kidney.kidney resident macrophage,2,2788,0.07
b99fc30c4195958fbef217fa9ed9ec8f,CL:0000084,Kidney.T cell,2,2788,0.07
b99fc30c4195958fbef217fa9ed9ec8f,CL:4030018,Kidney.kidney connecting tubule principal cell,2,2788,0.07
b99fc30c4195958fbef217fa9ed9ec8f,CL:0002138,Kidney.endothelial cell of lymphatic vessel,1,2788,0.04
b99fc30c4195958fbef217fa9ed9ec8f,CL:4030010,Kidney.epithelial cell of proximal tubule segment 2,1,2788,0.04
b99fc30c4195958fbef217fa9ed9ec8f,CL:4030017,Kidney.epithelial cell of late distal convoluted tubule,1,2788,0.04
b99fc30c4195958fbef217fa9ed9ec8f,CL:4030020,Kidney.kidney connecting tubule alpha-intercalated cell,1,2788,0.04
b99fc30c4195958fbef217fa9ed9ec8f,CL:0000814,Kidney.mature NK T cell,1,2788,0.04
0b6f63f2bd61a8c091fc7afc0f318ad1,CL:1000597,Kidney.papillary tips cell,8611,20990,41.02
0b6f63f2bd61a8c091fc7afc0f318ad1,CL:4030022,Kidney.renal medullary fibroblast,2129,20990,10.14
0b6f63f2bd61a8c091fc7afc0f318ad1,CL:1000718,Kidney.kidney inner medulla collecting duct principal cell,1937,20990,9.23
0b6f63f2bd61a8c091fc7afc0f318ad1,CL:0000057,Kidney.kidney interstitial fibroblast,1482,20990,7.06
0b6f63f2bd61a8c091fc7afc0f318ad1,CL:1000768,Kidney.kidney connecting tubule epithelial cell,1426,20990,6.79
0b6f63f2bd61a8c091fc7afc0f318ad1,CL:1000714,Kidney.kidney cortex collecting duct principal cell,1005,20990,4.79
0b6f63f2bd61a8c091fc7afc0f318ad1,CL:1001318,Kidney.renal interstitial pericyte,794,20990,3.78
0b6f63f2bd61a8c091fc7afc0f318ad1,CL:1000715,Kidney.kidney cortex collecting duct intercalated cell,690,20990,3.29
0b6f63f2bd61a8c091fc7afc0f318ad1,CL:4030016,Kidney.epithelial cell of early distal convoluted tubule,517,20990,2.46
0b6f63f2bd61a8c091fc7afc0f318ad1,CL:1000698,Kidney.kidney resident macrophage,477,20990,2.27
0b6f63f2bd61a8c091fc7afc0f318ad1,CL:1001033,Kidney.peritubular capillary endothelial cell,267,20990,1.27
0b6f63f2bd61a8c091fc7afc0f318ad1,CL:1000452,Kidney.parietal epithelial cell,266,20990,1.27
0b6f63f2bd61a8c091fc7afc0f318ad1,CL:4030012,Kidney.kidney loop of Henle short descending thin limb epithelial cell,260,20990,1.24
0b6f63f2bd61a8c091fc7afc0f318ad1,CL:0011031,Kidney.monocyte-derived dendritic cell,194,20990,0.92
0b6f63f2bd61a8c091fc7afc0f318ad1,CL:1001285,Kidney.vasa recta descending limb cell,190,20990,0.91
0b6f63f2bd61a8c091fc7afc0f318ad1,CL:4030009,Kidney.epithelial cell of proximal tubule segment 1,113,20990,0.54
0b6f63f2bd61a8c091fc7afc0f318ad1,CL:0000875,Kidney.non-classical monocyte,94,20990,0.45
0b6f63f2bd61a8c091fc7afc0f318ad1,CL:0000650,Kidney.mesangial cell,75,20990,0.36
0b6f63f2bd61a8c091fc7afc0f318ad1,CL:0000084,Kidney.T cell,72,20990,0.34
0b6f63f2bd61a8c091fc7afc0f318ad1,CL:1001108,Kidney.kidney loop of Henle medullary thick ascending limb epithelial cell,61,20990,0.29
0b6f63f2bd61a8c091fc7afc0f318ad1,CL:4030013,Kidney.kidney loop of Henle long descending thin limb outer medulla epithelial cell,59,20990,0.28
0b6f63f2bd61a8c091fc7afc0f318ad1,CL:0002138,Kidney.endothelial cell of lymphatic vessel,48,20990,0.23
0b6f63f2bd61a8c091fc7afc0f318ad1,CL:1001131,Kidney.vasa recta ascending limb cell,37,20990,0.18
0b6f63f2bd61a8c091fc7afc0f318ad1,CL:0000236,Kidney.B cell,31,20990,0.15
0b6f63f2bd61a8c091fc7afc0f318ad1,CL:1000412,Kidney.endothelial cell of arteriole,29,20990,0.14
0b6f63f2bd61a8c091fc7afc0f318ad1,CL:0000814,Kidney.mature NK T cell,27,20990,0.13
0b6f63f2bd61a8c091fc7afc0f318ad1,CL:1001005,Kidney.glomerular capillary endothelial cell,27,20990,0.13
0b6f63f2bd61a8c091fc7afc0f318ad1,CL:0002201,Kidney.renal beta-intercalated cell,21,20990,0.1
0b6f63f2bd61a8c091fc7afc0f318ad1,CL:1000716,Kidney.kidney outer medulla collecting duct principal cell,13,20990,0.06
0b6f63f2bd61a8c091fc7afc0f318ad1,CL:0000653,Kidney.podocyte,13,20990,0.06
0b6f63f2bd61a8c091fc7afc0f318ad1,CL:0002573,Kidney.Schwann cell,8,20990,0.04
0b6f63f2bd61a8c091fc7afc0f318ad1,CL:0000648,Kidney.kidney granular cell,4,20990,0.02
0b6f63f2bd61a8c091fc7afc0f318ad1,CL:4030014,Kidney.kidney loop of Henle long descending thin limb inner medulla epithelial cell,3,20990,0.01
0b6f63f2bd61a8c091fc7afc0f318ad1,CL:1000717,Kidney.kidney outer medulla collecting duct intercalated cell,3,20990,0.01
0b6f63f2bd61a8c091fc7afc0f318ad1,CL:1001107,Kidney.kidney loop of Henle thin ascending limb epithelial cell,2,20990,0.01
0b6f63f2bd61a8c091fc7afc0f318ad1,CL:1000850,Kidney.macula densa epithelial cell,2,20990,0.01
0b6f63f2bd61a8c091fc7afc0f318ad1,CL:0000990,Kidney.conventional dendritic cell,1,20990,0.0
0b6f63f2bd61a8c091fc7afc0f318ad1,CL:0000097,Kidney.mast cell,1,20990,0.0
0b6f63f2bd61a8c091fc7afc0f318ad1,CL:0000786,Kidney.plasma cell,1,20990,0.0
173de2e80adf6a73ac8cff5ccce20dfc,CL:1000597,Kidney.papillary tips cell,3046,6988,43.59
173de2e80adf6a73ac8cff5ccce20dfc,CL:4030022,Kidney.renal medullary fibroblast,1250,6988,17.89
173de2e80adf6a73ac8cff5ccce20dfc,CL:0000057,Kidney.kidney interstitial fibroblast,951,6988,13.61
173de2e80adf6a73ac8cff5ccce20dfc,CL:1000768,Kidney.kidney connecting tubule epithelial cell,849,6988,12.15
173de2e80adf6a73ac8cff5ccce20dfc,CL:1000698,Kidney.kidney resident macrophage,249,6988,3.56
173de2e80adf6a73ac8cff5ccce20dfc,CL:1001318,Kidney.renal interstitial pericyte,242,6988,3.46
173de2e80adf6a73ac8cff5ccce20dfc,CL:0000084,Kidney.T cell,92,6988,1.32
173de2e80adf6a73ac8cff5ccce20dfc,CL:0000097,Kidney.mast cell,63,6988,0.9
173de2e80adf6a73ac8cff5ccce20dfc,CL:1001285,Kidney.vasa recta descending limb cell,55,6988,0.79
173de2e80adf6a73ac8cff5ccce20dfc,CL:1001033,Kidney.peritubular capillary endothelial cell,42,6988,0.6
173de2e80adf6a73ac8cff5ccce20dfc,CL:0011031,Kidney.monocyte-derived dendritic cell,38,6988,0.54
173de2e80adf6a73ac8cff5ccce20dfc,CL:1000718,Kidney.kidney inner medulla collecting duct principal cell,17,6988,0.24
173de2e80adf6a73ac8cff5ccce20dfc,CL:0002138,Kidney.endothelial cell of lymphatic vessel,15,6988,0.21
173de2e80adf6a73ac8cff5ccce20dfc,CL:1000412,Kidney.endothelial cell of arteriole,14,6988,0.2
173de2e80adf6a73ac8cff5ccce20dfc,CL:4030009,Kidney.epithelial cell of proximal tubule segment 1,13,6988,0.19
173de2e80adf6a73ac8cff5ccce20dfc,CL:1001131,Kidney.vasa recta ascending limb cell,9,6988,0.13
173de2e80adf6a73ac8cff5ccce20dfc,CL:0000650,Kidney.mesangial cell,7,6988,0.1
173de2e80adf6a73ac8cff5ccce20dfc,CL:1000714,Kidney.kidney cortex collecting duct principal cell,7,6988,0.1
173de2e80adf6a73ac8cff5ccce20dfc,CL:0000990,Kidney.conventional dendritic cell,6,6988,0.09
173de2e80adf6a73ac8cff5ccce20dfc,CL:4030018,Kidney.kidney connecting tubule principal cell,5,6988,0.07
173de2e80adf6a73ac8cff5ccce20dfc,CL:0000875,Kidney.non-classical monocyte,5,6988,0.07
173de2e80adf6a73ac8cff5ccce20dfc,CL:4030012,Kidney.kidney loop of Henle short descending thin limb epithelial cell,3,6988,0.04
173de2e80adf6a73ac8cff5ccce20dfc,CL:0000786,Kidney.plasma cell,3,6988,0.04
173de2e80adf6a73ac8cff5ccce20dfc,CL:0000236,Kidney.B cell,2,6988,0.03
173de2e80adf6a73ac8cff5ccce20dfc,CL:1001005,Kidney.glomerular capillary endothelial cell,2,6988,0.03
173de2e80adf6a73ac8cff5ccce20dfc,CL:0002573,Kidney.Schwann cell,1,6988,0.01
173de2e80adf6a73ac8cff5ccce20dfc,CL:0000653,Kidney.podocyte,1,6988,0.01
173de2e80adf6a73ac8cff5ccce20dfc,CL:1000452,Kidney.parietal epithelial cell,1,6988,0.01
af5741dad7aecf7960a129c3d2ae642a,CL:1001109,Kidney.kidney loop of Henle cortical thick ascending limb epithelial cell,1720,3987,43.14
af5741dad7aecf7960a129c3d2ae642a,CL:1000714,Kidney.kidney cortex collecting duct principal cell,581,3987,14.57
af5741dad7aecf7960a129c3d2ae642a,CL:1000718,Kidney.kidney inner medulla collecting duct principal cell,256,3987,6.42
af5741dad7aecf7960a129c3d2ae642a,CL:1001108,Kidney.kidney loop of Henle medullary thick ascending limb epithelial cell,226,3987,5.67
af5741dad7aecf7960a129c3d2ae642a,CL:4030012,Kidney.kidney loop of Henle short descending thin limb epithelial cell,185,3987,4.64
af5741dad7aecf7960a129c3d2ae642a,CL:4030009,Kidney.epithelial cell of proximal tubule segment 1,143,3987,3.59
af5741dad7aecf7960a129c3d2ae642a,CL:1001285,Kidney.vasa recta descending limb cell,107,3987,2.68
af5741dad7aecf7960a129c3d2ae642a,CL:4030013,Kidney.kidney loop of Henle long descending thin limb outer medulla epithelial cell,99,3987,2.48
af5741dad7aecf7960a129c3d2ae642a,CL:1000717,Kidney.kidney outer medulla collecting duct intercalated cell,92,3987,2.31
af5741dad7aecf7960a129c3d2ae642a,CL:1001033,Kidney.peritubular capillary endothelial cell,87,3987,2.18
af5741dad7aecf7960a129c3d2ae642a,CL:1001131,Kidney.vasa recta ascending limb cell,71,3987,1.78
af5741dad7aecf7960a129c3d2ae642a,CL:4030016,Kidney.epithelial cell of early distal convoluted tubule,57,3987,1.43
af5741dad7aecf7960a129c3d2ae642a,CL:0000653,Kidney.podocyte,53,3987,1.33
af5741dad7aecf7960a129c3d2ae642a,CL:4030022,Kidney.renal medullary fibroblast,52,3987,1.3
af5741dad7aecf7960a129c3d2ae642a,CL:1000715,Kidney.kidney cortex collecting duct intercalated cell,50,3987,1.25
af5741dad7aecf7960a129c3d2ae642a,CL:1000768,Kidney.kidney connecting tubule epithelial cell,39,3987,0.98
af5741dad7aecf7960a129c3d2ae642a,CL:1001005,Kidney.glomerular capillary endothelial cell,31,3987,0.78
af5741dad7aecf7960a129c3d2ae642a,CL:0000057,Kidney.kidney interstitial fibroblast,27,3987,0.68
af5741dad7aecf7960a129c3d2ae642a,CL:0000875,Kidney.non-classical monocyte,25,3987,0.63
af5741dad7aecf7960a129c3d2ae642a,CL:1001318,Kidney.renal interstitial pericyte,21,3987,0.53
af5741dad7aecf7960a129c3d2ae642a,CL:4030014,Kidney.kidney loop of Henle long descending thin limb inner medulla epithelial cell,18,3987,0.45
af5741dad7aecf7960a129c3d2ae642a,CL:4030011,Kidney.epithelial cell of proximal tubule segment 3,17,3987,0.43
af5741dad7aecf7960a129c3d2ae642a,CL:1000716,Kidney.kidney outer medulla collecting duct principal cell,5,3987,0.13
af5741dad7aecf7960a129c3d2ae642a,CL:1000850,Kidney.macula densa epithelial cell,4,3987,0.1
af5741dad7aecf7960a129c3d2ae642a,CL:0000650,Kidney.mesangial cell,4,3987,0.1
af5741dad7aecf7960a129c3d2ae642a,CL:0002138,Kidney.endothelial cell of lymphatic vessel,4,3987,0.1
af5741dad7aecf7960a129c3d2ae642a,CL:1000452,Kidney.parietal epithelial cell,3,3987,0.08
af5741dad7aecf7960a129c3d2ae642a,CL:1001107,Kidney.kidney loop of Henle thin ascending limb epithelial cell,3,3987,0.08
af5741dad7aecf7960a129c3d2ae642a,CL:1000698,Kidney.kidney resident macrophage,2,3987,0.05
af5741dad7aecf7960a129c3d2ae642a,CL:0000236,Kidney.B cell,1,3987,0.03
af5741dad7aecf7960a129c3d2ae642a,CL:0000084,Kidney.T cell,1,3987,0.03
af5741dad7aecf7960a129c3d2ae642a,CL:4030018,Kidney.kidney connecting tubule principal cell,1,3987,0.03
af5741dad7aecf7960a129c3d2ae642a,CL:0000814,Kidney.mature NK T cell,1,3987,0.03
af5741dad7aecf7960a129c3d2ae642a,CL:0002201,Kidney.renal beta-intercalated cell,1,3987,0.03
224e01ccfc20977ee5a6a6a5b96aa7d7,CL:0002131,Heart.regular ventricular cardiac myocyte,4047,4826,83.86
224e01ccfc20977ee5a6a6a5b96aa7d7,CL:0000057,Heart.fibroblast,424,4826,8.79
224e01ccfc20977ee5a6a6a5b96aa7d7,CL:0002144,Heart.capillary endothelial cell,117,4826,2.42
224e01ccfc20977ee5a6a6a5b96aa7d7,CL:0000235,Heart.macrophage,80,4826,1.66
224e01ccfc20977ee5a6a6a5b96aa7d7,CL:0000669,Heart.pericyte,42,4826,0.87
224e01ccfc20977ee5a6a6a5b96aa7d7,CL:0002138,Heart.endothelial cell of lymphatic vessel,30,4826,0.62
224e01ccfc20977ee5a6a6a5b96aa7d7,CL:0000763,Heart.myeloid cell,25,4826,0.52
224e01ccfc20977ee5a6a6a5b96aa7d7,CL:0002573,Heart.Schwann cell,15,4826,0.31
224e01ccfc20977ee5a6a6a5b96aa7d7,CL:0000236,Heart.B cell,11,4826,0.23
224e01ccfc20977ee5a6a6a5b96aa7d7,CL:1000413,Heart.endothelial cell of artery,11,4826,0.23
224e01ccfc20977ee5a6a6a5b96aa7d7,CL:0000623,Heart.natural killer cell,9,4826,0.19
224e01ccfc20977ee5a6a6a5b96aa7d7,CL:0000192,Heart.smooth muscle cell,6,4826,0.12
224e01ccfc20977ee5a6a6a5b96aa7d7,CL:0000136,Heart.fat cell,4,4826,0.08
224e01ccfc20977ee5a6a6a5b96aa7d7,CL:1000414,Heart.endothelial cell of venule,3,4826,0.06
224e01ccfc20977ee5a6a6a5b96aa7d7,CL:0000077,Heart.mesothelial cell,1,4826,0.02
224e01ccfc20977ee5a6a6a5b96aa7d7,CL:0002129,Heart.regular atrial cardiac myocyte,1,4826,0.02
a48ab0bf5d8084da24859c4e64336e9c,CL:0002131,Heart.regular ventricular cardiac myocyte,1916,3208,59.73
a48ab0bf5d8084da24859c4e64336e9c,CL:0002144,Heart.capillary endothelial cell,374,3208,11.66
a48ab0bf5d8084da24859c4e64336e9c,CL:0000057,Heart.fibroblast,309,3208,9.63
a48ab0bf5d8084da24859c4e64336e9c,CL:0000669,Heart.pericyte,159,3208,4.96
a48ab0bf5d8084da24859c4e64336e9c,CL:1000413,Heart.endothelial cell of artery,76,3208,2.37
a48ab0bf5d8084da24859c4e64336e9c,CL:0000236,Heart.B cell,75,3208,2.34
a48ab0bf5d8084da24859c4e64336e9c,CL:1000414,Heart.endothelial cell of venule,74,3208,2.31
a48ab0bf5d8084da24859c4e64336e9c,CL:0000192,Heart.smooth muscle cell,61,3208,1.9
a48ab0bf5d8084da24859c4e64336e9c,CL:0000235,Heart.macrophage,61,3208,1.9
a48ab0bf5d8084da24859c4e64336e9c,CL:0000763,Heart.myeloid cell,33,3208,1.03
a48ab0bf5d8084da24859c4e64336e9c,CL:0000084,Heart.T cell,30,3208,0.94
a48ab0bf5d8084da24859c4e64336e9c,CL:0002350,Heart.endocardial cell,16,3208,0.5
a48ab0bf5d8084da24859c4e64336e9c,CL:0002573,Heart.Schwann cell,8,3208,0.25
a48ab0bf5d8084da24859c4e64336e9c,CL:0002138,Heart.endothelial cell of lymphatic vessel,8,3208,0.25
a48ab0bf5d8084da24859c4e64336e9c,CL:0000623,Heart.natural killer cell,3,3208,0.09
a48ab0bf5d8084da24859c4e64336e9c,CL:0000077,Heart.mesothelial cell,2,3208,0.06
a48ab0bf5d8084da24859c4e64336e9c,CL:0000097,Heart.mast cell,2,3208,0.06
a48ab0bf5d8084da24859c4e64336e9c,CL:0000136,Heart.fat cell,1,3208,0.03
33b9c54d7c295897826e1e5271d4fc24,CL:0002131,Heart.regular ventricular cardiac myocyte,649,736,88.18
33b9c54d7c295897826e1e5271d4fc24,CL:0000057,Heart.fibroblast,53,736,7.2
33b9c54d7c295897826e1e5271d4fc24,CL:0002144,Heart.capillary endothelial cell,18,736,2.45
33b9c54d7c295897826e1e5271d4fc24,CL:0002350,Heart.endocardial cell,9,736,1.22
33b9c54d7c295897826e1e5271d4fc24,CL:0000235,Heart.macrophage,5,736,0.68
33b9c54d7c295897826e1e5271d4fc24,CL:0000077,Heart.mesothelial cell,2,736,0.27
35e9bf0f58152ceb6f4d01052ac8867d,CL:0000057,Heart.fibroblast,1157,3227,35.85
35e9bf0f58152ceb6f4d01052ac8867d,CL:0000763,Heart.myeloid cell,419,3227,12.98
35e9bf0f58152ceb6f4d01052ac8867d,CL:0000235,Heart.macrophage,369,3227,11.43
35e9bf0f58152ceb6f4d01052ac8867d,CL:0002131,Heart.regular ventricular cardiac myocyte,296,3227,9.17
35e9bf0f58152ceb6f4d01052ac8867d,CL:0000236,Heart.B cell,269,3227,8.34
35e9bf0f58152ceb6f4d01052ac8867d,CL:0002144,Heart.capillary endothelial cell,246,3227,7.62
35e9bf0f58152ceb6f4d01052ac8867d,CL:0000669,Heart.pericyte,168,3227,5.21
35e9bf0f58152ceb6f4d01052ac8867d,CL:0000623,Heart.natural killer cell,85,3227,2.63
35e9bf0f58152ceb6f4d01052ac8867d,CL:1000413,Heart.endothelial cell of artery,64,3227,1.98
35e9bf0f58152ceb6f4d01052ac8867d,CL:1000414,Heart.endothelial cell of venule,50,3227,1.55
35e9bf0f58152ceb6f4d01052ac8867d,CL:0000084,Heart.T cell,28,3227,0.87
35e9bf0f58152ceb6f4d01052ac8867d,CL:0002350,Heart.endocardial cell,20,3227,0.62
35e9bf0f58152ceb6f4d01052ac8867d,CL:0002573,Heart.Schwann cell,17,3227,0.53
35e9bf0f58152ceb6f4d01052ac8867d,CL:0000192,Heart.smooth muscle cell,13,3227,0.4
35e9bf0f58152ceb6f4d01052ac8867d,CL:0000077,Heart.mesothelial cell,9,3227,0.28
35e9bf0f58152ceb6f4d01052ac8867d,CL:0000097,Heart.mast cell,6,3227,0.19
35e9bf0f58152ceb6f4d01052ac8867d,CL:0002138,Heart.endothelial cell of lymphatic vessel,5,3227,0.15
35e9bf0f58152ceb6f4d01052ac8867d,CL:0000136,Heart.fat cell,4,3227,0.12
35e9bf0f58152ceb6f4d01052ac8867d,CL:0000115,Heart.endothelial cell,1,3227,0.03
35e9bf0f58152ceb6f4d01052ac8867d,CL:0002129,Heart.regular atrial cardiac myocyte,1,3227,0.03
17f67cb15e59f65e640d85d2f3866cde,CL:0000057,Heart.fibroblast,2362,5735,41.19
17f67cb15e59f65e640d85d2f3866cde,CL:0002131,Heart.regular ventricular cardiac myocyte,755,5735,13.16
17f67cb15e59f65e640d85d2f3866cde,CL:0000235,Heart.macrophage,443,5735,7.72
17f67cb15e59f65e640d85d2f3866cde,CL:0000236,Heart.B cell,427,5735,7.45
17f67cb15e59f65e640d85d2f3866cde,CL:0000763,Heart.myeloid cell,420,5735,7.32
17f67cb15e59f65e640d85d2f3866cde,CL:0002144,Heart.capillary endothelial cell,325,5735,5.67
17f67cb15e59f65e640d85d2f3866cde,CL:0002350,Heart.endocardial cell,234,5735,4.08
17f67cb15e59f65e640d85d2f3866cde,CL:0000669,Heart.pericyte,164,5735,2.86
17f67cb15e59f65e640d85d2f3866cde,CL:0000623,Heart.natural killer cell,155,5735,2.7
17f67cb15e59f65e640d85d2f3866cde,CL:1000414,Heart.endothelial cell of venule,151,5735,2.63
17f67cb15e59f65e640d85d2f3866cde,CL:0000084,Heart.T cell,77,5735,1.34
17f67cb15e59f65e640d85d2f3866cde,CL:0002138,Heart.endothelial cell of lymphatic vessel,69,5735,1.2
17f67cb15e59f65e640d85d2f3866cde,CL:1000413,Heart.endothelial cell of artery,47,5735,0.82
17f67cb15e59f65e640d85d2f3866cde,CL:0000097,Heart.mast cell,31,5735,0.54
17f67cb15e59f65e640d85d2f3866cde,CL:0002573,Heart.Schwann cell,30,5735,0.52
17f67cb15e59f65e640d85d2f3866cde,CL:0000192,Heart.smooth muscle cell,20,5735,0.35
17f67cb15e59f65e640d85d2f3866cde,CL:0000077,Heart.mesothelial cell,11,5735,0.19
17f67cb15e59f65e640d85d2f3866cde,CL:0000136,Heart.fat cell,8,5735,0.14
17f67cb15e59f65e640d85d2f3866cde,CL:0000115,Heart.endothelial cell,5,5735,0.09
17f67cb15e59f65e640d85d2f3866cde,,Heart.innate lymphoid cell,1,5735,0.02
007f3dfaaa287d5c7c227651f61a9c5b,CL:0000057,Heart.fibroblast,1868,4642,40.24
007f3dfaaa287d5c7c227651f61a9c5b,CL:0000235,Heart.macrophage,621,4642,13.38
007f3dfaaa287d5c7c227651f61a9c5b,CL:0002131,Heart.regular ventricular cardiac myocyte,532,4642,11.46
007f3dfaaa287d5c7c227651f61a9c5b,CL:0002144,Heart.capillary endothelial cell,310,4642,6.68
007f3dfaaa287d5c7c227651f61a9c5b,CL:0000763,Heart.myeloid cell,273,4642,5.88
007f3dfaaa287d5c7c227651f61a9c5b,CL:0000669,Heart.pericyte,185,4642,3.99
007f3dfaaa287d5c7c227651f61a9c5b,CL:0000236,Heart.B cell,163,4642,3.51
007f3dfaaa287d5c7c227651f61a9c5b,CL:0002350,Heart.endocardial cell,158,4642,3.4
007f3dfaaa287d5c7c227651f61a9c5b,CL:0000623,Heart.natural killer cell,135,4642,2.91
007f3dfaaa287d5c7c227651f61a9c5b,CL:1000414,Heart.endothelial cell of venule,134,4642,2.89
007f3dfaaa287d5c7c227651f61a9c5b,CL:0000084,Heart.T cell,127,4642,2.74
007f3dfaaa287d5c7c227651f61a9c5b,CL:1000413,Heart.endothelial cell of artery,36,4642,0.78
007f3dfaaa287d5c7c227651f61a9c5b,CL:0002573,Heart.Schwann cell,24,4642,0.52
007f3dfaaa287d5c7c227651f61a9c5b,CL:0000077,Heart.mesothelial cell,23,4642,0.5
007f3dfaaa287d5c7c227651f61a9c5b,CL:0000097,Heart.mast cell,22,4642,0.47
007f3dfaaa287d5c7c227651f61a9c5b,CL:0002138,Heart.endothelial cell of lymphatic vessel,12,4642,0.26
007f3dfaaa287d5c7c227651f61a9c5b,CL:0000192,Heart.smooth muscle cell,12,4642,0.26
007f3dfaaa287d5c7c227651f61a9c5b,CL:0000136,Heart.fat cell,7,4642,0.15
7d70a4deb9e2f0592f0c56e20ca91169,CL:0000057,Heart.fibroblast,2753,6429,42.82
7d70a4deb9e2f0592f0c56e20ca91169,CL:0000763,Heart.myeloid cell,955,6429,14.85
7d70a4deb9e2f0592f0c56e20ca91169,CL:0000235,Heart.macrophage,760,6429,11.82
7d70a4deb9e2f0592f0c56e20ca91169,CL:0002131,Heart.regular ventricular cardiac myocyte,723,6429,11.25
7d70a4deb9e2f0592f0c56e20ca91169,CL:0002144,Heart.capillary endothelial cell,308,6429,4.79
7d70a4deb9e2f0592f0c56e20ca91169,CL:0000623,Heart.natural killer cell,179,6429,2.78
7d70a4deb9e2f0592f0c56e20ca91169,CL:0000669,Heart.pericyte,176,6429,2.74
7d70a4deb9e2f0592f0c56e20ca91169,CL:0000236,Heart.B cell,157,6429,2.44
7d70a4deb9e2f0592f0c56e20ca91169,CL:1000414,Heart.endothelial cell of venule,127,6429,1.98
7d70a4deb9e2f0592f0c56e20ca91169,CL:0000084,Heart.T cell,104,6429,1.62
7d70a4deb9e2f0592f0c56e20ca91169,CL:1000413,Heart.endothelial cell of artery,56,6429,0.87
7d70a4deb9e2f0592f0c56e20ca91169,CL:0002138,Heart.endothelial cell of lymphatic vessel,39,6429,0.61
7d70a4deb9e2f0592f0c56e20ca91169,CL:0000077,Heart.mesothelial cell,26,6429,0.4
7d70a4deb9e2f0592f0c56e20ca91169,CL:0000097,Heart.mast cell,21,6429,0.33
7d70a4deb9e2f0592f0c56e20ca91169,CL:0002573,Heart.Schwann cell,16,6429,0.25
7d70a4deb9e2f0592f0c56e20ca91169,CL:0000192,Heart.smooth muscle cell,13,6429,0.2
7d70a4deb9e2f0592f0c56e20ca91169,CL:0002350,Heart.endocardial cell,12,6429,0.19
7d70a4deb9e2f0592f0c56e20ca91169,CL:0000136,Heart.fat cell,2,6429,0.03
7d70a4deb9e2f0592f0c56e20ca91169,CL:0000115,Heart.endothelial cell,1,6429,0.02
7d70a4deb9e2f0592f0c56e20ca91169,CL:0002129,Heart.regular atrial cardiac myocyte,1,6429,0.02
22684b9011fc5aea5cb3f89670a461e8,CL:0000057,Heart.fibroblast,1599,4941,32.36
22684b9011fc5aea5cb3f89670a461e8,CL:0002131,Heart.regular ventricular cardiac myocyte,1202,4941,24.33
22684b9011fc5aea5cb3f89670a461e8,CL:0000235,Heart.macrophage,540,4941,10.93
22684b9011fc5aea5cb3f89670a461e8,CL:0000763,Heart.myeloid cell,378,4941,7.65
22684b9011fc5aea5cb3f89670a461e8,CL:0000236,Heart.B cell,275,4941,5.57
22684b9011fc5aea5cb3f89670a461e8,CL:0002144,Heart.capillary endothelial cell,269,4941,5.44
22684b9011fc5aea5cb3f89670a461e8,CL:0002350,Heart.endocardial cell,219,4941,4.43
22684b9011fc5aea5cb3f89670a461e8,CL:0000669,Heart.pericyte,178,4941,3.6
22684b9011fc5aea5cb3f89670a461e8,CL:1000414,Heart.endothelial cell of venule,77,4941,1.56
22684b9011fc5aea5cb3f89670a461e8,CL:0000084,Heart.T cell,48,4941,0.97
22684b9011fc5aea5cb3f89670a461e8,CL:1000413,Heart.endothelial cell of artery,39,4941,0.79
22684b9011fc5aea5cb3f89670a461e8,CL:0000623,Heart.natural killer cell,37,4941,0.75
22684b9011fc5aea5cb3f89670a461e8,CL:0000136,Heart.fat cell,24,4941,0.49
22684b9011fc5aea5cb3f89670a461e8,CL:0002573,Heart.Schwann cell,21,4941,0.43
22684b9011fc5aea5cb3f89670a461e8,CL:0000192,Heart.smooth muscle cell,15,4941,0.3
22684b9011fc5aea5cb3f89670a461e8,CL:0000077,Heart.mesothelial cell,11,4941,0.22
22684b9011fc5aea5cb3f89670a461e8,CL:0000097,Heart.mast cell,5,4941,0.1
22684b9011fc5aea5cb3f89670a461e8,CL:0002138,Heart.endothelial cell of lymphatic vessel,4,4941,0.08
c616de3ce57804ede2dd519a1c8addf2,CL:0000057,Heart.fibroblast,1703,5286,32.22
c616de3ce57804ede2dd519a1c8addf2,CL:0002131,Heart.regular ventricular cardiac myocyte,913,5286,17.27
c616de3ce57804ede2dd519a1c8addf2,CL:0000235,Heart.macrophage,720,5286,13.62
c616de3ce57804ede2dd519a1c8addf2,CL:0000763,Heart.myeloid cell,353,5286,6.68
c616de3ce57804ede2dd519a1c8addf2,CL:0000236,Heart.B cell,327,5286,6.19
c616de3ce57804ede2dd519a1c8addf2,CL:0002144,Heart.capillary endothelial cell,302,5286,5.71
c616de3ce57804ede2dd519a1c8addf2,CL:0002350,Heart.endocardial cell,215,5286,4.07
c616de3ce57804ede2dd519a1c8addf2,CL:0000077,Heart.mesothelial cell,188,5286,3.56
c616de3ce57804ede2dd519a1c8addf2,CL:0000623,Heart.natural killer cell,167,5286,3.16
c616de3ce57804ede2dd519a1c8addf2,CL:0000669,Heart.pericyte,137,5286,2.59
c616de3ce57804ede2dd519a1c8addf2,CL:0000084,Heart.T cell,72,5286,1.36
c616de3ce57804ede2dd519a1c8addf2,CL:1000414,Heart.endothelial cell of venule,72,5286,1.36
c616de3ce57804ede2dd519a1c8addf2,CL:1000413,Heart.endothelial cell of artery,32,5286,0.61
c616de3ce57804ede2dd519a1c8addf2,CL:0002573,Heart.Schwann cell,28,5286,0.53
c616de3ce57804ede2dd519a1c8addf2,CL:0000097,Heart.mast cell,23,5286,0.44
c616de3ce57804ede2dd519a1c8addf2,CL:0002138,Heart.endothelial cell of lymphatic vessel,12,5286,0.23
c616de3ce57804ede2dd519a1c8addf2,CL:0000192,Heart.smooth muscle cell,11,5286,0.21
c616de3ce57804ede2dd519a1c8addf2,CL:0002129,Heart.regular atrial cardiac myocyte,7,5286,0.13
c616de3ce57804ede2dd519a1c8addf2,CL:0000136,Heart.fat cell,4,5286,0.08
149e1be22a4961f9c6240480710836a3,CL:1001109,Kidney.kidney loop of Henle cortical thick ascending limb epithelial cell,8257,50501,16.35
149e1be22a4961f9c6240480710836a3,CL:4030016,Kidney.epithelial cell of early distal convoluted tubule,5335,50501,10.56
149e1be22a4961f9c6240480710836a3,CL:1000718,Kidney.kidney inner medulla collecting duct principal cell,4351,50501,8.62
149e1be22a4961f9c6240480710836a3,CL:4030013,Kidney.kidney loop of Henle long descending thin limb outer medulla epithelial cell,3595,50501,7.12
149e1be22a4961f9c6240480710836a3,CL:1000714,Kidney.kidney cortex collecting duct principal cell,3257,50501,6.45
149e1be22a4961f9c6240480710836a3,CL:1000768,Kidney.kidney connecting tubule epithelial cell,2599,50501,5.15
149e1be22a4961f9c6240480710836a3,CL:1001108,Kidney.kidney loop of Henle medullary thick ascending limb epithelial cell,2462,50501,4.88
149e1be22a4961f9c6240480710836a3,CL:4030011,Kidney.epithelial cell of proximal tubule segment 3,2376,50501,4.7
149e1be22a4961f9c6240480710836a3,CL:4030009,Kidney.epithelial cell of proximal tubule segment 1,2165,50501,4.29
149e1be22a4961f9c6240480710836a3,CL:1000715,Kidney.kidney cortex collecting duct intercalated cell,1939,50501,3.84
149e1be22a4961f9c6240480710836a3,CL:4030012,Kidney.kidney loop of Henle short descending thin limb epithelial cell,1877,50501,3.72
149e1be22a4961f9c6240480710836a3,CL:1001107,Kidney.kidney loop of Henle thin ascending limb epithelial cell,1799,50501,3.56
149e1be22a4961f9c6240480710836a3,CL:1000716,Kidney.kidney outer medulla collecting duct principal cell,1482,50501,2.93
149e1be22a4961f9c6240480710836a3,CL:0000057,Kidney.kidney interstitial fibroblast,1478,50501,2.93
149e1be22a4961f9c6240480710836a3,CL:1000717,Kidney.kidney outer medulla collecting duct intercalated cell,1257,50501,2.49
149e1be22a4961f9c6240480710836a3,CL:1000850,Kidney.macula densa epithelial cell,1051,50501,2.08
149e1be22a4961f9c6240480710836a3,CL:1001033,Kidney.peritubular capillary endothelial cell,966,50501,1.91
149e1be22a4961f9c6240480710836a3,CL:4030022,Kidney.renal medullary fibroblast,726,50501,1.44
149e1be22a4961f9c6240480710836a3,CL:4030014,Kidney.kidney loop of Henle long descending thin limb inner medulla epithelial cell,510,50501,1.01
149e1be22a4961f9c6240480710836a3,CL:1000452,Kidney.parietal epithelial cell,503,50501,1.0
149e1be22a4961f9c6240480710836a3,CL:0000653,Kidney.podocyte,384,50501,0.76
149e1be22a4961f9c6240480710836a3,CL:0000650,Kidney.mesangial cell,372,50501,0.74
149e1be22a4961f9c6240480710836a3,CL:1001285,Kidney.vasa recta descending limb cell,333,50501,0.66
149e1be22a4961f9c6240480710836a3,CL:0002201,Kidney.renal beta-intercalated cell,304,50501,0.6
149e1be22a4961f9c6240480710836a3,CL:1001318,Kidney.renal interstitial pericyte,258,50501,0.51
149e1be22a4961f9c6240480710836a3,CL:1001005,Kidney.glomerular capillary endothelial cell,239,50501,0.47
149e1be22a4961f9c6240480710836a3,CL:1000698,Kidney.kidney resident macrophage,149,50501,0.3
149e1be22a4961f9c6240480710836a3,CL:1001131,Kidney.vasa recta ascending limb cell,131,50501,0.26
149e1be22a4961f9c6240480710836a3,CL:4030018,Kidney.kidney connecting tubule principal cell,120,50501,0.24
149e1be22a4961f9c6240480710836a3,CL:4030010,Kidney.epithelial cell of proximal tubule segment 2,47,50501,0.09
149e1be22a4961f9c6240480710836a3,CL:1000412,Kidney.endothelial cell of arteriole,46,50501,0.09
149e1be22a4961f9c6240480710836a3,CL:0011031,Kidney.monocyte-derived dendritic cell,45,50501,0.09
149e1be22a4961f9c6240480710836a3,CL:4030017,Kidney.epithelial cell of late distal convoluted tubule,28,50501,0.06
149e1be22a4961f9c6240480710836a3,CL:0000236,Kidney.B cell,27,50501,0.05
149e1be22a4961f9c6240480710836a3,CL:0000084,Kidney.T cell,10,50501,0.02
149e1be22a4961f9c6240480710836a3,CL:0000875,Kidney.non-classical monocyte,8,50501,0.02
149e1be22a4961f9c6240480710836a3,CL:0002138,Kidney.endothelial cell of lymphatic vessel,4,50501,0.01
149e1be22a4961f9c6240480710836a3,CL:0000814,Kidney.mature NK T cell,3,50501,0.01
149e1be22a4961f9c6240480710836a3,CL:0000990,Kidney.conventional dendritic cell,2,50501,0.0
149e1be22a4961f9c6240480710836a3,CL:0000786,Kidney.plasma cell,2,50501,0.0
149e1be22a4961f9c6240480710836a3,CL:0000648,Kidney.kidney granular cell,2,50501,0.0
149e1be22a4961f9c6240480710836a3,CL:4030020,Kidney.kidney connecting tubule alpha-intercalated cell,1,50501,0.0
149e1be22a4961f9c6240480710836a3,CL:1000597,Kidney.papillary tips cell,1,50501,0.0
dc4f4778dd04263c0660addcc93b3807,CL:1000718,Kidney.kidney inner medulla collecting duct principal cell,2665,8062,33.06
dc4f4778dd04263c0660addcc93b3807,CL:1000768,Kidney.kidney connecting tubule epithelial cell,1408,8062,17.46
dc4f4778dd04263c0660addcc93b3807,CL:1000597,Kidney.papillary tips cell,1169,8062,14.5
dc4f4778dd04263c0660addcc93b3807,CL:1000714,Kidney.kidney cortex collecting duct principal cell,712,8062,8.83
dc4f4778dd04263c0660addcc93b3807,CL:4030022,Kidney.renal medullary fibroblast,522,8062,6.47
dc4f4778dd04263c0660addcc93b3807,CL:4030012,Kidney.kidney loop of Henle short descending thin limb epithelial cell,485,8062,6.02
dc4f4778dd04263c0660addcc93b3807,CL:1001131,Kidney.vasa recta ascending limb cell,371,8062,4.6
dc4f4778dd04263c0660addcc93b3807,CL:1001107,Kidney.kidney loop of Henle thin ascending limb epithelial cell,301,8062,3.73
dc4f4778dd04263c0660addcc93b3807,CL:4030014,Kidney.kidney loop of Henle long descending thin limb inner medulla epithelial cell,244,8062,3.03
dc4f4778dd04263c0660addcc93b3807,CL:1000698,Kidney.kidney resident macrophage,66,8062,0.82
dc4f4778dd04263c0660addcc93b3807,CL:1001285,Kidney.vasa recta descending limb cell,54,8062,0.67
dc4f4778dd04263c0660addcc93b3807,CL:1000850,Kidney.macula densa epithelial cell,22,8062,0.27
dc4f4778dd04263c0660addcc93b3807,CL:0000084,Kidney.T cell,15,8062,0.19
dc4f4778dd04263c0660addcc93b3807,CL:0011031,Kidney.monocyte-derived dendritic cell,10,8062,0.12
dc4f4778dd04263c0660addcc93b3807,CL:1001318,Kidney.renal interstitial pericyte,7,8062,0.09
dc4f4778dd04263c0660addcc93b3807,CL:0000814,Kidney.mature NK T cell,5,8062,0.06
dc4f4778dd04263c0660addcc93b3807,CL:0002138,Kidney.endothelial cell of lymphatic vessel,4,8062,0.05
dc4f4778dd04263c0660addcc93b3807,CL:4030013,Kidney.kidney loop of Henle long descending thin limb outer medulla epithelial cell,2,8062,0.02
524dc341a03c155b6f4140e9d72f9b1d,CL:4030009,Kidney.epithelial cell of proximal tubule segment 1,1021,5964,17.12
524dc341a03c155b6f4140e9d72f9b1d,CL:4030016,Kidney.epithelial cell of early distal convoluted tubule,716,5964,12.01
524dc341a03c155b6f4140e9d72f9b1d,CL:1000768,Kidney.kidney connecting tubule epithelial cell,497,5964,8.33
524dc341a03c155b6f4140e9d72f9b1d,CL:1000718,Kidney.kidney inner medulla collecting duct principal cell,454,5964,7.61
524dc341a03c155b6f4140e9d72f9b1d,CL:4030011,Kidney.epithelial cell of proximal tubule segment 3,392,5964,6.57
524dc341a03c155b6f4140e9d72f9b1d,CL:1000714,Kidney.kidney cortex collecting duct principal cell,374,5964,6.27
524dc341a03c155b6f4140e9d72f9b1d,CL:4030013,Kidney.kidney loop of Henle long descending thin limb outer medulla epithelial cell,368,5964,6.17
524dc341a03c155b6f4140e9d72f9b1d,CL:1000715,Kidney.kidney cortex collecting duct intercalated cell,290,5964,4.86
524dc341a03c155b6f4140e9d72f9b1d,CL:1001109,Kidney.kidney loop of Henle cortical thick ascending limb epithelial cell,258,5964,4.33
524dc341a03c155b6f4140e9d72f9b1d,CL:4030012,Kidney.kidney loop of Henle short descending thin limb epithelial cell,228,5964,3.82
524dc341a03c155b6f4140e9d72f9b1d,CL:0000084,Kidney.T cell,209,5964,3.5
524dc341a03c155b6f4140e9d72f9b1d,CL:1001033,Kidney.peritubular capillary endothelial cell,173,5964,2.9
524dc341a03c155b6f4140e9d72f9b1d,CL:0002201,Kidney.renal beta-intercalated cell,151,5964,2.53
524dc341a03c155b6f4140e9d72f9b1d,CL:0000653,Kidney.podocyte,100,5964,1.68
524dc341a03c155b6f4140e9d72f9b1d,CL:1000850,Kidney.macula densa epithelial cell,100,5964,1.68
524dc341a03c155b6f4140e9d72f9b1d,CL:1000698,Kidney.kidney resident macrophage,76,5964,1.27
524dc341a03c155b6f4140e9d72f9b1d,CL:1001005,Kidney.glomerular capillary endothelial cell,62,5964,1.04
524dc341a03c155b6f4140e9d72f9b1d,CL:4030018,Kidney.kidney connecting tubule principal cell,60,5964,1.01
524dc341a03c155b6f4140e9d72f9b1d,CL:0000057,Kidney.kidney interstitial fibroblast,58,5964,0.97
524dc341a03c155b6f4140e9d72f9b1d,CL:1000452,Kidney.parietal epithelial cell,56,5964,0.94
524dc341a03c155b6f4140e9d72f9b1d,CL:1001107,Kidney.kidney loop of Henle thin ascending limb epithelial cell,40,5964,0.67
524dc341a03c155b6f4140e9d72f9b1d,CL:1000717,Kidney.kidney outer medulla collecting duct intercalated cell,32,5964,0.54
524dc341a03c155b6f4140e9d72f9b1d,CL:0000236,Kidney.B cell,29,5964,0.49
524dc341a03c155b6f4140e9d72f9b1d,CL:4030017,Kidney.epithelial cell of late distal convoluted tubule,25,5964,0.42
524dc341a03c155b6f4140e9d72f9b1d,CL:0011031,Kidney.monocyte-derived dendritic cell,23,5964,0.39
524dc341a03c155b6f4140e9d72f9b1d,CL:1001108,Kidney.kidney loop of Henle medullary thick ascending limb epithelial cell,17,5964,0.29
524dc341a03c155b6f4140e9d72f9b1d,CL:0000814,Kidney.mature NK T cell,16,5964,0.27
524dc341a03c155b6f4140e9d72f9b1d,CL:4030014,Kidney.kidney loop of Henle long descending thin limb inner medulla epithelial cell,16,5964,0.27
524dc341a03c155b6f4140e9d72f9b1d,CL:0000097,Kidney.mast cell,15,5964,0.25
524dc341a03c155b6f4140e9d72f9b1d,CL:0000784,"Kidney.plasmacytoid dendritic cell, human",14,5964,0.23
524dc341a03c155b6f4140e9d72f9b1d,CL:1001318,Kidney.renal interstitial pericyte,13,5964,0.22
524dc341a03c155b6f4140e9d72f9b1d,CL:1000716,Kidney.kidney outer medulla collecting duct principal cell,13,5964,0.22
524dc341a03c155b6f4140e9d72f9b1d,CL:0002138,Kidney.endothelial cell of lymphatic vessel,13,5964,0.22
524dc341a03c155b6f4140e9d72f9b1d,CL:0000650,Kidney.mesangial cell,9,5964,0.15
524dc341a03c155b6f4140e9d72f9b1d,CL:0000875,Kidney.non-classical monocyte,8,5964,0.13
524dc341a03c155b6f4140e9d72f9b1d,CL:4030010,Kidney.epithelial cell of proximal tubule segment 2,8,5964,0.13
524dc341a03c155b6f4140e9d72f9b1d,CL:0000990,Kidney.conventional dendritic cell,7,5964,0.12
524dc341a03c155b6f4140e9d72f9b1d,CL:4030022,Kidney.renal medullary fibroblast,7,5964,0.12
524dc341a03c155b6f4140e9d72f9b1d,CL:0000786,Kidney.plasma cell,5,5964,0.08
524dc341a03c155b6f4140e9d72f9b1d,CL:1000412,Kidney.endothelial cell of arteriole,5,5964,0.08
524dc341a03c155b6f4140e9d72f9b1d,CL:1001285,Kidney.vasa recta descending limb cell,2,5964,0.03
524dc341a03c155b6f4140e9d72f9b1d,CL:1001131,Kidney.vasa recta ascending limb cell,2,5964,0.03
524dc341a03c155b6f4140e9d72f9b1d,CL:4030020,Kidney.kidney connecting tubule alpha-intercalated cell,1,5964,0.02
524dc341a03c155b6f4140e9d72f9b1d,CL:0000775,Kidney.neutrophil,1,5964,0.02
d482512016a61ef479960e2cb58552f2,CL:4030022,Kidney.renal medullary fibroblast,1559,8275,18.84
d482512016a61ef479960e2cb58552f2,CL:1000718,Kidney.kidney inner medulla collecting duct principal cell,1393,8275,16.83
d482512016a61ef479960e2cb58552f2,CL:4030012,Kidney.kidney loop of Henle short descending thin limb epithelial cell,1149,8275,13.89
d482512016a61ef479960e2cb58552f2,CL:1000714,Kidney.kidney cortex collecting duct principal cell,926,8275,11.19
d482512016a61ef479960e2cb58552f2,CL:1000768,Kidney.kidney connecting tubule epithelial cell,918,8275,11.09
d482512016a61ef479960e2cb58552f2,CL:1001107,Kidney.kidney loop of Henle thin ascending limb epithelial cell,632,8275,7.64
d482512016a61ef479960e2cb58552f2,CL:1001131,Kidney.vasa recta ascending limb cell,440,8275,5.32
d482512016a61ef479960e2cb58552f2,CL:1001285,Kidney.vasa recta descending limb cell,294,8275,3.55
d482512016a61ef479960e2cb58552f2,CL:4030014,Kidney.kidney loop of Henle long descending thin limb inner medulla epithelial cell,255,8275,3.08
d482512016a61ef479960e2cb58552f2,CL:1000597,Kidney.papillary tips cell,153,8275,1.85
d482512016a61ef479960e2cb58552f2,CL:1001318,Kidney.renal interstitial pericyte,108,8275,1.31
d482512016a61ef479960e2cb58552f2,CL:1001108,Kidney.kidney loop of Henle medullary thick ascending limb epithelial cell,101,8275,1.22
d482512016a61ef479960e2cb58552f2,CL:0000057,Kidney.kidney interstitial fibroblast,67,8275,0.81
d482512016a61ef479960e2cb58552f2,CL:4030013,Kidney.kidney loop of Henle long descending thin limb outer medulla epithelial cell,63,8275,0.76
d482512016a61ef479960e2cb58552f2,CL:1000698,Kidney.kidney resident macrophage,55,8275,0.66
d482512016a61ef479960e2cb58552f2,CL:1000717,Kidney.kidney outer medulla collecting duct intercalated cell,50,8275,0.6
d482512016a61ef479960e2cb58552f2,CL:0011031,Kidney.monocyte-derived dendritic cell,26,8275,0.31
d482512016a61ef479960e2cb58552f2,CL:1000716,Kidney.kidney outer medulla collecting duct principal cell,15,8275,0.18
d482512016a61ef479960e2cb58552f2,CL:1000452,Kidney.parietal epithelial cell,12,8275,0.15
d482512016a61ef479960e2cb58552f2,CL:0000084,Kidney.T cell,11,8275,0.13
d482512016a61ef479960e2cb58552f2,CL:1000850,Kidney.macula densa epithelial cell,9,8275,0.11
d482512016a61ef479960e2cb58552f2,CL:4030009,Kidney.epithelial cell of proximal tubule segment 1,7,8275,0.08
d482512016a61ef479960e2cb58552f2,CL:0000650,Kidney.mesangial cell,6,8275,0.07
d482512016a61ef479960e2cb58552f2,CL:0002138,Kidney.endothelial cell of lymphatic vessel,5,8275,0.06
d482512016a61ef479960e2cb58552f2,CL:0000113,Kidney.mononuclear phagocyte,4,8275,0.05
d482512016a61ef479960e2cb58552f2,CL:4030011,Kidney.epithelial cell of proximal tubule segment 3,3,8275,0.04
d482512016a61ef479960e2cb58552f2,CL:0000875,Kidney.non-classical monocyte,3,8275,0.04
d482512016a61ef479960e2cb58552f2,CL:1001033,Kidney.peritubular capillary endothelial cell,3,8275,0.04
d482512016a61ef479960e2cb58552f2,CL:0000653,Kidney.podocyte,2,8275,0.02
d482512016a61ef479960e2cb58552f2,CL:0000775,Kidney.neutrophil,2,8275,0.02
d482512016a61ef479960e2cb58552f2,CL:1001005,Kidney.glomerular capillary endothelial cell,1,8275,0.01
d482512016a61ef479960e2cb58552f2,CL:1001109,Kidney.kidney loop of Henle cortical thick ascending limb epithelial cell,1,8275,0.01
d482512016a61ef479960e2cb58552f2,CL:0000814,Kidney.mature NK T cell,1,8275,0.01
d482512016a61ef479960e2cb58552f2,CL:0000786,Kidney.plasma cell,1,8275,0.01
63349325056ccff582f1d095055c7e12,CL:1001109,Kidney.kidney loop of Henle cortical thick ascending limb epithelial cell,3031,8339,36.35
63349325056ccff582f1d095055c7e12,CL:1001108,Kidney.kidney loop of Henle medullary thick ascending limb epithelial cell,1199,8339,14.38
63349325056ccff582f1d095055c7e12,CL:1000768,Kidney.kidney connecting tubule epithelial cell,758,8339,9.09
63349325056ccff582f1d095055c7e12,CL:4030012,Kidney.kidney loop of Henle short descending thin limb epithelial cell,579,8339,6.94
63349325056ccff582f1d095055c7e12,CL:1000714,Kidney.kidney cortex collecting duct principal cell,359,8339,4.31
63349325056ccff582f1d095055c7e12,CL:4030016,Kidney.epithelial cell of early distal convoluted tubule,354,8339,4.25
63349325056ccff582f1d095055c7e12,CL:1001285,Kidney.vasa recta descending limb cell,306,8339,3.67
63349325056ccff582f1d095055c7e12,CL:1000715,Kidney.kidney cortex collecting duct intercalated cell,236,8339,2.83
63349325056ccff582f1d095055c7e12,CL:1001033,Kidney.peritubular capillary endothelial cell,203,8339,2.43
63349325056ccff582f1d095055c7e12,CL:1000850,Kidney.macula densa epithelial cell,166,8339,1.99
63349325056ccff582f1d095055c7e12,CL:1000716,Kidney.kidney outer medulla collecting duct principal cell,165,8339,1.98
63349325056ccff582f1d095055c7e12,CL:4030013,Kidney.kidney loop of Henle long descending thin limb outer medulla epithelial cell,135,8339,1.62
63349325056ccff582f1d095055c7e12,CL:1001107,Kidney.kidney loop of Henle thin ascending limb epithelial cell,123,8339,1.47
63349325056ccff582f1d095055c7e12,CL:0000057,Kidney.kidney interstitial fibroblast,107,8339,1.28
63349325056ccff582f1d095055c7e12,CL:1000717,Kidney.kidney outer medulla collecting duct intercalated cell,89,8339,1.07
63349325056ccff582f1d095055c7e12,CL:1001131,Kidney.vasa recta ascending limb cell,85,8339,1.02
63349325056ccff582f1d095055c7e12,CL:4030011,Kidney.epithelial cell of proximal tubule segment 3,85,8339,1.02
63349325056ccff582f1d095055c7e12,CL:1001318,Kidney.renal interstitial pericyte,71,8339,0.85
63349325056ccff582f1d095055c7e12,CL:4030022,Kidney.renal medullary fibroblast,69,8339,0.83
63349325056ccff582f1d095055c7e12,CL:1001005,Kidney.glomerular capillary endothelial cell,52,8339,0.62
63349325056ccff582f1d095055c7e12,CL:1000718,Kidney.kidney inner medulla collecting duct principal cell,39,8339,0.47
63349325056ccff582f1d095055c7e12,CL:0002201,Kidney.renal beta-intercalated cell,35,8339,0.42
63349325056ccff582f1d095055c7e12,CL:4030009,Kidney.epithelial cell of proximal tubule segment 1,26,8339,0.31
63349325056ccff582f1d095055c7e12,CL:1000412,Kidney.endothelial cell of arteriole,17,8339,0.2
63349325056ccff582f1d095055c7e12,CL:4030014,Kidney.kidney loop of Henle long descending thin limb inner medulla epithelial cell,14,8339,0.17
63349325056ccff582f1d095055c7e12,CL:0000653,Kidney.podocyte,8,8339,0.1
63349325056ccff582f1d095055c7e12,CL:1000698,Kidney.kidney resident macrophage,8,8339,0.1
63349325056ccff582f1d095055c7e12,CL:0002138,Kidney.endothelial cell of lymphatic vessel,8,8339,0.1
63349325056ccff582f1d095055c7e12,CL:1000452,Kidney.parietal epithelial cell,5,8339,0.06
63349325056ccff582f1d095055c7e12,CL:0000875,Kidney.non-classical monocyte,2,8339,0.02
63349325056ccff582f1d095055c7e12,CL:4030018,Kidney.kidney connecting tubule principal cell,2,8339,0.02
63349325056ccff582f1d095055c7e12,CL:0000650,Kidney.mesangial cell,2,8339,0.02
63349325056ccff582f1d095055c7e12,CL:4030017,Kidney.epithelial cell of late distal convoluted tubule,1,8339,0.01
37988db44acc8d0780e4e31cd057e789,CL:4030009,Kidney.epithelial cell of proximal tubule segment 1,893,2801,31.88
37988db44acc8d0780e4e31cd057e789,CL:4030016,Kidney.epithelial cell of early distal convoluted tubule,602,2801,21.49
37988db44acc8d0780e4e31cd057e789,CL:1000768,Kidney.kidney connecting tubule epithelial cell,307,2801,10.96
37988db44acc8d0780e4e31cd057e789,CL:1000715,Kidney.kidney cortex collecting duct intercalated cell,207,2801,7.39
37988db44acc8d0780e4e31cd057e789,CL:1000718,Kidney.kidney inner medulla collecting duct principal cell,185,2801,6.6
37988db44acc8d0780e4e31cd057e789,CL:1001107,Kidney.kidney loop of Henle thin ascending limb epithelial cell,89,2801,3.18
37988db44acc8d0780e4e31cd057e789,CL:4030013,Kidney.kidney loop of Henle long descending thin limb outer medulla epithelial cell,84,2801,3.0
37988db44acc8d0780e4e31cd057e789,CL:4030017,Kidney.epithelial cell of late distal convoluted tubule,67,2801,2.39
37988db44acc8d0780e4e31cd057e789,CL:4030011,Kidney.epithelial cell of proximal tubule segment 3,60,2801,2.14
37988db44acc8d0780e4e31cd057e789,CL:1001033,Kidney.peritubular capillary endothelial cell,58,2801,2.07
37988db44acc8d0780e4e31cd057e789,CL:4030018,Kidney.kidney connecting tubule principal cell,50,2801,1.79
37988db44acc8d0780e4e31cd057e789,CL:1001109,Kidney.kidney loop of Henle cortical thick ascending limb epithelial cell,48,2801,1.71
37988db44acc8d0780e4e31cd057e789,CL:4030012,Kidney.kidney loop of Henle short descending thin limb epithelial cell,32,2801,1.14
37988db44acc8d0780e4e31cd057e789,CL:1000452,Kidney.parietal epithelial cell,19,2801,0.68
37988db44acc8d0780e4e31cd057e789,CL:1000717,Kidney.kidney outer medulla collecting duct intercalated cell,19,2801,0.68
37988db44acc8d0780e4e31cd057e789,CL:0002201,Kidney.renal beta-intercalated cell,16,2801,0.57
37988db44acc8d0780e4e31cd057e789,CL:1000714,Kidney.kidney cortex collecting duct principal cell,14,2801,0.5
37988db44acc8d0780e4e31cd057e789,CL:0000653,Kidney.podocyte,6,2801,0.21
37988db44acc8d0780e4e31cd057e789,CL:1001108,Kidney.kidney loop of Henle medullary thick ascending limb epithelial cell,6,2801,0.21
37988db44acc8d0780e4e31cd057e789,CL:1001318,Kidney.renal interstitial pericyte,4,2801,0.14
37988db44acc8d0780e4e31cd057e789,CL:1000698,Kidney.kidney resident macrophage,4,2801,0.14
37988db44acc8d0780e4e31cd057e789,CL:1000412,Kidney.endothelial cell of arteriole,4,2801,0.14
37988db44acc8d0780e4e31cd057e789,CL:0000057,Kidney.kidney interstitial fibroblast,4,2801,0.14
37988db44acc8d0780e4e31cd057e789,CL:1000716,Kidney.kidney outer medulla collecting duct principal cell,4,2801,0.14
37988db44acc8d0780e4e31cd057e789,CL:0000084,Kidney.T cell,3,2801,0.11
37988db44acc8d0780e4e31cd057e789,CL:1000850,Kidney.macula densa epithelial cell,3,2801,0.11
37988db44acc8d0780e4e31cd057e789,CL:4030020,Kidney.kidney connecting tubule alpha-intercalated cell,3,2801,0.11
37988db44acc8d0780e4e31cd057e789,CL:0000875,Kidney.non-classical monocyte,2,2801,0.07
37988db44acc8d0780e4e31cd057e789,CL:1001005,Kidney.glomerular capillary endothelial cell,2,2801,0.07
37988db44acc8d0780e4e31cd057e789,CL:0002138,Kidney.endothelial cell of lymphatic vessel,1,2801,0.04
37988db44acc8d0780e4e31cd057e789,CL:4030014,Kidney.kidney loop of Henle long descending thin limb inner medulla epithelial cell,1,2801,0.04
37988db44acc8d0780e4e31cd057e789,CL:0011031,Kidney.monocyte-derived dendritic cell,1,2801,0.04
37988db44acc8d0780e4e31cd057e789,CL:0000814,Kidney.mature NK T cell,1,2801,0.04
37988db44acc8d0780e4e31cd057e789,CL:4030022,Kidney.renal medullary fibroblast,1,2801,0.04
37988db44acc8d0780e4e31cd057e789,CL:1001131,Kidney.vasa recta ascending limb cell,1,2801,0.04
47015df8ab7615a9ce26098d88196dde,CL:1000597,Kidney.papillary tips cell,10499,19242,54.56
47015df8ab7615a9ce26098d88196dde,CL:0000057,Kidney.kidney interstitial fibroblast,1870,19242,9.72
47015df8ab7615a9ce26098d88196dde,CL:4030022,Kidney.renal medullary fibroblast,1323,19242,6.88
47015df8ab7615a9ce26098d88196dde,CL:1000714,Kidney.kidney cortex collecting duct principal cell,1291,19242,6.71
47015df8ab7615a9ce26098d88196dde,CL:1000715,Kidney.kidney cortex collecting duct intercalated cell,1275,19242,6.63
47015df8ab7615a9ce26098d88196dde,CL:1000718,Kidney.kidney inner medulla collecting duct principal cell,1069,19242,5.56
47015df8ab7615a9ce26098d88196dde,CL:1000768,Kidney.kidney connecting tubule epithelial cell,777,19242,4.04
47015df8ab7615a9ce26098d88196dde,CL:1001285,Kidney.vasa recta descending limb cell,278,19242,1.44
47015df8ab7615a9ce26098d88196dde,CL:1001033,Kidney.peritubular capillary endothelial cell,249,19242,1.29
47015df8ab7615a9ce26098d88196dde,CL:1001131,Kidney.vasa recta ascending limb cell,179,19242,0.93
47015df8ab7615a9ce26098d88196dde,CL:1001318,Kidney.renal interstitial pericyte,125,19242,0.65
47015df8ab7615a9ce26098d88196dde,CL:4030012,Kidney.kidney loop of Henle short descending thin limb epithelial cell,116,19242,0.6
47015df8ab7615a9ce26098d88196dde,CL:1000698,Kidney.kidney resident macrophage,32,19242,0.17
47015df8ab7615a9ce26098d88196dde,CL:0000097,Kidney.mast cell,27,19242,0.14
47015df8ab7615a9ce26098d88196dde,CL:0011031,Kidney.monocyte-derived dendritic cell,19,19242,0.1
47015df8ab7615a9ce26098d88196dde,CL:0000650,Kidney.mesangial cell,18,19242,0.09
47015df8ab7615a9ce26098d88196dde,CL:4030018,Kidney.kidney connecting tubule principal cell,17,19242,0.09
47015df8ab7615a9ce26098d88196dde,CL:1000452,Kidney.parietal epithelial cell,16,19242,0.08
47015df8ab7615a9ce26098d88196dde,CL:0000084,Kidney.T cell,13,19242,0.07
47015df8ab7615a9ce26098d88196dde,CL:4030013,Kidney.kidney loop of Henle long descending thin limb outer medulla epithelial cell,12,19242,0.06
47015df8ab7615a9ce26098d88196dde,CL:0000875,Kidney.non-classical monocyte,10,19242,0.05
47015df8ab7615a9ce26098d88196dde,CL:1000412,Kidney.endothelial cell of arteriole,7,19242,0.04
47015df8ab7615a9ce26098d88196dde,CL:0002138,Kidney.endothelial cell of lymphatic vessel,6,19242,0.03
47015df8ab7615a9ce26098d88196dde,CL:0002201,Kidney.renal beta-intercalated cell,4,19242,0.02
47015df8ab7615a9ce26098d88196dde,CL:1001005,Kidney.glomerular capillary endothelial cell,3,19242,0.02
47015df8ab7615a9ce26098d88196dde,CL:1000717,Kidney.kidney outer medulla collecting duct intercalated cell,3,19242,0.02
47015df8ab7615a9ce26098d88196dde,CL:0000775,Kidney.neutrophil,2,19242,0.01
47015df8ab7615a9ce26098d88196dde,CL:0000990,Kidney.conventional dendritic cell,1,19242,0.01
47015df8ab7615a9ce26098d88196dde,CL:1001107,Kidney.kidney loop of Henle thin ascending limb epithelial cell,1,19242,0.01
f3a05f31c6ea4e2315bc66ff468a5a0a,CL:1001108,Kidney.kidney loop of Henle medullary thick ascending limb epithelial cell,3267,15924,20.52
f3a05f31c6ea4e2315bc66ff468a5a0a,CL:1000718,Kidney.kidney inner medulla collecting duct principal cell,2911,15924,18.28
f3a05f31c6ea4e2315bc66ff468a5a0a,CL:1001109,Kidney.kidney loop of Henle cortical thick ascending limb epithelial cell,2881,15924,18.09
f3a05f31c6ea4e2315bc66ff468a5a0a,CL:4030012,Kidney.kidney loop of Henle short descending thin limb epithelial cell,859,15924,5.39
f3a05f31c6ea4e2315bc66ff468a5a0a,CL:1000768,Kidney.kidney connecting tubule epithelial cell,817,15924,5.13
f3a05f31c6ea4e2315bc66ff468a5a0a,CL:4030013,Kidney.kidney loop of Henle long descending thin limb outer medulla epithelial cell,771,15924,4.84
f3a05f31c6ea4e2315bc66ff468a5a0a,CL:4030016,Kidney.epithelial cell of early distal convoluted tubule,753,15924,4.73
f3a05f31c6ea4e2315bc66ff468a5a0a,CL:1001107,Kidney.kidney loop of Henle thin ascending limb epithelial cell,540,15924,3.39
f3a05f31c6ea4e2315bc66ff468a5a0a,CL:1000714,Kidney.kidney cortex collecting duct principal cell,336,15924,2.11
f3a05f31c6ea4e2315bc66ff468a5a0a,CL:1001318,Kidney.renal interstitial pericyte,332,15924,2.08
f3a05f31c6ea4e2315bc66ff468a5a0a,CL:4030014,Kidney.kidney loop of Henle long descending thin limb inner medulla epithelial cell,273,15924,1.71
f3a05f31c6ea4e2315bc66ff468a5a0a,CL:1001033,Kidney.peritubular capillary endothelial cell,265,15924,1.66
f3a05f31c6ea4e2315bc66ff468a5a0a,CL:1000850,Kidney.macula densa epithelial cell,240,15924,1.51
f3a05f31c6ea4e2315bc66ff468a5a0a,CL:0000057,Kidney.kidney interstitial fibroblast,198,15924,1.24
f3a05f31c6ea4e2315bc66ff468a5a0a,CL:1000452,Kidney.parietal epithelial cell,182,15924,1.14
f3a05f31c6ea4e2315bc66ff468a5a0a,CL:1000715,Kidney.kidney cortex collecting duct intercalated cell,144,15924,0.9
f3a05f31c6ea4e2315bc66ff468a5a0a,CL:1001005,Kidney.glomerular capillary endothelial cell,141,15924,0.89
f3a05f31c6ea4e2315bc66ff468a5a0a,CL:0000084,Kidney.T cell,119,15924,0.75
f3a05f31c6ea4e2315bc66ff468a5a0a,CL:4030011,Kidney.epithelial cell of proximal tubule segment 3,105,15924,0.66
f3a05f31c6ea4e2315bc66ff468a5a0a,CL:4030018,Kidney.kidney connecting tubule principal cell,84,15924,0.53
f3a05f31c6ea4e2315bc66ff468a5a0a,CL:1000698,Kidney.kidney resident macrophage,78,15924,0.49
f3a05f31c6ea4e2315bc66ff468a5a0a,CL:1000717,Kidney.kidney outer medulla collecting duct intercalated cell,72,15924,0.45
f3a05f31c6ea4e2315bc66ff468a5a0a,CL:0000236,Kidney.B cell,70,15924,0.44
f3a05f31c6ea4e2315bc66ff468a5a0a,CL:4030009,Kidney.epithelial cell of proximal tubule segment 1,64,15924,0.4
f3a05f31c6ea4e2315bc66ff468a5a0a,CL:1000716,Kidney.kidney outer medulla collecting duct principal cell,60,15924,0.38
f3a05f31c6ea4e2315bc66ff468a5a0a,CL:0000650,Kidney.mesangial cell,53,15924,0.33
f3a05f31c6ea4e2315bc66ff468a5a0a,CL:0002201,Kidney.renal beta-intercalated cell,50,15924,0.31
f3a05f31c6ea4e2315bc66ff468a5a0a,CL:4030022,Kidney.renal medullary fibroblast,43,15924,0.27
f3a05f31c6ea4e2315bc66ff468a5a0a,CL:0011031,Kidney.monocyte-derived dendritic cell,40,15924,0.25
f3a05f31c6ea4e2315bc66ff468a5a0a,CL:1001285,Kidney.vasa recta descending limb cell,34,15924,0.21
f3a05f31c6ea4e2315bc66ff468a5a0a,CL:0000990,Kidney.conventional dendritic cell,31,15924,0.19
f3a05f31c6ea4e2315bc66ff468a5a0a,CL:0002138,Kidney.endothelial cell of lymphatic vessel,28,15924,0.18
f3a05f31c6ea4e2315bc66ff468a5a0a,CL:0000875,Kidney.non-classical monocyte,23,15924,0.14
f3a05f31c6ea4e2315bc66ff468a5a0a,CL:1000412,Kidney.endothelial cell of arteriole,21,15924,0.13
f3a05f31c6ea4e2315bc66ff468a5a0a,CL:1001131,Kidney.vasa recta ascending limb cell,20,15924,0.13
f3a05f31c6ea4e2315bc66ff468a5a0a,CL:0000653,Kidney.podocyte,13,15924,0.08
f3a05f31c6ea4e2315bc66ff468a5a0a,CL:4030017,Kidney.epithelial cell of late distal convoluted tubule,2,15924,0.01
f3a05f31c6ea4e2315bc66ff468a5a0a,CL:0000814,Kidney.mature NK T cell,2,15924,0.01
f3a05f31c6ea4e2315bc66ff468a5a0a,CL:0000648,Kidney.kidney granular cell,1,15924,0.01
f3a05f31c6ea4e2315bc66ff468a5a0a,CL:0000097,Kidney.mast cell,1,15924,0.01
4b5dc6d04aa30a6eb0b224a7ab7d03b3,CL:1000718,Kidney.kidney inner medulla collecting duct principal cell,3526,9146,38.55
4b5dc6d04aa30a6eb0b224a7ab7d03b3,CL:4030016,Kidney.epithelial cell of early distal convoluted tubule,1353,9146,14.79
4b5dc6d04aa30a6eb0b224a7ab7d03b3,CL:4030012,Kidney.kidney loop of Henle short descending thin limb epithelial cell,1089,9146,11.91
4b5dc6d04aa30a6eb0b224a7ab7d03b3,CL:1001108,Kidney.kidney loop of Henle medullary thick ascending limb epithelial cell,874,9146,9.56
4b5dc6d04aa30a6eb0b224a7ab7d03b3,CL:1000768,Kidney.kidney connecting tubule epithelial cell,820,9146,8.97
4b5dc6d04aa30a6eb0b224a7ab7d03b3,CL:1001107,Kidney.kidney loop of Henle thin ascending limb epithelial cell,291,9146,3.18
4b5dc6d04aa30a6eb0b224a7ab7d03b3,CL:1000714,Kidney.kidney cortex collecting duct principal cell,239,9146,2.61
4b5dc6d04aa30a6eb0b224a7ab7d03b3,CL:1001109,Kidney.kidney loop of Henle cortical thick ascending limb epithelial cell,184,9146,2.01
4b5dc6d04aa30a6eb0b224a7ab7d03b3,CL:4030013,Kidney.kidney loop of Henle long descending thin limb outer medulla epithelial cell,180,9146,1.97
4b5dc6d04aa30a6eb0b224a7ab7d03b3,CL:0000057,Kidney.kidney interstitial fibroblast,115,9146,1.26
4b5dc6d04aa30a6eb0b224a7ab7d03b3,CL:1000716,Kidney.kidney outer medulla collecting duct principal cell,66,9146,0.72
4b5dc6d04aa30a6eb0b224a7ab7d03b3,CL:1001033,Kidney.peritubular capillary endothelial cell,52,9146,0.57
4b5dc6d04aa30a6eb0b224a7ab7d03b3,CL:1000850,Kidney.macula densa epithelial cell,48,9146,0.52
4b5dc6d04aa30a6eb0b224a7ab7d03b3,CL:0000084,Kidney.T cell,37,9146,0.4
4b5dc6d04aa30a6eb0b224a7ab7d03b3,CL:0002201,Kidney.renal beta-intercalated cell,29,9146,0.32
4b5dc6d04aa30a6eb0b224a7ab7d03b3,CL:1000715,Kidney.kidney cortex collecting duct intercalated cell,29,9146,0.32
4b5dc6d04aa30a6eb0b224a7ab7d03b3,CL:1000698,Kidney.kidney resident macrophage,26,9146,0.28
4b5dc6d04aa30a6eb0b224a7ab7d03b3,CL:1000412,Kidney.endothelial cell of arteriole,22,9146,0.24
4b5dc6d04aa30a6eb0b224a7ab7d03b3,CL:4030022,Kidney.renal medullary fibroblast,20,9146,0.22
4b5dc6d04aa30a6eb0b224a7ab7d03b3,CL:4030009,Kidney.epithelial cell of proximal tubule segment 1,19,9146,0.21
4b5dc6d04aa30a6eb0b224a7ab7d03b3,CL:0000990,Kidney.conventional dendritic cell,15,9146,0.16
4b5dc6d04aa30a6eb0b224a7ab7d03b3,CL:1001005,Kidney.glomerular capillary endothelial cell,14,9146,0.15
4b5dc6d04aa30a6eb0b224a7ab7d03b3,CL:1000717,Kidney.kidney outer medulla collecting duct intercalated cell,13,9146,0.14
4b5dc6d04aa30a6eb0b224a7ab7d03b3,CL:1001285,Kidney.vasa recta descending limb cell,12,9146,0.13
4b5dc6d04aa30a6eb0b224a7ab7d03b3,CL:1000452,Kidney.parietal epithelial cell,12,9146,0.13
4b5dc6d04aa30a6eb0b224a7ab7d03b3,CL:0000650,Kidney.mesangial cell,11,9146,0.12
4b5dc6d04aa30a6eb0b224a7ab7d03b3,CL:0000236,Kidney.B cell,9,9146,0.1
4b5dc6d04aa30a6eb0b224a7ab7d03b3,CL:4030014,Kidney.kidney loop of Henle long descending thin limb inner medulla epithelial cell,9,9146,0.1
4b5dc6d04aa30a6eb0b224a7ab7d03b3,CL:0011031,Kidney.monocyte-derived dendritic cell,8,9146,0.09
4b5dc6d04aa30a6eb0b224a7ab7d03b3,CL:1001318,Kidney.renal interstitial pericyte,8,9146,0.09
4b5dc6d04aa30a6eb0b224a7ab7d03b3,CL:1001131,Kidney.vasa recta ascending limb cell,6,9146,0.07
4b5dc6d04aa30a6eb0b224a7ab7d03b3,CL:4030018,Kidney.kidney connecting tubule principal cell,6,9146,0.07
4b5dc6d04aa30a6eb0b224a7ab7d03b3,CL:4030011,Kidney.epithelial cell of proximal tubule segment 3,3,9146,0.03
4b5dc6d04aa30a6eb0b224a7ab7d03b3,CL:0000875,Kidney.non-classical monocyte,1,9146,0.01
dbe24793ebc30c47e241150cccf4b0d1,CL:4030016,Kidney.epithelial cell of early distal convoluted tubule,11138,46033,24.2
dbe24793ebc30c47e241150cccf4b0d1,CL:4030012,Kidney.kidney loop of Henle short descending thin limb epithelial cell,5934,46033,12.89
dbe24793ebc30c47e241150cccf4b0d1,CL:1000718,Kidney.kidney inner medulla collecting duct principal cell,4277,46033,9.29
dbe24793ebc30c47e241150cccf4b0d1,CL:1001108,Kidney.kidney loop of Henle medullary thick ascending limb epithelial cell,3684,46033,8.0
dbe24793ebc30c47e241150cccf4b0d1,CL:1000768,Kidney.kidney connecting tubule epithelial cell,3260,46033,7.08
dbe24793ebc30c47e241150cccf4b0d1,CL:1001109,Kidney.kidney loop of Henle cortical thick ascending limb epithelial cell,3110,46033,6.76
dbe24793ebc30c47e241150cccf4b0d1,CL:4030013,Kidney.kidney loop of Henle long descending thin limb outer medulla epithelial cell,2641,46033,5.74
dbe24793ebc30c47e241150cccf4b0d1,CL:1000714,Kidney.kidney cortex collecting duct principal cell,2274,46033,4.94
dbe24793ebc30c47e241150cccf4b0d1,CL:1001107,Kidney.kidney loop of Henle thin ascending limb epithelial cell,1757,46033,3.82
dbe24793ebc30c47e241150cccf4b0d1,CL:0000057,Kidney.kidney interstitial fibroblast,1359,46033,2.95
dbe24793ebc30c47e241150cccf4b0d1,CL:4030011,Kidney.epithelial cell of proximal tubule segment 3,1074,46033,2.33
dbe24793ebc30c47e241150cccf4b0d1,CL:1000716,Kidney.kidney outer medulla collecting duct principal cell,768,46033,1.67
dbe24793ebc30c47e241150cccf4b0d1,CL:4030009,Kidney.epithelial cell of proximal tubule segment 1,699,46033,1.52
dbe24793ebc30c47e241150cccf4b0d1,CL:1000850,Kidney.macula densa epithelial cell,654,46033,1.42
dbe24793ebc30c47e241150cccf4b0d1,CL:1001033,Kidney.peritubular capillary endothelial cell,571,46033,1.24
dbe24793ebc30c47e241150cccf4b0d1,CL:4030022,Kidney.renal medullary fibroblast,437,46033,0.95
dbe24793ebc30c47e241150cccf4b0d1,CL:4030014,Kidney.kidney loop of Henle long descending thin limb inner medulla epithelial cell,370,46033,0.8
dbe24793ebc30c47e241150cccf4b0d1,CL:1000715,Kidney.kidney cortex collecting duct intercalated cell,288,46033,0.63
dbe24793ebc30c47e241150cccf4b0d1,CL:1000452,Kidney.parietal epithelial cell,267,46033,0.58
dbe24793ebc30c47e241150cccf4b0d1,CL:0002201,Kidney.renal beta-intercalated cell,209,46033,0.45
dbe24793ebc30c47e241150cccf4b0d1,CL:1000717,Kidney.kidney outer medulla collecting duct intercalated cell,203,46033,0.44
dbe24793ebc30c47e241150cccf4b0d1,CL:1001318,Kidney.renal interstitial pericyte,175,46033,0.38
dbe24793ebc30c47e241150cccf4b0d1,CL:1001285,Kidney.vasa recta descending limb cell,146,46033,0.32
dbe24793ebc30c47e241150cccf4b0d1,CL:0000650,Kidney.mesangial cell,131,46033,0.28
dbe24793ebc30c47e241150cccf4b0d1,CL:1001131,Kidney.vasa recta ascending limb cell,119,46033,0.26
dbe24793ebc30c47e241150cccf4b0d1,CL:1000412,Kidney.endothelial cell of arteriole,106,46033,0.23
dbe24793ebc30c47e241150cccf4b0d1,CL:1000698,Kidney.kidney resident macrophage,102,46033,0.22
dbe24793ebc30c47e241150cccf4b0d1,CL:0000653,Kidney.podocyte,91,46033,0.2
dbe24793ebc30c47e241150cccf4b0d1,CL:1001005,Kidney.glomerular capillary endothelial cell,54,46033,0.12
dbe24793ebc30c47e241150cccf4b0d1,CL:0000990,Kidney.conventional dendritic cell,22,46033,0.05
dbe24793ebc30c47e241150cccf4b0d1,CL:0002138,Kidney.endothelial cell of lymphatic vessel,21,46033,0.05
dbe24793ebc30c47e241150cccf4b0d1,CL:0000236,Kidney.B cell,19,46033,0.04
dbe24793ebc30c47e241150cccf4b0d1,CL:0000084,Kidney.T cell,18,46033,0.04
dbe24793ebc30c47e241150cccf4b0d1,CL:0011031,Kidney.monocyte-derived dendritic cell,13,46033,0.03
dbe24793ebc30c47e241150cccf4b0d1,CL:4030018,Kidney.kidney connecting tubule principal cell,13,46033,0.03
dbe24793ebc30c47e241150cccf4b0d1,CL:4030010,Kidney.epithelial cell of proximal tubule segment 2,9,46033,0.02
dbe24793ebc30c47e241150cccf4b0d1,CL:0000097,Kidney.mast cell,8,46033,0.02
dbe24793ebc30c47e241150cccf4b0d1,CL:4030017,Kidney.epithelial cell of late distal convoluted tubule,7,46033,0.02
dbe24793ebc30c47e241150cccf4b0d1,CL:0000648,Kidney.kidney granular cell,1,46033,0.0
dbe24793ebc30c47e241150cccf4b0d1,CL:1000597,Kidney.papillary tips cell,1,46033,0.0
dbe24793ebc30c47e241150cccf4b0d1,CL:0000875,Kidney.non-classical monocyte,1,46033,0.0
dbe24793ebc30c47e241150cccf4b0d1,CL:0000113,Kidney.mononuclear phagocyte,1,46033,0.0
dbe24793ebc30c47e241150cccf4b0d1,CL:0000786,Kidney.plasma cell,1,46033,0.0
7f1e932a91a86ef58ed61ee19c175c18,CL:1000718,Kidney.kidney inner medulla collecting duct principal cell,4157,12660,32.84
7f1e932a91a86ef58ed61ee19c175c18,CL:4030016,Kidney.epithelial cell of early distal convoluted tubule,2498,12660,19.73
7f1e932a91a86ef58ed61ee19c175c18,CL:1001108,Kidney.kidney loop of Henle medullary thick ascending limb epithelial cell,1549,12660,12.24
7f1e932a91a86ef58ed61ee19c175c18,CL:4030012,Kidney.kidney loop of Henle short descending thin limb epithelial cell,1440,12660,11.37
7f1e932a91a86ef58ed61ee19c175c18,CL:1000768,Kidney.kidney connecting tubule epithelial cell,880,12660,6.95
7f1e932a91a86ef58ed61ee19c175c18,CL:1000714,Kidney.kidney cortex collecting duct principal cell,389,12660,3.07
7f1e932a91a86ef58ed61ee19c175c18,CL:1001109,Kidney.kidney loop of Henle cortical thick ascending limb epithelial cell,302,12660,2.39
7f1e932a91a86ef58ed61ee19c175c18,CL:0000057,Kidney.kidney interstitial fibroblast,257,12660,2.03
7f1e932a91a86ef58ed61ee19c175c18,CL:1001033,Kidney.peritubular capillary endothelial cell,176,12660,1.39
7f1e932a91a86ef58ed61ee19c175c18,CL:1001107,Kidney.kidney loop of Henle thin ascending limb epithelial cell,175,12660,1.38
7f1e932a91a86ef58ed61ee19c175c18,CL:4030013,Kidney.kidney loop of Henle long descending thin limb outer medulla epithelial cell,167,12660,1.32
7f1e932a91a86ef58ed61ee19c175c18,CL:1000715,Kidney.kidney cortex collecting duct intercalated cell,101,12660,0.8
7f1e932a91a86ef58ed61ee19c175c18,CL:1000850,Kidney.macula densa epithelial cell,86,12660,0.68
7f1e932a91a86ef58ed61ee19c175c18,CL:1000716,Kidney.kidney outer medulla collecting duct principal cell,64,12660,0.51
7f1e932a91a86ef58ed61ee19c175c18,CL:1001285,Kidney.vasa recta descending limb cell,61,12660,0.48
7f1e932a91a86ef58ed61ee19c175c18,CL:4030022,Kidney.renal medullary fibroblast,43,12660,0.34
7f1e932a91a86ef58ed61ee19c175c18,CL:0002201,Kidney.renal beta-intercalated cell,43,12660,0.34
7f1e932a91a86ef58ed61ee19c175c18,CL:1000452,Kidney.parietal epithelial cell,35,12660,0.28
7f1e932a91a86ef58ed61ee19c175c18,CL:1000698,Kidney.kidney resident macrophage,26,12660,0.21
7f1e932a91a86ef58ed61ee19c175c18,CL:0000084,Kidney.T cell,26,12660,0.21
7f1e932a91a86ef58ed61ee19c175c18,CL:0000650,Kidney.mesangial cell,26,12660,0.21
7f1e932a91a86ef58ed61ee19c175c18,CL:1000717,Kidney.kidney outer medulla collecting duct intercalated cell,23,12660,0.18
7f1e932a91a86ef58ed61ee19c175c18,CL:1001318,Kidney.renal interstitial pericyte,22,12660,0.17
7f1e932a91a86ef58ed61ee19c175c18,CL:4030009,Kidney.epithelial cell of proximal tubule segment 1,19,12660,0.15
7f1e932a91a86ef58ed61ee19c175c18,CL:1001131,Kidney.vasa recta ascending limb cell,17,12660,0.13
7f1e932a91a86ef58ed61ee19c175c18,CL:0002138,Kidney.endothelial cell of lymphatic vessel,17,12660,0.13
7f1e932a91a86ef58ed61ee19c175c18,CL:1000412,Kidney.endothelial cell of arteriole,13,12660,0.1
7f1e932a91a86ef58ed61ee19c175c18,CL:0000236,Kidney.B cell,11,12660,0.09
7f1e932a91a86ef58ed61ee19c175c18,CL:4030014,Kidney.kidney loop of Henle long descending thin limb inner medulla epithelial cell,11,12660,0.09
7f1e932a91a86ef58ed61ee19c175c18,CL:0000990,Kidney.conventional dendritic cell,7,12660,0.06
7f1e932a91a86ef58ed61ee19c175c18,CL:4030018,Kidney.kidney connecting tubule principal cell,7,12660,0.06
7f1e932a91a86ef58ed61ee19c175c18,CL:4030011,Kidney.epithelial cell of proximal tubule segment 3,4,12660,0.03
7f1e932a91a86ef58ed61ee19c175c18,CL:1001005,Kidney.glomerular capillary endothelial cell,3,12660,0.02
7f1e932a91a86ef58ed61ee19c175c18,CL:0011031,Kidney.monocyte-derived dendritic cell,3,12660,0.02
7f1e932a91a86ef58ed61ee19c175c18,CL:0000875,Kidney.non-classical monocyte,1,12660,0.01
7f1e932a91a86ef58ed61ee19c175c18,CL:1000597,Kidney.papillary tips cell,1,12660,0.01
56742ee7dcbe8b03d964f519009db12d,CL:4030013,Kidney.kidney loop of Henle long descending thin limb outer medulla epithelial cell,2847,15490,18.38
56742ee7dcbe8b03d964f519009db12d,CL:4030016,Kidney.epithelial cell of early distal convoluted tubule,2783,15490,17.97
56742ee7dcbe8b03d964f519009db12d,CL:4030012,Kidney.kidney loop of Henle short descending thin limb epithelial cell,1733,15490,11.19
56742ee7dcbe8b03d964f519009db12d,CL:1001107,Kidney.kidney loop of Henle thin ascending limb epithelial cell,1189,15490,7.68
56742ee7dcbe8b03d964f519009db12d,CL:1000718,Kidney.kidney inner medulla collecting duct principal cell,1061,15490,6.85
56742ee7dcbe8b03d964f519009db12d,CL:1000768,Kidney.kidney connecting tubule epithelial cell,996,15490,6.43
56742ee7dcbe8b03d964f519009db12d,CL:4030009,Kidney.epithelial cell of proximal tubule segment 1,736,15490,4.75
56742ee7dcbe8b03d964f519009db12d,CL:1000715,Kidney.kidney cortex collecting duct intercalated cell,620,15490,4.0
56742ee7dcbe8b03d964f519009db12d,CL:4030011,Kidney.epithelial cell of proximal tubule segment 3,569,15490,3.67
56742ee7dcbe8b03d964f519009db12d,CL:0000057,Kidney.kidney interstitial fibroblast,449,15490,2.9
56742ee7dcbe8b03d964f519009db12d,CL:1000714,Kidney.kidney cortex collecting duct principal cell,365,15490,2.36
56742ee7dcbe8b03d964f519009db12d,CL:1001108,Kidney.kidney loop of Henle medullary thick ascending limb epithelial cell,350,15490,2.26
56742ee7dcbe8b03d964f519009db12d,CL:0000653,Kidney.podocyte,212,15490,1.37
56742ee7dcbe8b03d964f519009db12d,CL:1001109,Kidney.kidney loop of Henle cortical thick ascending limb epithelial cell,179,15490,1.16
56742ee7dcbe8b03d964f519009db12d,CL:4030014,Kidney.kidney loop of Henle long descending thin limb inner medulla epithelial cell,166,15490,1.07
56742ee7dcbe8b03d964f519009db12d,CL:1000850,Kidney.macula densa epithelial cell,163,15490,1.05
56742ee7dcbe8b03d964f519009db12d,CL:1000452,Kidney.parietal epithelial cell,149,15490,0.96
56742ee7dcbe8b03d964f519009db12d,CL:1000717,Kidney.kidney outer medulla collecting duct intercalated cell,117,15490,0.76
56742ee7dcbe8b03d964f519009db12d,CL:1001033,Kidney.peritubular capillary endothelial cell,115,15490,0.74
56742ee7dcbe8b03d964f519009db12d,CL:1000716,Kidney.kidney outer medulla collecting duct principal cell,107,15490,0.69
56742ee7dcbe8b03d964f519009db12d,CL:0000650,Kidney.mesangial cell,105,15490,0.68
56742ee7dcbe8b03d964f519009db12d,CL:0000084,Kidney.T cell,69,15490,0.45
56742ee7dcbe8b03d964f519009db12d,CL:1001131,Kidney.vasa recta ascending limb cell,61,15490,0.39
56742ee7dcbe8b03d964f519009db12d,CL:1001318,Kidney.renal interstitial pericyte,47,15490,0.3
56742ee7dcbe8b03d964f519009db12d,CL:1000698,Kidney.kidney resident macrophage,43,15490,0.28
56742ee7dcbe8b03d964f519009db12d,CL:0002201,Kidney.renal beta-intercalated cell,40,15490,0.26
56742ee7dcbe8b03d964f519009db12d,CL:1000412,Kidney.endothelial cell of arteriole,36,15490,0.23
56742ee7dcbe8b03d964f519009db12d,CL:4030010,Kidney.epithelial cell of proximal tubule segment 2,33,15490,0.21
56742ee7dcbe8b03d964f519009db12d,CL:1001285,Kidney.vasa recta descending limb cell,32,15490,0.21
56742ee7dcbe8b03d964f519009db12d,CL:4030022,Kidney.renal medullary fibroblast,31,15490,0.2
56742ee7dcbe8b03d964f519009db12d,CL:4030018,Kidney.kidney connecting tubule principal cell,26,15490,0.17
56742ee7dcbe8b03d964f519009db12d,CL:1001005,Kidney.glomerular capillary endothelial cell,25,15490,0.16
56742ee7dcbe8b03d964f519009db12d,CL:0002138,Kidney.endothelial cell of lymphatic vessel,11,15490,0.07
56742ee7dcbe8b03d964f519009db12d,CL:0011031,Kidney.monocyte-derived dendritic cell,9,15490,0.06
56742ee7dcbe8b03d964f519009db12d,CL:4030017,Kidney.epithelial cell of late distal convoluted tubule,5,15490,0.03
56742ee7dcbe8b03d964f519009db12d,CL:0000236,Kidney.B cell,4,15490,0.03
56742ee7dcbe8b03d964f519009db12d,CL:0000990,Kidney.conventional dendritic cell,3,15490,0.02
56742ee7dcbe8b03d964f519009db12d,CL:0000875,Kidney.non-classical monocyte,2,15490,0.01
56742ee7dcbe8b03d964f519009db12d,CL:0000648,Kidney.kidney granular cell,1,15490,0.01
56742ee7dcbe8b03d964f519009db12d,CL:0000786,Kidney.plasma cell,1,15490,0.01
8df15cb20f5e127d102a73d0ec5682a0,CL:0002144,Lung.capillary endothelial cell,21790,54246,40.17
8df15cb20f5e127d102a73d0ec5682a0,CL:4028006,Lung.alveolar type 2 fibroblast cell,5264,54246,9.7
8df15cb20f5e127d102a73d0ec5682a0,CL:4028004,Lung.alveolar type 1 fibroblast cell,5178,54246,9.55
8df15cb20f5e127d102a73d0ec5682a0,CL:0000492,Lung.CD4-positive helper T cell,3589,54246,6.62
8df15cb20f5e127d102a73d0ec5682a0,CL:0005012,Lung.multi-ciliated epithelial cell:non-nasal,3564,54246,6.57
8df15cb20f5e127d102a73d0ec5682a0,CL:0000913,"Lung.effector memory CD8-positive, alpha-beta T cell",3295,54246,6.07
8df15cb20f5e127d102a73d0ec5682a0,CL:0002553,Lung.fibroblast of lung:alveolar,2861,54246,5.27
8df15cb20f5e127d102a73d0ec5682a0,CL:1000413,Lung.endothelial cell of artery,1199,54246,2.21
8df15cb20f5e127d102a73d0ec5682a0,CL:1000414,Lung.endothelial cell of venule,1188,54246,2.19
8df15cb20f5e127d102a73d0ec5682a0,CL:0009089,Lung.lung pericyte,945,54246,1.74
8df15cb20f5e127d102a73d0ec5682a0,CL:0002553,Lung.fibroblast of lung:adventitial,934,54246,1.72
8df15cb20f5e127d102a73d0ec5682a0,CL:0000192,Lung.smooth muscle cell,648,54246,1.19
8df15cb20f5e127d102a73d0ec5682a0,CL:0005006,Lung.ionocyte,551,54246,1.02
8df15cb20f5e127d102a73d0ec5682a0,CL:1000414,Lung.endothelial cell of venule:pulmonary,477,54246,0.88
8df15cb20f5e127d102a73d0ec5682a0,CL:0009086,Lung.endothelial cell of lymphatic vessel:mature,407,54246,0.75
8df15cb20f5e127d102a73d0ec5682a0,CL:0002633,Lung.respiratory basal cell,385,54246,0.71
8df15cb20f5e127d102a73d0ec5682a0,CL:0002144,Lung.capillary endothelial cell:aerocyte,347,54246,0.64
8df15cb20f5e127d102a73d0ec5682a0,other,Lung.other,275,54246,0.51
8df15cb20f5e127d102a73d0ec5682a0,CL:0002399,Lung.CD1c-positive myeloid dendritic cell,268,54246,0.49
8df15cb20f5e127d102a73d0ec5682a0,CL:0000236,Lung.B cell,252,54246,0.46
8df15cb20f5e127d102a73d0ec5682a0,CL:0000186,Lung.myofibroblast cell,224,54246,0.41
8df15cb20f5e127d102a73d0ec5682a0,CL:0000576,Lung.monocyte,215,54246,0.4
8df15cb20f5e127d102a73d0ec5682a0,CL:0009086,Lung.endothelial cell of lymphatic vessel:differentiating,138,54246,0.25
8df15cb20f5e127d102a73d0ec5682a0,CL:0000097,Lung.mast cell,126,54246,0.23
8df15cb20f5e127d102a73d0ec5682a0,CL:4028006,Lung.alveolar type 2 fibroblast cell:proliferating,42,54246,0.08
8df15cb20f5e127d102a73d0ec5682a0,CL:0001058,"Lung.plasmacytoid dendritic cell, human",30,54246,0.06
8df15cb20f5e127d102a73d0ec5682a0,CL:0000158,Lung.club cell:nasal,14,54246,0.03
8df15cb20f5e127d102a73d0ec5682a0,CL:0002480,Lung.nasal mucosa goblet cell,12,54246,0.02
8df15cb20f5e127d102a73d0ec5682a0,CL:0000786,Lung.plasma cell,12,54246,0.02
8df15cb20f5e127d102a73d0ec5682a0,CL:0005012,Lung.multi-ciliated epithelial cell:nasal,6,54246,0.01
8df15cb20f5e127d102a73d0ec5682a0,CL:0000068,Lung.duct epithelial cell,5,54246,0.01
8df15cb20f5e127d102a73d0ec5682a0,CL:0000583,Lung.alveolar macrophage,3,54246,0.01
8df15cb20f5e127d102a73d0ec5682a0,CL:0000623,Lung.natural killer cell,1,54246,0.0
8df15cb20f5e127d102a73d0ec5682a0,CL:0000313,Lung.serous secreting cell:nasal,1,54246,0.0
044b28971204366347e7ed0b7ef0c279,CL:4030013,Kidney.kidney loop of Henle long descending thin limb outer medulla epithelial cell,1625,7897,20.58
044b28971204366347e7ed0b7ef0c279,CL:4030011,Kidney.epithelial cell of proximal tubule segment 3,1486,7897,18.82
044b28971204366347e7ed0b7ef0c279,CL:4030009,Kidney.epithelial cell of proximal tubule segment 1,895,7897,11.33
044b28971204366347e7ed0b7ef0c279,CL:1001109,Kidney.kidney loop of Henle cortical thick ascending limb epithelial cell,484,7897,6.13
044b28971204366347e7ed0b7ef0c279,CL:1000718,Kidney.kidney inner medulla collecting duct principal cell,369,7897,4.67
044b28971204366347e7ed0b7ef0c279,CL:1000768,Kidney.kidney connecting tubule epithelial cell,294,7897,3.72
044b28971204366347e7ed0b7ef0c279,CL:1001107,Kidney.kidney loop of Henle thin ascending limb epithelial cell,289,7897,3.66
044b28971204366347e7ed0b7ef0c279,CL:4030016,Kidney.epithelial cell of early distal convoluted tubule,273,7897,3.46
044b28971204366347e7ed0b7ef0c279,CL:1000716,Kidney.kidney outer medulla collecting duct principal cell,267,7897,3.38
044b28971204366347e7ed0b7ef0c279,CL:1000714,Kidney.kidney cortex collecting duct principal cell,244,7897,3.09
044b28971204366347e7ed0b7ef0c279,CL:1001108,Kidney.kidney loop of Henle medullary thick ascending limb epithelial cell,167,7897,2.11
044b28971204366347e7ed0b7ef0c279,CL:0000084,Kidney.T cell,165,7897,2.09
044b28971204366347e7ed0b7ef0c279,CL:0000057,Kidney.kidney interstitial fibroblast,152,7897,1.92
044b28971204366347e7ed0b7ef0c279,CL:0000653,Kidney.podocyte,151,7897,1.91
044b28971204366347e7ed0b7ef0c279,CL:1000715,Kidney.kidney cortex collecting duct intercalated cell,127,7897,1.61
044b28971204366347e7ed0b7ef0c279,CL:1001033,Kidney.peritubular capillary endothelial cell,116,7897,1.47
044b28971204366347e7ed0b7ef0c279,CL:4030012,Kidney.kidney loop of Henle short descending thin limb epithelial cell,107,7897,1.35
044b28971204366347e7ed0b7ef0c279,CL:0000236,Kidney.B cell,93,7897,1.18
044b28971204366347e7ed0b7ef0c279,CL:1000850,Kidney.macula densa epithelial cell,85,7897,1.08
044b28971204366347e7ed0b7ef0c279,CL:0000650,Kidney.mesangial cell,66,7897,0.84
044b28971204366347e7ed0b7ef0c279,CL:4030018,Kidney.kidney connecting tubule principal cell,58,7897,0.73
044b28971204366347e7ed0b7ef0c279,CL:4030022,Kidney.renal medullary fibroblast,48,7897,0.61
044b28971204366347e7ed0b7ef0c279,CL:1001005,Kidney.glomerular capillary endothelial cell,44,7897,0.56
044b28971204366347e7ed0b7ef0c279,CL:4030014,Kidney.kidney loop of Henle long descending thin limb inner medulla epithelial cell,42,7897,0.53
044b28971204366347e7ed0b7ef0c279,CL:0002201,Kidney.renal beta-intercalated cell,36,7897,0.46
044b28971204366347e7ed0b7ef0c279,CL:1000452,Kidney.parietal epithelial cell,31,7897,0.39
044b28971204366347e7ed0b7ef0c279,CL:1001318,Kidney.renal interstitial pericyte,30,7897,0.38
044b28971204366347e7ed0b7ef0c279,CL:1000717,Kidney.kidney outer medulla collecting duct intercalated cell,27,7897,0.34
044b28971204366347e7ed0b7ef0c279,CL:1000698,Kidney.kidney resident macrophage,24,7897,0.3
044b28971204366347e7ed0b7ef0c279,CL:1001285,Kidney.vasa recta descending limb cell,21,7897,0.27
044b28971204366347e7ed0b7ef0c279,CL:1001131,Kidney.vasa recta ascending limb cell,20,7897,0.25
044b28971204366347e7ed0b7ef0c279,CL:0000990,Kidney.conventional dendritic cell,15,7897,0.19
044b28971204366347e7ed0b7ef0c279,CL:4030010,Kidney.epithelial cell of proximal tubule segment 2,13,7897,0.16
044b28971204366347e7ed0b7ef0c279,CL:4030017,Kidney.epithelial cell of late distal convoluted tubule,12,7897,0.15
044b28971204366347e7ed0b7ef0c279,CL:0002138,Kidney.endothelial cell of lymphatic vessel,7,7897,0.09
044b28971204366347e7ed0b7ef0c279,CL:0011031,Kidney.monocyte-derived dendritic cell,6,7897,0.08
044b28971204366347e7ed0b7ef0c279,CL:1000412,Kidney.endothelial cell of arteriole,4,7897,0.05
044b28971204366347e7ed0b7ef0c279,CL:0000875,Kidney.non-classical monocyte,3,7897,0.04
044b28971204366347e7ed0b7ef0c279,CL:0000786,Kidney.plasma cell,1,7897,0.01
e7bdf34c4da9f1d880f2615226e9713d,CL:4030016,Kidney.epithelial cell of early distal convoluted tubule,2509,15645,16.04
e7bdf34c4da9f1d880f2615226e9713d,CL:4030012,Kidney.kidney loop of Henle short descending thin limb epithelial cell,2038,15645,13.03
e7bdf34c4da9f1d880f2615226e9713d,CL:1001109,Kidney.kidney loop of Henle cortical thick ascending limb epithelial cell,1565,15645,10.0
e7bdf34c4da9f1d880f2615226e9713d,CL:0000057,Kidney.kidney interstitial fibroblast,1497,15645,9.57
e7bdf34c4da9f1d880f2615226e9713d,CL:1001108,Kidney.kidney loop of Henle medullary thick ascending limb epithelial cell,1461,15645,9.34
e7bdf34c4da9f1d880f2615226e9713d,CL:1000714,Kidney.kidney cortex collecting duct principal cell,1254,15645,8.02
e7bdf34c4da9f1d880f2615226e9713d,CL:4030013,Kidney.kidney loop of Henle long descending thin limb outer medulla epithelial cell,714,15645,4.56
e7bdf34c4da9f1d880f2615226e9713d,CL:1000768,Kidney.kidney connecting tubule epithelial cell,522,15645,3.34
e7bdf34c4da9f1d880f2615226e9713d,CL:4030022,Kidney.renal medullary fibroblast,513,15645,3.28
e7bdf34c4da9f1d880f2615226e9713d,CL:1001107,Kidney.kidney loop of Henle thin ascending limb epithelial cell,512,15645,3.27
e7bdf34c4da9f1d880f2615226e9713d,CL:1000718,Kidney.kidney inner medulla collecting duct principal cell,395,15645,2.52
e7bdf34c4da9f1d880f2615226e9713d,CL:1001033,Kidney.peritubular capillary endothelial cell,389,15645,2.49
e7bdf34c4da9f1d880f2615226e9713d,CL:4030011,Kidney.epithelial cell of proximal tubule segment 3,279,15645,1.78
e7bdf34c4da9f1d880f2615226e9713d,CL:1000717,Kidney.kidney outer medulla collecting duct intercalated cell,219,15645,1.4
e7bdf34c4da9f1d880f2615226e9713d,CL:1001318,Kidney.renal interstitial pericyte,199,15645,1.27
e7bdf34c4da9f1d880f2615226e9713d,CL:4030014,Kidney.kidney loop of Henle long descending thin limb inner medulla epithelial cell,199,15645,1.27
e7bdf34c4da9f1d880f2615226e9713d,CL:1000452,Kidney.parietal epithelial cell,191,15645,1.22
e7bdf34c4da9f1d880f2615226e9713d,CL:1000850,Kidney.macula densa epithelial cell,153,15645,0.98
e7bdf34c4da9f1d880f2615226e9713d,CL:1000715,Kidney.kidney cortex collecting duct intercalated cell,151,15645,0.97
e7bdf34c4da9f1d880f2615226e9713d,CL:0000650,Kidney.mesangial cell,144,15645,0.92
e7bdf34c4da9f1d880f2615226e9713d,CL:1000716,Kidney.kidney outer medulla collecting duct principal cell,126,15645,0.81
e7bdf34c4da9f1d880f2615226e9713d,CL:1001285,Kidney.vasa recta descending limb cell,88,15645,0.56
e7bdf34c4da9f1d880f2615226e9713d,CL:0000653,Kidney.podocyte,76,15645,0.49
e7bdf34c4da9f1d880f2615226e9713d,CL:1000698,Kidney.kidney resident macrophage,72,15645,0.46
e7bdf34c4da9f1d880f2615226e9713d,CL:4030009,Kidney.epithelial cell of proximal tubule segment 1,62,15645,0.4
e7bdf34c4da9f1d880f2615226e9713d,CL:0002201,Kidney.renal beta-intercalated cell,60,15645,0.38
e7bdf34c4da9f1d880f2615226e9713d,CL:1001131,Kidney.vasa recta ascending limb cell,55,15645,0.35
e7bdf34c4da9f1d880f2615226e9713d,CL:1001005,Kidney.glomerular capillary endothelial cell,45,15645,0.29
e7bdf34c4da9f1d880f2615226e9713d,CL:4030018,Kidney.kidney connecting tubule principal cell,44,15645,0.28
e7bdf34c4da9f1d880f2615226e9713d,CL:1000412,Kidney.endothelial cell of arteriole,35,15645,0.22
e7bdf34c4da9f1d880f2615226e9713d,CL:0011031,Kidney.monocyte-derived dendritic cell,17,15645,0.11
e7bdf34c4da9f1d880f2615226e9713d,CL:0000113,Kidney.mononuclear phagocyte,15,15645,0.1
e7bdf34c4da9f1d880f2615226e9713d,CL:0002138,Kidney.endothelial cell of lymphatic vessel,14,15645,0.09
e7bdf34c4da9f1d880f2615226e9713d,CL:0000084,Kidney.T cell,12,15645,0.08
e7bdf34c4da9f1d880f2615226e9713d,CL:4030010,Kidney.epithelial cell of proximal tubule segment 2,11,15645,0.07
e7bdf34c4da9f1d880f2615226e9713d,CL:0000236,Kidney.B cell,5,15645,0.03
e7bdf34c4da9f1d880f2615226e9713d,CL:1000597,Kidney.papillary tips cell,2,15645,0.01
e7bdf34c4da9f1d880f2615226e9713d,CL:4030020,Kidney.kidney connecting tubule alpha-intercalated cell,1,15645,0.01
e7bdf34c4da9f1d880f2615226e9713d,CL:0000875,Kidney.non-classical monocyte,1,15645,0.01
ca35382d67c90d4d9bca1ee16526b1d3,CL:0002144,Lung.capillary endothelial cell,12132,40133,30.23
ca35382d67c90d4d9bca1ee16526b1d3,CL:4028006,Lung.alveolar type 2 fibroblast cell,11513,40133,28.69
ca35382d67c90d4d9bca1ee16526b1d3,CL:4028004,Lung.alveolar type 1 fibroblast cell,4462,40133,11.12
ca35382d67c90d4d9bca1ee16526b1d3,CL:0002553,Lung.fibroblast of lung:alveolar,2175,40133,5.42
ca35382d67c90d4d9bca1ee16526b1d3,CL:0005012,Lung.multi-ciliated epithelial cell:non-nasal,1830,40133,4.56
ca35382d67c90d4d9bca1ee16526b1d3,CL:0000492,Lung.CD4-positive helper T cell,1329,40133,3.31
ca35382d67c90d4d9bca1ee16526b1d3,CL:0000913,"Lung.effector memory CD8-positive, alpha-beta T cell",1059,40133,2.64
ca35382d67c90d4d9bca1ee16526b1d3,CL:0009089,Lung.lung pericyte,571,40133,1.42
ca35382d67c90d4d9bca1ee16526b1d3,CL:0000192,Lung.smooth muscle cell,564,40133,1.41
ca35382d67c90d4d9bca1ee16526b1d3,CL:1000414,Lung.endothelial cell of venule,560,40133,1.4
ca35382d67c90d4d9bca1ee16526b1d3,CL:1000413,Lung.endothelial cell of artery,508,40133,1.27
ca35382d67c90d4d9bca1ee16526b1d3,CL:0002553,Lung.fibroblast of lung:adventitial,453,40133,1.13
ca35382d67c90d4d9bca1ee16526b1d3,CL:0000576,Lung.monocyte,438,40133,1.09
ca35382d67c90d4d9bca1ee16526b1d3,CL:0002633,Lung.respiratory basal cell,368,40133,0.92
ca35382d67c90d4d9bca1ee16526b1d3,CL:0009086,Lung.endothelial cell of lymphatic vessel:mature,344,40133,0.86
ca35382d67c90d4d9bca1ee16526b1d3,other,Lung.other,340,40133,0.85
ca35382d67c90d4d9bca1ee16526b1d3,CL:0002144,Lung.capillary endothelial cell:aerocyte,319,40133,0.79
ca35382d67c90d4d9bca1ee16526b1d3,CL:1000414,Lung.endothelial cell of venule:pulmonary,284,40133,0.71
ca35382d67c90d4d9bca1ee16526b1d3,CL:0002399,Lung.CD1c-positive myeloid dendritic cell,217,40133,0.54
ca35382d67c90d4d9bca1ee16526b1d3,CL:0000236,Lung.B cell,172,40133,0.43
ca35382d67c90d4d9bca1ee16526b1d3,CL:0005006,Lung.ionocyte,134,40133,0.33
ca35382d67c90d4d9bca1ee16526b1d3,CL:0000097,Lung.mast cell,124,40133,0.31
ca35382d67c90d4d9bca1ee16526b1d3,CL:0009086,Lung.endothelial cell of lymphatic vessel:differentiating,69,40133,0.17
ca35382d67c90d4d9bca1ee16526b1d3,CL:0000186,Lung.myofibroblast cell,42,40133,0.1
ca35382d67c90d4d9bca1ee16526b1d3,CL:0000786,Lung.plasma cell,38,40133,0.09
ca35382d67c90d4d9bca1ee16526b1d3,CL:0002480,Lung.nasal mucosa goblet cell,14,40133,0.03
ca35382d67c90d4d9bca1ee16526b1d3,CL:0000158,Lung.club cell:non-nasal,14,40133,0.03
ca35382d67c90d4d9bca1ee16526b1d3,CL:0000158,Lung.club cell:nasal,12,40133,0.03
ca35382d67c90d4d9bca1ee16526b1d3,CL:4028006,Lung.alveolar type 2 fibroblast cell:proliferating,10,40133,0.02
ca35382d67c90d4d9bca1ee16526b1d3,CL:0000583,Lung.alveolar macrophage,9,40133,0.02
ca35382d67c90d4d9bca1ee16526b1d3,CL:0001058,"Lung.plasmacytoid dendritic cell, human",9,40133,0.02
ca35382d67c90d4d9bca1ee16526b1d3,CL:0019003,Lung.tracheobronchial goblet cell,9,40133,0.02
ca35382d67c90d4d9bca1ee16526b1d3,CL:0000313,Lung.serous secreting cell:activated,9,40133,0.02
ca35382d67c90d4d9bca1ee16526b1d3,CL:0000651,Lung.mucous neck cell,1,40133,0.0
ca35382d67c90d4d9bca1ee16526b1d3,CL:0000864,Lung.tissue-resident macrophage,1,40133,0.0
ccbad4ffd323265937b842ea36ada4ad,CL:4030013,Kidney.kidney loop of Henle long descending thin limb outer medulla epithelial cell,1702,11215,15.18
ccbad4ffd323265937b842ea36ada4ad,CL:4030009,Kidney.epithelial cell of proximal tubule segment 1,1529,11215,13.63
ccbad4ffd323265937b842ea36ada4ad,CL:4030011,Kidney.epithelial cell of proximal tubule segment 3,1214,11215,10.82
ccbad4ffd323265937b842ea36ada4ad,CL:1001109,Kidney.kidney loop of Henle cortical thick ascending limb epithelial cell,1002,11215,8.93
ccbad4ffd323265937b842ea36ada4ad,CL:1000718,Kidney.kidney inner medulla collecting duct principal cell,698,11215,6.22
ccbad4ffd323265937b842ea36ada4ad,CL:4030016,Kidney.epithelial cell of early distal convoluted tubule,556,11215,4.96
ccbad4ffd323265937b842ea36ada4ad,CL:1001107,Kidney.kidney loop of Henle thin ascending limb epithelial cell,441,11215,3.93
ccbad4ffd323265937b842ea36ada4ad,CL:1000768,Kidney.kidney connecting tubule epithelial cell,420,11215,3.74
ccbad4ffd323265937b842ea36ada4ad,CL:1001108,Kidney.kidney loop of Henle medullary thick ascending limb epithelial cell,407,11215,3.63
ccbad4ffd323265937b842ea36ada4ad,CL:4030012,Kidney.kidney loop of Henle short descending thin limb epithelial cell,395,11215,3.52
ccbad4ffd323265937b842ea36ada4ad,CL:1000714,Kidney.kidney cortex collecting duct principal cell,367,11215,3.27
ccbad4ffd323265937b842ea36ada4ad,CL:1001033,Kidney.peritubular capillary endothelial cell,308,11215,2.75
ccbad4ffd323265937b842ea36ada4ad,CL:1000715,Kidney.kidney cortex collecting duct intercalated cell,282,11215,2.51
ccbad4ffd323265937b842ea36ada4ad,CL:4030014,Kidney.kidney loop of Henle long descending thin limb inner medulla epithelial cell,228,11215,2.03
ccbad4ffd323265937b842ea36ada4ad,CL:1000716,Kidney.kidney outer medulla collecting duct principal cell,211,11215,1.88
ccbad4ffd323265937b842ea36ada4ad,CL:0000653,Kidney.podocyte,187,11215,1.67
ccbad4ffd323265937b842ea36ada4ad,CL:1000850,Kidney.macula densa epithelial cell,186,11215,1.66
ccbad4ffd323265937b842ea36ada4ad,CL:0000057,Kidney.kidney interstitial fibroblast,152,11215,1.36
ccbad4ffd323265937b842ea36ada4ad,CL:1001005,Kidney.glomerular capillary endothelial cell,151,11215,1.35
ccbad4ffd323265937b842ea36ada4ad,CL:1000717,Kidney.kidney outer medulla collecting duct intercalated cell,150,11215,1.34
ccbad4ffd323265937b842ea36ada4ad,CL:1000452,Kidney.parietal epithelial cell,84,11215,0.75
ccbad4ffd323265937b842ea36ada4ad,CL:0000650,Kidney.mesangial cell,75,11215,0.67
ccbad4ffd323265937b842ea36ada4ad,CL:0002201,Kidney.renal beta-intercalated cell,68,11215,0.61
ccbad4ffd323265937b842ea36ada4ad,CL:1001131,Kidney.vasa recta ascending limb cell,64,11215,0.57
ccbad4ffd323265937b842ea36ada4ad,CL:0000084,Kidney.T cell,63,11215,0.56
ccbad4ffd323265937b842ea36ada4ad,CL:1001318,Kidney.renal interstitial pericyte,53,11215,0.47
ccbad4ffd323265937b842ea36ada4ad,CL:0000236,Kidney.B cell,41,11215,0.37
ccbad4ffd323265937b842ea36ada4ad,CL:1001285,Kidney.vasa recta descending limb cell,34,11215,0.3
ccbad4ffd323265937b842ea36ada4ad,CL:4030018,Kidney.kidney connecting tubule principal cell,34,11215,0.3
ccbad4ffd323265937b842ea36ada4ad,CL:4030022,Kidney.renal medullary fibroblast,28,11215,0.25
ccbad4ffd323265937b842ea36ada4ad,CL:4030017,Kidney.epithelial cell of late distal convoluted tubule,25,11215,0.22
ccbad4ffd323265937b842ea36ada4ad,CL:1000698,Kidney.kidney resident macrophage,24,11215,0.21
ccbad4ffd323265937b842ea36ada4ad,CL:0011031,Kidney.monocyte-derived dendritic cell,14,11215,0.12
ccbad4ffd323265937b842ea36ada4ad,CL:4030010,Kidney.epithelial cell of proximal tubule segment 2,8,11215,0.07
ccbad4ffd323265937b842ea36ada4ad,CL:0000990,Kidney.conventional dendritic cell,6,11215,0.05
ccbad4ffd323265937b842ea36ada4ad,CL:1000412,Kidney.endothelial cell of arteriole,4,11215,0.04
ccbad4ffd323265937b842ea36ada4ad,CL:0000875,Kidney.non-classical monocyte,2,11215,0.02
ccbad4ffd323265937b842ea36ada4ad,CL:0000113,Kidney.mononuclear phagocyte,1,11215,0.01
ccbad4ffd323265937b842ea36ada4ad,CL:0000814,Kidney.mature NK T cell,1,11215,0.01
b0f51c557f05bcff69c9eed090c93b79,CL:0002144,Lung.capillary endothelial cell,13376,42523,31.46
b0f51c557f05bcff69c9eed090c93b79,CL:4028004,Lung.alveolar type 1 fibroblast cell,5901,42523,13.88
b0f51c557f05bcff69c9eed090c93b79,CL:4028006,Lung.alveolar type 2 fibroblast cell,4170,42523,9.81
b0f51c557f05bcff69c9eed090c93b79,CL:0000492,Lung.CD4-positive helper T cell,3887,42523,9.14
b0f51c557f05bcff69c9eed090c93b79,CL:0000913,"Lung.effector memory CD8-positive, alpha-beta T cell",3761,42523,8.84
b0f51c557f05bcff69c9eed090c93b79,CL:0002553,Lung.fibroblast of lung:alveolar,2432,42523,5.72
b0f51c557f05bcff69c9eed090c93b79,CL:0002553,Lung.fibroblast of lung:adventitial,1245,42523,2.93
b0f51c557f05bcff69c9eed090c93b79,CL:0005012,Lung.multi-ciliated epithelial cell:non-nasal,1051,42523,2.47
b0f51c557f05bcff69c9eed090c93b79,CL:1000413,Lung.endothelial cell of artery,894,42523,2.1
b0f51c557f05bcff69c9eed090c93b79,CL:0009086,Lung.endothelial cell of lymphatic vessel:mature,730,42523,1.72
b0f51c557f05bcff69c9eed090c93b79,CL:0000236,Lung.B cell,622,42523,1.46
b0f51c557f05bcff69c9eed090c93b79,CL:0000192,Lung.smooth muscle cell,599,42523,1.41
b0f51c557f05bcff69c9eed090c93b79,CL:1000414,Lung.endothelial cell of venule,566,42523,1.33
b0f51c557f05bcff69c9eed090c93b79,CL:0001058,"Lung.plasmacytoid dendritic cell, human",485,42523,1.14
b0f51c557f05bcff69c9eed090c93b79,CL:0009089,Lung.lung pericyte,419,42523,0.99
b0f51c557f05bcff69c9eed090c93b79,CL:1000414,Lung.endothelial cell of venule:pulmonary,388,42523,0.91
b0f51c557f05bcff69c9eed090c93b79,CL:0002633,Lung.respiratory basal cell,361,42523,0.85
b0f51c557f05bcff69c9eed090c93b79,CL:0005006,Lung.ionocyte,313,42523,0.74
b0f51c557f05bcff69c9eed090c93b79,other,Lung.other,310,42523,0.73
b0f51c557f05bcff69c9eed090c93b79,CL:0009086,Lung.endothelial cell of lymphatic vessel:differentiating,240,42523,0.56
b0f51c557f05bcff69c9eed090c93b79,CL:0000097,Lung.mast cell,210,42523,0.49
b0f51c557f05bcff69c9eed090c93b79,CL:0002144,Lung.capillary endothelial cell:aerocyte,157,42523,0.37
b0f51c557f05bcff69c9eed090c93b79,CL:0002399,Lung.CD1c-positive myeloid dendritic cell,154,42523,0.36
b0f51c557f05bcff69c9eed090c93b79,CL:0000786,Lung.plasma cell,90,42523,0.21
b0f51c557f05bcff69c9eed090c93b79,CL:0000576,Lung.monocyte,58,42523,0.14
b0f51c557f05bcff69c9eed090c93b79,CL:0000186,Lung.myofibroblast cell,39,42523,0.09
b0f51c557f05bcff69c9eed090c93b79,CL:0002480,Lung.nasal mucosa goblet cell,21,42523,0.05
b0f51c557f05bcff69c9eed090c93b79,CL:0005012,Lung.multi-ciliated epithelial cell:nasal,14,42523,0.03
b0f51c557f05bcff69c9eed090c93b79,CL:0000864,Lung.tissue-resident macrophage,8,42523,0.02
b0f51c557f05bcff69c9eed090c93b79,CL:0000158,Lung.club cell:nasal,8,42523,0.02
b0f51c557f05bcff69c9eed090c93b79,CL:0000583,Lung.alveolar macrophage,4,42523,0.01
b0f51c557f05bcff69c9eed090c93b79,CL:4028006,Lung.alveolar type 2 fibroblast cell:proliferating,4,42523,0.01
b0f51c557f05bcff69c9eed090c93b79,CL:0000158,Lung.club cell:non-nasal,3,42523,0.01
b0f51c557f05bcff69c9eed090c93b79,CL:0000313,Lung.serous secreting cell:bronchial,2,42523,0.0
b0f51c557f05bcff69c9eed090c93b79,CL:0000313,Lung.serous secreting cell:activated,1,42523,0.0
58167d0f778284d5b95af782bd8132da,CL:0002144,Lung.capillary endothelial cell,2146,8066,26.61
58167d0f778284d5b95af782bd8132da,CL:0000913,"Lung.effector memory CD8-positive, alpha-beta T cell",1419,8066,17.59
58167d0f778284d5b95af782bd8132da,CL:4028006,Lung.alveolar type 2 fibroblast cell,1250,8066,15.5
58167d0f778284d5b95af782bd8132da,CL:4028004,Lung.alveolar type 1 fibroblast cell,720,8066,8.93
58167d0f778284d5b95af782bd8132da,CL:0002553,Lung.fibroblast of lung:alveolar,456,8066,5.65
58167d0f778284d5b95af782bd8132da,CL:0005012,Lung.multi-ciliated epithelial cell:non-nasal,427,8066,5.29
58167d0f778284d5b95af782bd8132da,CL:0000492,Lung.CD4-positive helper T cell,237,8066,2.94
58167d0f778284d5b95af782bd8132da,CL:1000414,Lung.endothelial cell of venule,211,8066,2.62
58167d0f778284d5b95af782bd8132da,CL:0009089,Lung.lung pericyte,202,8066,2.5
58167d0f778284d5b95af782bd8132da,CL:0009086,Lung.endothelial cell of lymphatic vessel:mature,167,8066,2.07
58167d0f778284d5b95af782bd8132da,CL:0002633,Lung.respiratory basal cell,154,8066,1.91
58167d0f778284d5b95af782bd8132da,CL:1000413,Lung.endothelial cell of artery,137,8066,1.7
58167d0f778284d5b95af782bd8132da,CL:0000192,Lung.smooth muscle cell,131,8066,1.62
58167d0f778284d5b95af782bd8132da,CL:0002553,Lung.fibroblast of lung:adventitial,72,8066,0.89
58167d0f778284d5b95af782bd8132da,CL:0000576,Lung.monocyte,59,8066,0.73
58167d0f778284d5b95af782bd8132da,other,Lung.other,51,8066,0.63
58167d0f778284d5b95af782bd8132da,CL:0005006,Lung.ionocyte,39,8066,0.48
58167d0f778284d5b95af782bd8132da,CL:0002144,Lung.capillary endothelial cell:aerocyte,39,8066,0.48
58167d0f778284d5b95af782bd8132da,CL:1000414,Lung.endothelial cell of venule:pulmonary,30,8066,0.37
58167d0f778284d5b95af782bd8132da,CL:0000236,Lung.B cell,29,8066,0.36
58167d0f778284d5b95af782bd8132da,CL:0002399,Lung.CD1c-positive myeloid dendritic cell,27,8066,0.33
58167d0f778284d5b95af782bd8132da,CL:0000186,Lung.myofibroblast cell,19,8066,0.24
58167d0f778284d5b95af782bd8132da,CL:0001058,"Lung.plasmacytoid dendritic cell, human",17,8066,0.21
58167d0f778284d5b95af782bd8132da,CL:0000097,Lung.mast cell,9,8066,0.11
58167d0f778284d5b95af782bd8132da,CL:0000786,Lung.plasma cell,8,8066,0.1
58167d0f778284d5b95af782bd8132da,CL:0009086,Lung.endothelial cell of lymphatic vessel:differentiating,6,8066,0.07
58167d0f778284d5b95af782bd8132da,CL:0000158,Lung.club cell:nasal,2,8066,0.02
58167d0f778284d5b95af782bd8132da,CL:0000651,Lung.mucous neck cell,1,8066,0.01
58167d0f778284d5b95af782bd8132da,CL:0000623,Lung.natural killer cell,1,8066,0.01
949827f25f423d54663f09596351795d,CL:4030016,Kidney.epithelial cell of early distal convoluted tubule,3169,20385,15.55
949827f25f423d54663f09596351795d,CL:4030012,Kidney.kidney loop of Henle short descending thin limb epithelial cell,2080,20385,10.2
949827f25f423d54663f09596351795d,CL:1001108,Kidney.kidney loop of Henle medullary thick ascending limb epithelial cell,2004,20385,9.83
949827f25f423d54663f09596351795d,CL:1001109,Kidney.kidney loop of Henle cortical thick ascending limb epithelial cell,1891,20385,9.28
949827f25f423d54663f09596351795d,CL:0000057,Kidney.kidney interstitial fibroblast,1780,20385,8.73
949827f25f423d54663f09596351795d,CL:1000714,Kidney.kidney cortex collecting duct principal cell,1479,20385,7.26
949827f25f423d54663f09596351795d,CL:4030013,Kidney.kidney loop of Henle long descending thin limb outer medulla epithelial cell,1458,20385,7.15
949827f25f423d54663f09596351795d,CL:1000718,Kidney.kidney inner medulla collecting duct principal cell,991,20385,4.86
949827f25f423d54663f09596351795d,CL:1000768,Kidney.kidney connecting tubule epithelial cell,739,20385,3.63
949827f25f423d54663f09596351795d,CL:1001107,Kidney.kidney loop of Henle thin ascending limb epithelial cell,698,20385,3.42
949827f25f423d54663f09596351795d,CL:1000717,Kidney.kidney outer medulla collecting duct intercalated cell,586,20385,2.87
949827f25f423d54663f09596351795d,CL:4030022,Kidney.renal medullary fibroblast,510,20385,2.5
949827f25f423d54663f09596351795d,CL:4030011,Kidney.epithelial cell of proximal tubule segment 3,403,20385,1.98
949827f25f423d54663f09596351795d,CL:1001033,Kidney.peritubular capillary endothelial cell,328,20385,1.61
949827f25f423d54663f09596351795d,CL:4030009,Kidney.epithelial cell of proximal tubule segment 1,219,20385,1.07
949827f25f423d54663f09596351795d,CL:1000850,Kidney.macula densa epithelial cell,198,20385,0.97
949827f25f423d54663f09596351795d,CL:1000715,Kidney.kidney cortex collecting duct intercalated cell,190,20385,0.93
949827f25f423d54663f09596351795d,CL:1000452,Kidney.parietal epithelial cell,181,20385,0.89
949827f25f423d54663f09596351795d,CL:4030014,Kidney.kidney loop of Henle long descending thin limb inner medulla epithelial cell,179,20385,0.88
949827f25f423d54663f09596351795d,CL:1001318,Kidney.renal interstitial pericyte,175,20385,0.86
949827f25f423d54663f09596351795d,CL:1000716,Kidney.kidney outer medulla collecting duct principal cell,170,20385,0.83
949827f25f423d54663f09596351795d,CL:0000650,Kidney.mesangial cell,154,20385,0.76
949827f25f423d54663f09596351795d,CL:1001131,Kidney.vasa recta ascending limb cell,131,20385,0.64
949827f25f423d54663f09596351795d,CL:1001005,Kidney.glomerular capillary endothelial cell,122,20385,0.6
949827f25f423d54663f09596351795d,CL:1001285,Kidney.vasa recta descending limb cell,115,20385,0.56
949827f25f423d54663f09596351795d,CL:1000698,Kidney.kidney resident macrophage,80,20385,0.39
949827f25f423d54663f09596351795d,CL:0000653,Kidney.podocyte,80,20385,0.39
949827f25f423d54663f09596351795d,CL:0002201,Kidney.renal beta-intercalated cell,54,20385,0.26
949827f25f423d54663f09596351795d,CL:4030018,Kidney.kidney connecting tubule principal cell,43,20385,0.21
949827f25f423d54663f09596351795d,CL:1000412,Kidney.endothelial cell of arteriole,38,20385,0.19
949827f25f423d54663f09596351795d,CL:0000084,Kidney.T cell,36,20385,0.18
949827f25f423d54663f09596351795d,CL:0000113,Kidney.mononuclear phagocyte,30,20385,0.15
949827f25f423d54663f09596351795d,CL:0002138,Kidney.endothelial cell of lymphatic vessel,16,20385,0.08
949827f25f423d54663f09596351795d,CL:0000097,Kidney.mast cell,14,20385,0.07
949827f25f423d54663f09596351795d,CL:0000236,Kidney.B cell,13,20385,0.06
949827f25f423d54663f09596351795d,CL:0000990,Kidney.conventional dendritic cell,11,20385,0.05
949827f25f423d54663f09596351795d,CL:0011031,Kidney.monocyte-derived dendritic cell,11,20385,0.05
949827f25f423d54663f09596351795d,CL:4030010,Kidney.epithelial cell of proximal tubule segment 2,2,20385,0.01
949827f25f423d54663f09596351795d,CL:4030017,Kidney.epithelial cell of late distal convoluted tubule,2,20385,0.01
949827f25f423d54663f09596351795d,CL:1000597,Kidney.papillary tips cell,2,20385,0.01
949827f25f423d54663f09596351795d,CL:4030020,Kidney.kidney connecting tubule alpha-intercalated cell,1,20385,0.0
949827f25f423d54663f09596351795d,CL:0000875,Kidney.non-classical monocyte,1,20385,0.0
949827f25f423d54663f09596351795d,CL:0000814,Kidney.mature NK T cell,1,20385,0.0
d87b2121ee1a5777c29a69307f806328,CL:1001109,Kidney.kidney loop of Henle cortical thick ascending limb epithelial cell,10436,42980,24.28
d87b2121ee1a5777c29a69307f806328,CL:1001108,Kidney.kidney loop of Henle medullary thick ascending limb epithelial cell,4217,42980,9.81
d87b2121ee1a5777c29a69307f806328,CL:1000718,Kidney.kidney inner medulla collecting duct principal cell,3977,42980,9.25
d87b2121ee1a5777c29a69307f806328,CL:4030011,Kidney.epithelial cell of proximal tubule segment 3,2856,42980,6.64
d87b2121ee1a5777c29a69307f806328,CL:4030009,Kidney.epithelial cell of proximal tubule segment 1,2729,42980,6.35
d87b2121ee1a5777c29a69307f806328,CL:4030012,Kidney.kidney loop of Henle short descending thin limb epithelial cell,2270,42980,5.28
d87b2121ee1a5777c29a69307f806328,CL:4030013,Kidney.kidney loop of Henle long descending thin limb outer medulla epithelial cell,2249,42980,5.23
d87b2121ee1a5777c29a69307f806328,CL:4030016,Kidney.epithelial cell of early distal convoluted tubule,1671,42980,3.89
d87b2121ee1a5777c29a69307f806328,CL:1000768,Kidney.kidney connecting tubule epithelial cell,1597,42980,3.72
d87b2121ee1a5777c29a69307f806328,CL:1000714,Kidney.kidney cortex collecting duct principal cell,1597,42980,3.72
d87b2121ee1a5777c29a69307f806328,CL:1001107,Kidney.kidney loop of Henle thin ascending limb epithelial cell,1067,42980,2.48
d87b2121ee1a5777c29a69307f806328,CL:1000716,Kidney.kidney outer medulla collecting duct principal cell,1048,42980,2.44
d87b2121ee1a5777c29a69307f806328,CL:4030022,Kidney.renal medullary fibroblast,1030,42980,2.4
d87b2121ee1a5777c29a69307f806328,CL:0000057,Kidney.kidney interstitial fibroblast,909,42980,2.11
d87b2121ee1a5777c29a69307f806328,CL:1001033,Kidney.peritubular capillary endothelial cell,699,42980,1.63
d87b2121ee1a5777c29a69307f806328,CL:1000715,Kidney.kidney cortex collecting duct intercalated cell,622,42980,1.45
d87b2121ee1a5777c29a69307f806328,CL:1000850,Kidney.macula densa epithelial cell,581,42980,1.35
d87b2121ee1a5777c29a69307f806328,CL:4030014,Kidney.kidney loop of Henle long descending thin limb inner medulla epithelial cell,512,42980,1.19
d87b2121ee1a5777c29a69307f806328,CL:1000452,Kidney.parietal epithelial cell,489,42980,1.14
d87b2121ee1a5777c29a69307f806328,CL:1000717,Kidney.kidney outer medulla collecting duct intercalated cell,484,42980,1.13
d87b2121ee1a5777c29a69307f806328,CL:0000653,Kidney.podocyte,364,42980,0.85
d87b2121ee1a5777c29a69307f806328,CL:1001005,Kidney.glomerular capillary endothelial cell,318,42980,0.74
d87b2121ee1a5777c29a69307f806328,CL:1000698,Kidney.kidney resident macrophage,212,42980,0.49
d87b2121ee1a5777c29a69307f806328,CL:1001318,Kidney.renal interstitial pericyte,203,42980,0.47
d87b2121ee1a5777c29a69307f806328,CL:1001285,Kidney.vasa recta descending limb cell,145,42980,0.34
d87b2121ee1a5777c29a69307f806328,CL:1001131,Kidney.vasa recta ascending limb cell,141,42980,0.33
d87b2121ee1a5777c29a69307f806328,CL:0000650,Kidney.mesangial cell,138,42980,0.32
d87b2121ee1a5777c29a69307f806328,CL:0002201,Kidney.renal beta-intercalated cell,125,42980,0.29
d87b2121ee1a5777c29a69307f806328,CL:4030017,Kidney.epithelial cell of late distal convoluted tubule,74,42980,0.17
d87b2121ee1a5777c29a69307f806328,CL:0011031,Kidney.monocyte-derived dendritic cell,53,42980,0.12
d87b2121ee1a5777c29a69307f806328,CL:0000236,Kidney.B cell,35,42980,0.08
d87b2121ee1a5777c29a69307f806328,CL:4030010,Kidney.epithelial cell of proximal tubule segment 2,32,42980,0.07
d87b2121ee1a5777c29a69307f806328,CL:4030018,Kidney.kidney connecting tubule principal cell,31,42980,0.07
d87b2121ee1a5777c29a69307f806328,CL:1000412,Kidney.endothelial cell of arteriole,29,42980,0.07
d87b2121ee1a5777c29a69307f806328,CL:0000084,Kidney.T cell,16,42980,0.04
d87b2121ee1a5777c29a69307f806328,CL:0002138,Kidney.endothelial cell of lymphatic vessel,8,42980,0.02
d87b2121ee1a5777c29a69307f806328,CL:0000814,Kidney.mature NK T cell,5,42980,0.01
d87b2121ee1a5777c29a69307f806328,CL:0000786,Kidney.plasma cell,4,42980,0.01
d87b2121ee1a5777c29a69307f806328,CL:0000784,"Kidney.plasmacytoid dendritic cell, human",3,42980,0.01
d87b2121ee1a5777c29a69307f806328,CL:0000875,Kidney.non-classical monocyte,2,42980,0.0
d87b2121ee1a5777c29a69307f806328,CL:1000597,Kidney.papillary tips cell,1,42980,0.0
d87b2121ee1a5777c29a69307f806328,CL:0000097,Kidney.mast cell,1,42980,0.0
2639e9e8488edddde275491cdbaae662,CL:1001109,Kidney.kidney loop of Henle cortical thick ascending limb epithelial cell,1898,8400,22.6
2639e9e8488edddde275491cdbaae662,CL:4030009,Kidney.epithelial cell of proximal tubule segment 1,933,8400,11.11
2639e9e8488edddde275491cdbaae662,CL:4030013,Kidney.kidney loop of Henle long descending thin limb outer medulla epithelial cell,833,8400,9.92
2639e9e8488edddde275491cdbaae662,CL:4030016,Kidney.epithelial cell of early distal convoluted tubule,521,8400,6.2
2639e9e8488edddde275491cdbaae662,CL:1000714,Kidney.kidney cortex collecting duct principal cell,442,8400,5.26
2639e9e8488edddde275491cdbaae662,CL:4030011,Kidney.epithelial cell of proximal tubule segment 3,435,8400,5.18
2639e9e8488edddde275491cdbaae662,CL:0000057,Kidney.kidney interstitial fibroblast,418,8400,4.98
2639e9e8488edddde275491cdbaae662,CL:1001108,Kidney.kidney loop of Henle medullary thick ascending limb epithelial cell,380,8400,4.52
2639e9e8488edddde275491cdbaae662,CL:4030012,Kidney.kidney loop of Henle short descending thin limb epithelial cell,355,8400,4.23
2639e9e8488edddde275491cdbaae662,CL:1001107,Kidney.kidney loop of Henle thin ascending limb epithelial cell,324,8400,3.86
2639e9e8488edddde275491cdbaae662,CL:1000768,Kidney.kidney connecting tubule epithelial cell,301,8400,3.58
2639e9e8488edddde275491cdbaae662,CL:1000716,Kidney.kidney outer medulla collecting duct principal cell,265,8400,3.15
2639e9e8488edddde275491cdbaae662,CL:1000718,Kidney.kidney inner medulla collecting duct principal cell,227,8400,2.7
2639e9e8488edddde275491cdbaae662,CL:1001033,Kidney.peritubular capillary endothelial cell,211,8400,2.51
2639e9e8488edddde275491cdbaae662,CL:1000715,Kidney.kidney cortex collecting duct intercalated cell,142,8400,1.69
2639e9e8488edddde275491cdbaae662,CL:1000452,Kidney.parietal epithelial cell,80,8400,0.95
2639e9e8488edddde275491cdbaae662,CL:4030022,Kidney.renal medullary fibroblast,75,8400,0.89
2639e9e8488edddde275491cdbaae662,CL:1000850,Kidney.macula densa epithelial cell,71,8400,0.85
2639e9e8488edddde275491cdbaae662,CL:1001318,Kidney.renal interstitial pericyte,51,8400,0.61
2639e9e8488edddde275491cdbaae662,CL:1001131,Kidney.vasa recta ascending limb cell,44,8400,0.52
2639e9e8488edddde275491cdbaae662,CL:1000717,Kidney.kidney outer medulla collecting duct intercalated cell,44,8400,0.52
2639e9e8488edddde275491cdbaae662,CL:4030018,Kidney.kidney connecting tubule principal cell,38,8400,0.45
2639e9e8488edddde275491cdbaae662,CL:4030010,Kidney.epithelial cell of proximal tubule segment 2,38,8400,0.45
2639e9e8488edddde275491cdbaae662,CL:0000653,Kidney.podocyte,37,8400,0.44
2639e9e8488edddde275491cdbaae662,CL:0000650,Kidney.mesangial cell,36,8400,0.43
2639e9e8488edddde275491cdbaae662,CL:1000698,Kidney.kidney resident macrophage,34,8400,0.4
2639e9e8488edddde275491cdbaae662,CL:1001005,Kidney.glomerular capillary endothelial cell,33,8400,0.39
2639e9e8488edddde275491cdbaae662,CL:4030014,Kidney.kidney loop of Henle long descending thin limb inner medulla epithelial cell,32,8400,0.38
2639e9e8488edddde275491cdbaae662,CL:0002201,Kidney.renal beta-intercalated cell,31,8400,0.37
2639e9e8488edddde275491cdbaae662,CL:0000084,Kidney.T cell,25,8400,0.3
2639e9e8488edddde275491cdbaae662,CL:1001285,Kidney.vasa recta descending limb cell,19,8400,0.23
2639e9e8488edddde275491cdbaae662,CL:0000236,Kidney.B cell,8,8400,0.1
2639e9e8488edddde275491cdbaae662,CL:0000990,Kidney.conventional dendritic cell,5,8400,0.06
2639e9e8488edddde275491cdbaae662,CL:1000412,Kidney.endothelial cell of arteriole,5,8400,0.06
2639e9e8488edddde275491cdbaae662,CL:0011031,Kidney.monocyte-derived dendritic cell,5,8400,0.06
2639e9e8488edddde275491cdbaae662,CL:0002138,Kidney.endothelial cell of lymphatic vessel,2,8400,0.02
2639e9e8488edddde275491cdbaae662,CL:0000875,Kidney.non-classical monocyte,1,8400,0.01
2639e9e8488edddde275491cdbaae662,CL:0000784,"Kidney.plasmacytoid dendritic cell, human",1,8400,0.01
254801a318687281ba3e473569d89a45,CL:4030013,Kidney.kidney loop of Henle long descending thin limb outer medulla epithelial cell,5560,47237,11.77
254801a318687281ba3e473569d89a45,CL:1000718,Kidney.kidney inner medulla collecting duct principal cell,5262,47237,11.14
254801a318687281ba3e473569d89a45,CL:4030016,Kidney.epithelial cell of early distal convoluted tubule,4732,47237,10.02
254801a318687281ba3e473569d89a45,CL:4030011,Kidney.epithelial cell of proximal tubule segment 3,3890,47237,8.24
254801a318687281ba3e473569d89a45,CL:4030012,Kidney.kidney loop of Henle short descending thin limb epithelial cell,3188,47237,6.75
254801a318687281ba3e473569d89a45,CL:1001109,Kidney.kidney loop of Henle cortical thick ascending limb epithelial cell,3153,47237,6.67
254801a318687281ba3e473569d89a45,CL:0000057,Kidney.kidney interstitial fibroblast,3133,47237,6.63
254801a318687281ba3e473569d89a45,CL:1001108,Kidney.kidney loop of Henle medullary thick ascending limb epithelial cell,2707,47237,5.73
254801a318687281ba3e473569d89a45,CL:4030009,Kidney.epithelial cell of proximal tubule segment 1,2388,47237,5.06
254801a318687281ba3e473569d89a45,CL:1000714,Kidney.kidney cortex collecting duct principal cell,2380,47237,5.04
254801a318687281ba3e473569d89a45,CL:1001107,Kidney.kidney loop of Henle thin ascending limb epithelial cell,2169,47237,4.59
254801a318687281ba3e473569d89a45,CL:1000768,Kidney.kidney connecting tubule epithelial cell,2104,47237,4.45
254801a318687281ba3e473569d89a45,CL:4030022,Kidney.renal medullary fibroblast,833,47237,1.76
254801a318687281ba3e473569d89a45,CL:1000850,Kidney.macula densa epithelial cell,710,47237,1.5
254801a318687281ba3e473569d89a45,CL:1001033,Kidney.peritubular capillary endothelial cell,636,47237,1.35
254801a318687281ba3e473569d89a45,CL:4030014,Kidney.kidney loop of Henle long descending thin limb inner medulla epithelial cell,472,47237,1.0
254801a318687281ba3e473569d89a45,CL:1000715,Kidney.kidney cortex collecting duct intercalated cell,448,47237,0.95
254801a318687281ba3e473569d89a45,CL:1000452,Kidney.parietal epithelial cell,435,47237,0.92
254801a318687281ba3e473569d89a45,CL:1001005,Kidney.glomerular capillary endothelial cell,376,47237,0.8
254801a318687281ba3e473569d89a45,CL:0000653,Kidney.podocyte,326,47237,0.69
254801a318687281ba3e473569d89a45,CL:0000650,Kidney.mesangial cell,324,47237,0.69
254801a318687281ba3e473569d89a45,CL:1000716,Kidney.kidney outer medulla collecting duct principal cell,306,47237,0.65
254801a318687281ba3e473569d89a45,CL:1000717,Kidney.kidney outer medulla collecting duct intercalated cell,283,47237,0.6
254801a318687281ba3e473569d89a45,CL:1001318,Kidney.renal interstitial pericyte,279,47237,0.59
254801a318687281ba3e473569d89a45,CL:1000698,Kidney.kidney resident macrophage,264,47237,0.56
254801a318687281ba3e473569d89a45,CL:1001285,Kidney.vasa recta descending limb cell,262,47237,0.55
254801a318687281ba3e473569d89a45,CL:1001131,Kidney.vasa recta ascending limb cell,166,47237,0.35
254801a318687281ba3e473569d89a45,CL:0002201,Kidney.renal beta-intercalated cell,109,47237,0.23
254801a318687281ba3e473569d89a45,CL:0000084,Kidney.T cell,71,47237,0.15
254801a318687281ba3e473569d89a45,CL:0000236,Kidney.B cell,51,47237,0.11
254801a318687281ba3e473569d89a45,CL:4030010,Kidney.epithelial cell of proximal tubule segment 2,40,47237,0.08
254801a318687281ba3e473569d89a45,CL:4030018,Kidney.kidney connecting tubule principal cell,37,47237,0.08
254801a318687281ba3e473569d89a45,CL:1000412,Kidney.endothelial cell of arteriole,31,47237,0.07
254801a318687281ba3e473569d89a45,CL:4030017,Kidney.epithelial cell of late distal convoluted tubule,30,47237,0.06
254801a318687281ba3e473569d89a45,CL:0002138,Kidney.endothelial cell of lymphatic vessel,30,47237,0.06
254801a318687281ba3e473569d89a45,CL:0011031,Kidney.monocyte-derived dendritic cell,29,47237,0.06
254801a318687281ba3e473569d89a45,CL:1000597,Kidney.papillary tips cell,9,47237,0.02
254801a318687281ba3e473569d89a45,CL:0000990,Kidney.conventional dendritic cell,7,47237,0.01
254801a318687281ba3e473569d89a45,CL:0000875,Kidney.non-classical monocyte,3,47237,0.01
254801a318687281ba3e473569d89a45,CL:0000097,Kidney.mast cell,2,47237,0.0
254801a318687281ba3e473569d89a45,CL:0002573,Kidney.Schwann cell,1,47237,0.0
254801a318687281ba3e473569d89a45,CL:4030020,Kidney.kidney connecting tubule alpha-intercalated cell,1,47237,0.0
9b99c75de2347b9567e33065108488e8,CL:1001109,Kidney.kidney loop of Henle cortical thick ascending limb epithelial cell,4694,22737,20.64
9b99c75de2347b9567e33065108488e8,CL:1001108,Kidney.kidney loop of Henle medullary thick ascending limb epithelial cell,3526,22737,15.51
9b99c75de2347b9567e33065108488e8,CL:4030012,Kidney.kidney loop of Henle short descending thin limb epithelial cell,1760,22737,7.74
9b99c75de2347b9567e33065108488e8,CL:1001107,Kidney.kidney loop of Henle thin ascending limb epithelial cell,1469,22737,6.46
9b99c75de2347b9567e33065108488e8,CL:4030016,Kidney.epithelial cell of early distal convoluted tubule,1275,22737,5.61
9b99c75de2347b9567e33065108488e8,CL:1000714,Kidney.kidney cortex collecting duct principal cell,1174,22737,5.16
9b99c75de2347b9567e33065108488e8,CL:4030013,Kidney.kidney loop of Henle long descending thin limb outer medulla epithelial cell,1132,22737,4.98
9b99c75de2347b9567e33065108488e8,CL:1000768,Kidney.kidney connecting tubule epithelial cell,1072,22737,4.71
9b99c75de2347b9567e33065108488e8,CL:1000718,Kidney.kidney inner medulla collecting duct principal cell,935,22737,4.11
9b99c75de2347b9567e33065108488e8,CL:1000452,Kidney.parietal epithelial cell,809,22737,3.56
9b99c75de2347b9567e33065108488e8,CL:1000715,Kidney.kidney cortex collecting duct intercalated cell,792,22737,3.48
9b99c75de2347b9567e33065108488e8,CL:1000850,Kidney.macula densa epithelial cell,639,22737,2.81
9b99c75de2347b9567e33065108488e8,CL:1000716,Kidney.kidney outer medulla collecting duct principal cell,566,22737,2.49
9b99c75de2347b9567e33065108488e8,CL:0000057,Kidney.kidney interstitial fibroblast,311,22737,1.37
9b99c75de2347b9567e33065108488e8,CL:1000717,Kidney.kidney outer medulla collecting duct intercalated cell,296,22737,1.3
9b99c75de2347b9567e33065108488e8,CL:0000084,Kidney.T cell,255,22737,1.12
9b99c75de2347b9567e33065108488e8,CL:1001033,Kidney.peritubular capillary endothelial cell,229,22737,1.01
9b99c75de2347b9567e33065108488e8,CL:1001285,Kidney.vasa recta descending limb cell,202,22737,0.89
9b99c75de2347b9567e33065108488e8,CL:1001005,Kidney.glomerular capillary endothelial cell,191,22737,0.84
9b99c75de2347b9567e33065108488e8,CL:4030014,Kidney.kidney loop of Henle long descending thin limb inner medulla epithelial cell,179,22737,0.79
9b99c75de2347b9567e33065108488e8,CL:4030009,Kidney.epithelial cell of proximal tubule segment 1,175,22737,0.77
9b99c75de2347b9567e33065108488e8,CL:1001131,Kidney.vasa recta ascending limb cell,145,22737,0.64
9b99c75de2347b9567e33065108488e8,CL:4030022,Kidney.renal medullary fibroblast,128,22737,0.56
9b99c75de2347b9567e33065108488e8,CL:0002201,Kidney.renal beta-intercalated cell,126,22737,0.55
9b99c75de2347b9567e33065108488e8,CL:4030011,Kidney.epithelial cell of proximal tubule segment 3,124,22737,0.55
9b99c75de2347b9567e33065108488e8,CL:0000650,Kidney.mesangial cell,119,22737,0.52
9b99c75de2347b9567e33065108488e8,CL:1001318,Kidney.renal interstitial pericyte,117,22737,0.51
9b99c75de2347b9567e33065108488e8,CL:1000698,Kidney.kidney resident macrophage,83,22737,0.37
9b99c75de2347b9567e33065108488e8,CL:4030018,Kidney.kidney connecting tubule principal cell,39,22737,0.17
9b99c75de2347b9567e33065108488e8,CL:0000990,Kidney.conventional dendritic cell,39,22737,0.17
9b99c75de2347b9567e33065108488e8,CL:0000236,Kidney.B cell,37,22737,0.16
9b99c75de2347b9567e33065108488e8,CL:0011031,Kidney.monocyte-derived dendritic cell,35,22737,0.15
9b99c75de2347b9567e33065108488e8,CL:0000653,Kidney.podocyte,18,22737,0.08
9b99c75de2347b9567e33065108488e8,CL:0002138,Kidney.endothelial cell of lymphatic vessel,18,22737,0.08
9b99c75de2347b9567e33065108488e8,CL:0000097,Kidney.mast cell,16,22737,0.07
9b99c75de2347b9567e33065108488e8,CL:1000412,Kidney.endothelial cell of arteriole,10,22737,0.04
9b99c75de2347b9567e33065108488e8,CL:4030017,Kidney.epithelial cell of late distal convoluted tubule,1,22737,0.0
9b99c75de2347b9567e33065108488e8,CL:0000875,Kidney.non-classical monocyte,1,22737,0.0
12de9dcdb62640f1687b832f69648a55,CL:1001109,Kidney.kidney loop of Henle cortical thick ascending limb epithelial cell,1092,6047,18.06
12de9dcdb62640f1687b832f69648a55,CL:1000718,Kidney.kidney inner medulla collecting duct principal cell,764,6047,12.63
12de9dcdb62640f1687b832f69648a55,CL:1000768,Kidney.kidney connecting tubule epithelial cell,761,6047,12.58
12de9dcdb62640f1687b832f69648a55,CL:4030013,Kidney.kidney loop of Henle long descending thin limb outer medulla epithelial cell,640,6047,10.58
12de9dcdb62640f1687b832f69648a55,CL:4030016,Kidney.epithelial cell of early distal convoluted tubule,503,6047,8.32
12de9dcdb62640f1687b832f69648a55,CL:4030009,Kidney.epithelial cell of proximal tubule segment 1,437,6047,7.23
12de9dcdb62640f1687b832f69648a55,CL:1000850,Kidney.macula densa epithelial cell,297,6047,4.91
12de9dcdb62640f1687b832f69648a55,CL:1000715,Kidney.kidney cortex collecting duct intercalated cell,168,6047,2.78
12de9dcdb62640f1687b832f69648a55,CL:4030011,Kidney.epithelial cell of proximal tubule segment 3,147,6047,2.43
12de9dcdb62640f1687b832f69648a55,CL:4030012,Kidney.kidney loop of Henle short descending thin limb epithelial cell,131,6047,2.17
12de9dcdb62640f1687b832f69648a55,CL:0000084,Kidney.T cell,130,6047,2.15
12de9dcdb62640f1687b832f69648a55,CL:1001108,Kidney.kidney loop of Henle medullary thick ascending limb epithelial cell,91,6047,1.5
12de9dcdb62640f1687b832f69648a55,CL:1000714,Kidney.kidney cortex collecting duct principal cell,91,6047,1.5
12de9dcdb62640f1687b832f69648a55,CL:0000653,Kidney.podocyte,81,6047,1.34
12de9dcdb62640f1687b832f69648a55,CL:1000716,Kidney.kidney outer medulla collecting duct principal cell,77,6047,1.27
12de9dcdb62640f1687b832f69648a55,CL:1001107,Kidney.kidney loop of Henle thin ascending limb epithelial cell,77,6047,1.27
12de9dcdb62640f1687b832f69648a55,CL:0002201,Kidney.renal beta-intercalated cell,73,6047,1.21
12de9dcdb62640f1687b832f69648a55,CL:4030014,Kidney.kidney loop of Henle long descending thin limb inner medulla epithelial cell,69,6047,1.14
12de9dcdb62640f1687b832f69648a55,CL:0000236,Kidney.B cell,66,6047,1.09
12de9dcdb62640f1687b832f69648a55,CL:1000698,Kidney.kidney resident macrophage,66,6047,1.09
12de9dcdb62640f1687b832f69648a55,CL:0000057,Kidney.kidney interstitial fibroblast,55,6047,0.91
12de9dcdb62640f1687b832f69648a55,CL:1001033,Kidney.peritubular capillary endothelial cell,50,6047,0.83
12de9dcdb62640f1687b832f69648a55,CL:0011031,Kidney.monocyte-derived dendritic cell,26,6047,0.43
12de9dcdb62640f1687b832f69648a55,CL:4030017,Kidney.epithelial cell of late distal convoluted tubule,26,6047,0.43
12de9dcdb62640f1687b832f69648a55,CL:1000452,Kidney.parietal epithelial cell,23,6047,0.38
12de9dcdb62640f1687b832f69648a55,CL:1000717,Kidney.kidney outer medulla collecting duct intercalated cell,17,6047,0.28
12de9dcdb62640f1687b832f69648a55,CL:0000786,Kidney.plasma cell,16,6047,0.26
12de9dcdb62640f1687b832f69648a55,CL:4030018,Kidney.kidney connecting tubule principal cell,13,6047,0.21
12de9dcdb62640f1687b832f69648a55,CL:1001005,Kidney.glomerular capillary endothelial cell,12,6047,0.2
12de9dcdb62640f1687b832f69648a55,CL:1001318,Kidney.renal interstitial pericyte,8,6047,0.13
12de9dcdb62640f1687b832f69648a55,CL:0000784,"Kidney.plasmacytoid dendritic cell, human",8,6047,0.13
12de9dcdb62640f1687b832f69648a55,CL:1001285,Kidney.vasa recta descending limb cell,7,6047,0.12
12de9dcdb62640f1687b832f69648a55,CL:0002138,Kidney.endothelial cell of lymphatic vessel,5,6047,0.08
12de9dcdb62640f1687b832f69648a55,CL:4030022,Kidney.renal medullary fibroblast,5,6047,0.08
12de9dcdb62640f1687b832f69648a55,CL:0000814,Kidney.mature NK T cell,4,6047,0.07
12de9dcdb62640f1687b832f69648a55,CL:0000990,Kidney.conventional dendritic cell,4,6047,0.07
12de9dcdb62640f1687b832f69648a55,CL:0000650,Kidney.mesangial cell,3,6047,0.05
12de9dcdb62640f1687b832f69648a55,CL:1000412,Kidney.endothelial cell of arteriole,2,6047,0.03
12de9dcdb62640f1687b832f69648a55,CL:4030010,Kidney.epithelial cell of proximal tubule segment 2,1,6047,0.02
12de9dcdb62640f1687b832f69648a55,CL:0000875,Kidney.non-classical monocyte,1,6047,0.02
3152ddcb811d362113ebb119602f2cd4,CL:0002144,Lung.capillary endothelial cell,1169,4745,24.64
3152ddcb811d362113ebb119602f2cd4,CL:4028006,Lung.alveolar type 2 fibroblast cell,944,4745,19.89
3152ddcb811d362113ebb119602f2cd4,CL:0000492,Lung.CD4-positive helper T cell,619,4745,13.05
3152ddcb811d362113ebb119602f2cd4,CL:4028004,Lung.alveolar type 1 fibroblast cell,443,4745,9.34
3152ddcb811d362113ebb119602f2cd4,CL:0002553,Lung.fibroblast of lung:alveolar,332,4745,7.0
3152ddcb811d362113ebb119602f2cd4,CL:0000913,"Lung.effector memory CD8-positive, alpha-beta T cell",312,4745,6.58
3152ddcb811d362113ebb119602f2cd4,CL:0000236,Lung.B cell,153,4745,3.22
3152ddcb811d362113ebb119602f2cd4,other,Lung.other,135,4745,2.85
3152ddcb811d362113ebb119602f2cd4,CL:0002144,Lung.capillary endothelial cell:aerocyte,117,4745,2.47
3152ddcb811d362113ebb119602f2cd4,CL:0000576,Lung.monocyte,112,4745,2.36
3152ddcb811d362113ebb119602f2cd4,CL:0009089,Lung.lung pericyte,76,4745,1.6
3152ddcb811d362113ebb119602f2cd4,CL:0005012,Lung.multi-ciliated epithelial cell:non-nasal,64,4745,1.35
3152ddcb811d362113ebb119602f2cd4,CL:1000413,Lung.endothelial cell of artery,49,4745,1.03
3152ddcb811d362113ebb119602f2cd4,CL:0000192,Lung.smooth muscle cell,37,4745,0.78
3152ddcb811d362113ebb119602f2cd4,CL:1000414,Lung.endothelial cell of venule:pulmonary,30,4745,0.63
3152ddcb811d362113ebb119602f2cd4,CL:0000786,Lung.plasma cell,24,4745,0.51
3152ddcb811d362113ebb119602f2cd4,CL:0009086,Lung.endothelial cell of lymphatic vessel:mature,23,4745,0.48
3152ddcb811d362113ebb119602f2cd4,CL:0000097,Lung.mast cell,22,4745,0.46
3152ddcb811d362113ebb119602f2cd4,CL:0002399,Lung.CD1c-positive myeloid dendritic cell,16,4745,0.34
3152ddcb811d362113ebb119602f2cd4,CL:0000158,Lung.club cell:non-nasal,16,4745,0.34
3152ddcb811d362113ebb119602f2cd4,CL:0002553,Lung.fibroblast of lung:adventitial,14,4745,0.3
3152ddcb811d362113ebb119602f2cd4,CL:0000583,Lung.alveolar macrophage,8,4745,0.17
3152ddcb811d362113ebb119602f2cd4,CL:1000414,Lung.endothelial cell of venule,8,4745,0.17
3152ddcb811d362113ebb119602f2cd4,CL:0000623,Lung.natural killer cell,6,4745,0.13
3152ddcb811d362113ebb119602f2cd4,CL:0002633,Lung.respiratory basal cell,5,4745,0.11
3152ddcb811d362113ebb119602f2cd4,CL:0000186,Lung.myofibroblast cell,4,4745,0.08
3152ddcb811d362113ebb119602f2cd4,CL:4028006,Lung.alveolar type 2 fibroblast cell:proliferating,3,4745,0.06
3152ddcb811d362113ebb119602f2cd4,CL:0001058,"Lung.plasmacytoid dendritic cell, human",2,4745,0.04
3152ddcb811d362113ebb119602f2cd4,CL:0005006,Lung.ionocyte,1,4745,0.02
3152ddcb811d362113ebb119602f2cd4,CL:0000864,Lung.tissue-resident macrophage,1,4745,0.02
9305d53ae8c0dd565a088cd45f20e0c8,CL:0002144,Lung.capillary endothelial cell,1549,6574,23.56
9305d53ae8c0dd565a088cd45f20e0c8,CL:4028006,Lung.alveolar type 2 fibroblast cell,1121,6574,17.05
9305d53ae8c0dd565a088cd45f20e0c8,CL:0000913,"Lung.effector memory CD8-positive, alpha-beta T cell",576,6574,8.76
9305d53ae8c0dd565a088cd45f20e0c8,CL:4028004,Lung.alveolar type 1 fibroblast cell,486,6574,7.39
9305d53ae8c0dd565a088cd45f20e0c8,CL:0002553,Lung.fibroblast of lung:alveolar,452,6574,6.88
9305d53ae8c0dd565a088cd45f20e0c8,CL:0005012,Lung.multi-ciliated epithelial cell:non-nasal,338,6574,5.14
9305d53ae8c0dd565a088cd45f20e0c8,CL:0000492,Lung.CD4-positive helper T cell,275,6574,4.18
9305d53ae8c0dd565a088cd45f20e0c8,CL:0002633,Lung.respiratory basal cell,246,6574,3.74
9305d53ae8c0dd565a088cd45f20e0c8,CL:0002144,Lung.capillary endothelial cell:aerocyte,208,6574,3.16
9305d53ae8c0dd565a088cd45f20e0c8,other,Lung.other,178,6574,2.71
9305d53ae8c0dd565a088cd45f20e0c8,CL:0000576,Lung.monocyte,168,6574,2.56
9305d53ae8c0dd565a088cd45f20e0c8,CL:0000192,Lung.smooth muscle cell,130,6574,1.98
9305d53ae8c0dd565a088cd45f20e0c8,CL:0000313,Lung.serous secreting cell:bronchial,100,6574,1.52
9305d53ae8c0dd565a088cd45f20e0c8,CL:0000236,Lung.B cell,92,6574,1.4
9305d53ae8c0dd565a088cd45f20e0c8,CL:0009089,Lung.lung pericyte,91,6574,1.38
9305d53ae8c0dd565a088cd45f20e0c8,CL:1000413,Lung.endothelial cell of artery,72,6574,1.1
9305d53ae8c0dd565a088cd45f20e0c8,CL:0009086,Lung.endothelial cell of lymphatic vessel:mature,61,6574,0.93
9305d53ae8c0dd565a088cd45f20e0c8,CL:0019003,Lung.tracheobronchial goblet cell,59,6574,0.9
9305d53ae8c0dd565a088cd45f20e0c8,CL:0000158,Lung.club cell:non-nasal,57,6574,0.87
9305d53ae8c0dd565a088cd45f20e0c8,CL:0002553,Lung.fibroblast of lung:adventitial,57,6574,0.87
9305d53ae8c0dd565a088cd45f20e0c8,CL:0000786,Lung.plasma cell,44,6574,0.67
9305d53ae8c0dd565a088cd45f20e0c8,CL:1000414,Lung.endothelial cell of venule:pulmonary,40,6574,0.61
9305d53ae8c0dd565a088cd45f20e0c8,CL:1000414,Lung.endothelial cell of venule,39,6574,0.59
9305d53ae8c0dd565a088cd45f20e0c8,CL:0002399,Lung.CD1c-positive myeloid dendritic cell,33,6574,0.5
9305d53ae8c0dd565a088cd45f20e0c8,CL:0000158,Lung.club cell:nasal,22,6574,0.33
9305d53ae8c0dd565a088cd45f20e0c8,CL:0000623,Lung.natural killer cell,17,6574,0.26
9305d53ae8c0dd565a088cd45f20e0c8,CL:0000097,Lung.mast cell,15,6574,0.23
9305d53ae8c0dd565a088cd45f20e0c8,CL:0000186,Lung.myofibroblast cell,11,6574,0.17
9305d53ae8c0dd565a088cd45f20e0c8,CL:0001058,"Lung.plasmacytoid dendritic cell, human",10,6574,0.15
9305d53ae8c0dd565a088cd45f20e0c8,CL:0019032,Lung.intestinal tuft cell,9,6574,0.14
9305d53ae8c0dd565a088cd45f20e0c8,CL:0002480,Lung.nasal mucosa goblet cell,7,6574,0.11
9305d53ae8c0dd565a088cd45f20e0c8,CL:0000583,Lung.alveolar macrophage,5,6574,0.08
9305d53ae8c0dd565a088cd45f20e0c8,CL:0000651,Lung.mucous neck cell,2,6574,0.03
9305d53ae8c0dd565a088cd45f20e0c8,,Lung.lung goblet cell,1,6574,0.02
9305d53ae8c0dd565a088cd45f20e0c8,CL:0005006,Lung.ionocyte,1,6574,0.02
9305d53ae8c0dd565a088cd45f20e0c8,CL:0009086,Lung.endothelial cell of lymphatic vessel:differentiating,1,6574,0.02
9305d53ae8c0dd565a088cd45f20e0c8,CL:0005012,Lung.multi-ciliated epithelial cell:deuterosomal,1,6574,0.02
0b590c9e3a62178da592e85572e2f1bf,CL:4028006,Lung.alveolar type 2 fibroblast cell,1813,7939,22.84
0b590c9e3a62178da592e85572e2f1bf,CL:0002144,Lung.capillary endothelial cell,1303,7939,16.41
0b590c9e3a62178da592e85572e2f1bf,CL:4028004,Lung.alveolar type 1 fibroblast cell,1149,7939,14.47
0b590c9e3a62178da592e85572e2f1bf,CL:0000492,Lung.CD4-positive helper T cell,618,7939,7.78
0b590c9e3a62178da592e85572e2f1bf,CL:0002553,Lung.fibroblast of lung:alveolar,580,7939,7.31
0b590c9e3a62178da592e85572e2f1bf,CL:0000236,Lung.B cell,499,7939,6.29
0b590c9e3a62178da592e85572e2f1bf,CL:0000913,"Lung.effector memory CD8-positive, alpha-beta T cell",434,7939,5.47
0b590c9e3a62178da592e85572e2f1bf,CL:0002553,Lung.fibroblast of lung:adventitial,204,7939,2.57
0b590c9e3a62178da592e85572e2f1bf,other,Lung.other,159,7939,2.0
0b590c9e3a62178da592e85572e2f1bf,CL:0009089,Lung.lung pericyte,156,7939,1.96
0b590c9e3a62178da592e85572e2f1bf,CL:0000576,Lung.monocyte,123,7939,1.55
0b590c9e3a62178da592e85572e2f1bf,CL:0000786,Lung.plasma cell,119,7939,1.5
0b590c9e3a62178da592e85572e2f1bf,CL:0002144,Lung.capillary endothelial cell:aerocyte,113,7939,1.42
0b590c9e3a62178da592e85572e2f1bf,CL:1000413,Lung.endothelial cell of artery,105,7939,1.32
0b590c9e3a62178da592e85572e2f1bf,CL:0009086,Lung.endothelial cell of lymphatic vessel:mature,96,7939,1.21
0b590c9e3a62178da592e85572e2f1bf,CL:0000192,Lung.smooth muscle cell,94,7939,1.18
0b590c9e3a62178da592e85572e2f1bf,CL:1000414,Lung.endothelial cell of venule:pulmonary,78,7939,0.98
0b590c9e3a62178da592e85572e2f1bf,CL:0005012,Lung.multi-ciliated epithelial cell:non-nasal,74,7939,0.93
0b590c9e3a62178da592e85572e2f1bf,CL:0000097,Lung.mast cell,72,7939,0.91
0b590c9e3a62178da592e85572e2f1bf,CL:1000414,Lung.endothelial cell of venule,54,7939,0.68
0b590c9e3a62178da592e85572e2f1bf,CL:0002633,Lung.respiratory basal cell,28,7939,0.35
0b590c9e3a62178da592e85572e2f1bf,CL:0002399,Lung.CD1c-positive myeloid dendritic cell,17,7939,0.21
0b590c9e3a62178da592e85572e2f1bf,CL:0000583,Lung.alveolar macrophage,12,7939,0.15
0b590c9e3a62178da592e85572e2f1bf,CL:0000623,Lung.natural killer cell,10,7939,0.13
0b590c9e3a62178da592e85572e2f1bf,CL:0005006,Lung.ionocyte,9,7939,0.11
0b590c9e3a62178da592e85572e2f1bf,CL:0000158,Lung.club cell:non-nasal,6,7939,0.08
0b590c9e3a62178da592e85572e2f1bf,CL:0001058,"Lung.plasmacytoid dendritic cell, human",6,7939,0.08
0b590c9e3a62178da592e85572e2f1bf,CL:0000186,Lung.myofibroblast cell,5,7939,0.06
0b590c9e3a62178da592e85572e2f1bf,CL:0000864,Lung.tissue-resident macrophage,2,7939,0.03
0b590c9e3a62178da592e85572e2f1bf,CL:0000313,Lung.serous secreting cell:bronchial,1,7939,0.01
2dac500177620d78ca174c2c1d36a6c8,CL:0002144,Lung.capillary endothelial cell,28423,69240,41.05
2dac500177620d78ca174c2c1d36a6c8,CL:4028006,Lung.alveolar type 2 fibroblast cell,10708,69240,15.47
2dac500177620d78ca174c2c1d36a6c8,CL:0000913,"Lung.effector memory CD8-positive, alpha-beta T cell",6660,69240,9.62
2dac500177620d78ca174c2c1d36a6c8,CL:4028004,Lung.alveolar type 1 fibroblast cell,6603,69240,9.54
2dac500177620d78ca174c2c1d36a6c8,CL:0002553,Lung.fibroblast of lung:alveolar,3417,69240,4.94
2dac500177620d78ca174c2c1d36a6c8,CL:0000492,Lung.CD4-positive helper T cell,2681,69240,3.87
2dac500177620d78ca174c2c1d36a6c8,CL:0005012,Lung.multi-ciliated epithelial cell:non-nasal,1625,69240,2.35
2dac500177620d78ca174c2c1d36a6c8,CL:0009089,Lung.lung pericyte,1402,69240,2.02
2dac500177620d78ca174c2c1d36a6c8,CL:1000414,Lung.endothelial cell of venule,894,69240,1.29
2dac500177620d78ca174c2c1d36a6c8,CL:1000413,Lung.endothelial cell of artery,745,69240,1.08
2dac500177620d78ca174c2c1d36a6c8,CL:0002633,Lung.respiratory basal cell,745,69240,1.08
2dac500177620d78ca174c2c1d36a6c8,CL:0002553,Lung.fibroblast of lung:adventitial,715,69240,1.03
2dac500177620d78ca174c2c1d36a6c8,CL:0000192,Lung.smooth muscle cell,711,69240,1.03
2dac500177620d78ca174c2c1d36a6c8,CL:0002144,Lung.capillary endothelial cell:aerocyte,494,69240,0.71
2dac500177620d78ca174c2c1d36a6c8,CL:0000576,Lung.monocyte,477,69240,0.69
2dac500177620d78ca174c2c1d36a6c8,CL:0005006,Lung.ionocyte,468,69240,0.68
2dac500177620d78ca174c2c1d36a6c8,CL:1000414,Lung.endothelial cell of venule:pulmonary,445,69240,0.64
2dac500177620d78ca174c2c1d36a6c8,other,Lung.other,407,69240,0.59
2dac500177620d78ca174c2c1d36a6c8,CL:0000236,Lung.B cell,311,69240,0.45
2dac500177620d78ca174c2c1d36a6c8,CL:0009086,Lung.endothelial cell of lymphatic vessel:mature,301,69240,0.43
2dac500177620d78ca174c2c1d36a6c8,CL:0002399,Lung.CD1c-positive myeloid dendritic cell,221,69240,0.32
2dac500177620d78ca174c2c1d36a6c8,CL:0009086,Lung.endothelial cell of lymphatic vessel:differentiating,213,69240,0.31
2dac500177620d78ca174c2c1d36a6c8,CL:0001058,"Lung.plasmacytoid dendritic cell, human",140,69240,0.2
2dac500177620d78ca174c2c1d36a6c8,CL:0000623,Lung.natural killer cell,123,69240,0.18
2dac500177620d78ca174c2c1d36a6c8,CL:0000186,Lung.myofibroblast cell,87,69240,0.13
2dac500177620d78ca174c2c1d36a6c8,CL:0000097,Lung.mast cell,86,69240,0.12
2dac500177620d78ca174c2c1d36a6c8,CL:0002480,Lung.nasal mucosa goblet cell,55,69240,0.08
2dac500177620d78ca174c2c1d36a6c8,CL:0000786,Lung.plasma cell,25,69240,0.04
2dac500177620d78ca174c2c1d36a6c8,CL:0000158,Lung.club cell:non-nasal,10,69240,0.01
2dac500177620d78ca174c2c1d36a6c8,CL:0000158,Lung.club cell:nasal,10,69240,0.01
2dac500177620d78ca174c2c1d36a6c8,CL:4028006,Lung.alveolar type 2 fibroblast cell:proliferating,9,69240,0.01
2dac500177620d78ca174c2c1d36a6c8,CL:0000583,Lung.alveolar macrophage,7,69240,0.01
2dac500177620d78ca174c2c1d36a6c8,CL:0000068,Lung.duct epithelial cell,7,69240,0.01
2dac500177620d78ca174c2c1d36a6c8,CL:0000313,Lung.serous secreting cell:activated,5,69240,0.01
2dac500177620d78ca174c2c1d36a6c8,CL:0005012,Lung.multi-ciliated epithelial cell:deuterosomal,5,69240,0.01
2dac500177620d78ca174c2c1d36a6c8,CL:0000084,Lung.T cell:proliferating,2,69240,0.0
2dac500177620d78ca174c2c1d36a6c8,CL:0005012,Lung.multi-ciliated epithelial cell:nasal,2,69240,0.0
2dac500177620d78ca174c2c1d36a6c8,CL:0019003,Lung.tracheobronchial goblet cell,1,69240,0.0
3febd011f193673c6f87a60718dd8f96,other,Lung.other,7489,7489,100.0
237b8f24c23821690519af862cf25a9f,CL:0002144,Lung.capillary endothelial cell,2535,8686,29.18
237b8f24c23821690519af862cf25a9f,CL:4028006,Lung.alveolar type 2 fibroblast cell,2078,8686,23.92
237b8f24c23821690519af862cf25a9f,CL:0002553,Lung.fibroblast of lung:alveolar,725,8686,8.35
237b8f24c23821690519af862cf25a9f,CL:4028004,Lung.alveolar type 1 fibroblast cell,709,8686,8.16
237b8f24c23821690519af862cf25a9f,CL:0000913,"Lung.effector memory CD8-positive, alpha-beta T cell",623,8686,7.17
237b8f24c23821690519af862cf25a9f,CL:0002144,Lung.capillary endothelial cell:aerocyte,333,8686,3.83
237b8f24c23821690519af862cf25a9f,CL:0000492,Lung.CD4-positive helper T cell,278,8686,3.2
237b8f24c23821690519af862cf25a9f,CL:0009089,Lung.lung pericyte,247,8686,2.84
237b8f24c23821690519af862cf25a9f,other,Lung.other,227,8686,2.61
237b8f24c23821690519af862cf25a9f,CL:0000236,Lung.B cell,155,8686,1.78
237b8f24c23821690519af862cf25a9f,CL:0005012,Lung.multi-ciliated epithelial cell:non-nasal,151,8686,1.74
237b8f24c23821690519af862cf25a9f,CL:0000576,Lung.monocyte,108,8686,1.24
237b8f24c23821690519af862cf25a9f,CL:0000192,Lung.smooth muscle cell,89,8686,1.02
237b8f24c23821690519af862cf25a9f,CL:1000413,Lung.endothelial cell of artery,84,8686,0.97
237b8f24c23821690519af862cf25a9f,CL:0009086,Lung.endothelial cell of lymphatic vessel:mature,61,8686,0.7
237b8f24c23821690519af862cf25a9f,CL:0002553,Lung.fibroblast of lung:adventitial,43,8686,0.5
237b8f24c23821690519af862cf25a9f,CL:0000786,Lung.plasma cell,42,8686,0.48
237b8f24c23821690519af862cf25a9f,CL:1000414,Lung.endothelial cell of venule:pulmonary,38,8686,0.44
237b8f24c23821690519af862cf25a9f,CL:0000097,Lung.mast cell,30,8686,0.35
237b8f24c23821690519af862cf25a9f,CL:0002633,Lung.respiratory basal cell,25,8686,0.29
237b8f24c23821690519af862cf25a9f,CL:0000583,Lung.alveolar macrophage,24,8686,0.28
237b8f24c23821690519af862cf25a9f,CL:0005006,Lung.ionocyte,15,8686,0.17
237b8f24c23821690519af862cf25a9f,CL:0001058,"Lung.plasmacytoid dendritic cell, human",12,8686,0.14
237b8f24c23821690519af862cf25a9f,CL:0000158,Lung.club cell:non-nasal,11,8686,0.13
237b8f24c23821690519af862cf25a9f,CL:0000186,Lung.myofibroblast cell,11,8686,0.13
237b8f24c23821690519af862cf25a9f,CL:0002399,Lung.CD1c-positive myeloid dendritic cell,10,8686,0.12
237b8f24c23821690519af862cf25a9f,CL:0000623,Lung.natural killer cell,9,8686,0.1
237b8f24c23821690519af862cf25a9f,CL:1000414,Lung.endothelial cell of venule,8,8686,0.09
237b8f24c23821690519af862cf25a9f,CL:0000084,Lung.T cell:proliferating,2,8686,0.02
237b8f24c23821690519af862cf25a9f,CL:0019032,Lung.intestinal tuft cell,1,8686,0.01
237b8f24c23821690519af862cf25a9f,CL:0000313,Lung.serous secreting cell:bronchial,1,8686,0.01
237b8f24c23821690519af862cf25a9f,CL:0000864,Lung.tissue-resident macrophage,1,8686,0.01
171bd6114652ce2a1ff0e4757b5eaef9,CL:0002144,Lung.capillary endothelial cell,1203,4251,28.3
171bd6114652ce2a1ff0e4757b5eaef9,CL:4028006,Lung.alveolar type 2 fibroblast cell,898,4251,21.12
171bd6114652ce2a1ff0e4757b5eaef9,CL:4028004,Lung.alveolar type 1 fibroblast cell,538,4251,12.66
171bd6114652ce2a1ff0e4757b5eaef9,CL:0002553,Lung.fibroblast of lung:alveolar,332,4251,7.81
171bd6114652ce2a1ff0e4757b5eaef9,CL:0000913,"Lung.effector memory CD8-positive, alpha-beta T cell",272,4251,6.4
171bd6114652ce2a1ff0e4757b5eaef9,CL:0002144,Lung.capillary endothelial cell:aerocyte,169,4251,3.98
171bd6114652ce2a1ff0e4757b5eaef9,CL:0000576,Lung.monocyte,116,4251,2.73
171bd6114652ce2a1ff0e4757b5eaef9,other,Lung.other,112,4251,2.63
171bd6114652ce2a1ff0e4757b5eaef9,CL:0009089,Lung.lung pericyte,102,4251,2.4
171bd6114652ce2a1ff0e4757b5eaef9,CL:0000492,Lung.CD4-positive helper T cell,86,4251,2.02
171bd6114652ce2a1ff0e4757b5eaef9,CL:0002553,Lung.fibroblast of lung:adventitial,74,4251,1.74
171bd6114652ce2a1ff0e4757b5eaef9,CL:0005012,Lung.multi-ciliated epithelial cell:non-nasal,55,4251,1.29
171bd6114652ce2a1ff0e4757b5eaef9,CL:1000413,Lung.endothelial cell of artery,50,4251,1.18
171bd6114652ce2a1ff0e4757b5eaef9,CL:0000192,Lung.smooth muscle cell,49,4251,1.15
171bd6114652ce2a1ff0e4757b5eaef9,CL:0009086,Lung.endothelial cell of lymphatic vessel:mature,26,4251,0.61
171bd6114652ce2a1ff0e4757b5eaef9,CL:1000414,Lung.endothelial cell of venule:pulmonary,26,4251,0.61
171bd6114652ce2a1ff0e4757b5eaef9,CL:0002633,Lung.respiratory basal cell,21,4251,0.49
171bd6114652ce2a1ff0e4757b5eaef9,CL:0000236,Lung.B cell,20,4251,0.47
171bd6114652ce2a1ff0e4757b5eaef9,CL:0000786,Lung.plasma cell,20,4251,0.47
171bd6114652ce2a1ff0e4757b5eaef9,CL:0000097,Lung.mast cell,15,4251,0.35
171bd6114652ce2a1ff0e4757b5eaef9,CL:0000158,Lung.club cell:non-nasal,15,4251,0.35
171bd6114652ce2a1ff0e4757b5eaef9,CL:0000583,Lung.alveolar macrophage,13,4251,0.31
171bd6114652ce2a1ff0e4757b5eaef9,CL:0000186,Lung.myofibroblast cell,12,4251,0.28
171bd6114652ce2a1ff0e4757b5eaef9,CL:0000623,Lung.natural killer cell,11,4251,0.26
171bd6114652ce2a1ff0e4757b5eaef9,CL:0002399,Lung.CD1c-positive myeloid dendritic cell,5,4251,0.12
171bd6114652ce2a1ff0e4757b5eaef9,CL:0001058,"Lung.plasmacytoid dendritic cell, human",4,4251,0.09
171bd6114652ce2a1ff0e4757b5eaef9,CL:0005006,Lung.ionocyte,3,4251,0.07
171bd6114652ce2a1ff0e4757b5eaef9,CL:0000864,Lung.tissue-resident macrophage,3,4251,0.07
171bd6114652ce2a1ff0e4757b5eaef9,CL:1000414,Lung.endothelial cell of venule,1,4251,0.02
37ccf28cb5c06e8ba076f587ee4e50be,CL:4028006,Lung.alveolar type 2 fibroblast cell,3493,8125,42.99
37ccf28cb5c06e8ba076f587ee4e50be,CL:4028004,Lung.alveolar type 1 fibroblast cell,1278,8125,15.73
37ccf28cb5c06e8ba076f587ee4e50be,CL:0000583,Lung.alveolar macrophage,731,8125,9.0
37ccf28cb5c06e8ba076f587ee4e50be,CL:0005012,Lung.multi-ciliated epithelial cell:non-nasal,456,8125,5.61
37ccf28cb5c06e8ba076f587ee4e50be,CL:0002144,Lung.capillary endothelial cell,370,8125,4.55
37ccf28cb5c06e8ba076f587ee4e50be,other,Lung.other,343,8125,4.22
37ccf28cb5c06e8ba076f587ee4e50be,CL:0002553,Lung.fibroblast of lung:alveolar,307,8125,3.78
37ccf28cb5c06e8ba076f587ee4e50be,CL:0000492,Lung.CD4-positive helper T cell,275,8125,3.38
37ccf28cb5c06e8ba076f587ee4e50be,CL:0000913,"Lung.effector memory CD8-positive, alpha-beta T cell",154,8125,1.9
37ccf28cb5c06e8ba076f587ee4e50be,CL:0000158,Lung.club cell:non-nasal,147,8125,1.81
37ccf28cb5c06e8ba076f587ee4e50be,CL:0002553,Lung.fibroblast of lung:adventitial,111,8125,1.37
37ccf28cb5c06e8ba076f587ee4e50be,CL:0009086,Lung.endothelial cell of lymphatic vessel:mature,74,8125,0.91
37ccf28cb5c06e8ba076f587ee4e50be,CL:0002633,Lung.respiratory basal cell,73,8125,0.9
37ccf28cb5c06e8ba076f587ee4e50be,CL:0002144,Lung.capillary endothelial cell:aerocyte,69,8125,0.85
37ccf28cb5c06e8ba076f587ee4e50be,CL:0000576,Lung.monocyte,52,8125,0.64
37ccf28cb5c06e8ba076f587ee4e50be,CL:0000236,Lung.B cell,49,8125,0.6
37ccf28cb5c06e8ba076f587ee4e50be,CL:0009089,Lung.lung pericyte,31,8125,0.38
37ccf28cb5c06e8ba076f587ee4e50be,CL:1000414,Lung.endothelial cell of venule:pulmonary,20,8125,0.25
37ccf28cb5c06e8ba076f587ee4e50be,CL:0000786,Lung.plasma cell,20,8125,0.25
37ccf28cb5c06e8ba076f587ee4e50be,CL:0000192,Lung.smooth muscle cell,14,8125,0.17
37ccf28cb5c06e8ba076f587ee4e50be,CL:1000413,Lung.endothelial cell of artery,13,8125,0.16
37ccf28cb5c06e8ba076f587ee4e50be,CL:0005006,Lung.ionocyte,11,8125,0.14
37ccf28cb5c06e8ba076f587ee4e50be,CL:0002399,Lung.CD1c-positive myeloid dendritic cell,9,8125,0.11
37ccf28cb5c06e8ba076f587ee4e50be,CL:0000623,Lung.natural killer cell,9,8125,0.11
37ccf28cb5c06e8ba076f587ee4e50be,CL:0009086,Lung.endothelial cell of lymphatic vessel:differentiating,5,8125,0.06
37ccf28cb5c06e8ba076f587ee4e50be,CL:0001058,"Lung.plasmacytoid dendritic cell, human",2,8125,0.02
37ccf28cb5c06e8ba076f587ee4e50be,CL:0000583,Lung.alveolar macrophage:proliferating,2,8125,0.02
37ccf28cb5c06e8ba076f587ee4e50be,CL:1000414,Lung.endothelial cell of venule,2,8125,0.02
37ccf28cb5c06e8ba076f587ee4e50be,CL:0002480,Lung.nasal mucosa goblet cell,2,8125,0.02
37ccf28cb5c06e8ba076f587ee4e50be,CL:0000084,Lung.T cell:proliferating,1,8125,0.01
37ccf28cb5c06e8ba076f587ee4e50be,CL:0000097,Lung.mast cell,1,8125,0.01
37ccf28cb5c06e8ba076f587ee4e50be,CL:0002241,Lung.pulmonary interstitial fibroblast,1,8125,0.01
d0c1bd09443c301413f44f7108d20e08,CL:4028006,Lung.alveolar type 2 fibroblast cell,3051,8417,36.25
d0c1bd09443c301413f44f7108d20e08,CL:0002144,Lung.capillary endothelial cell,1512,8417,17.96
d0c1bd09443c301413f44f7108d20e08,CL:4028004,Lung.alveolar type 1 fibroblast cell,769,8417,9.14
d0c1bd09443c301413f44f7108d20e08,CL:0000492,Lung.CD4-positive helper T cell,647,8417,7.69
d0c1bd09443c301413f44f7108d20e08,CL:0002553,Lung.fibroblast of lung:alveolar,583,8417,6.93
d0c1bd09443c301413f44f7108d20e08,CL:0002144,Lung.capillary endothelial cell:aerocyte,281,8417,3.34
d0c1bd09443c301413f44f7108d20e08,other,Lung.other,243,8417,2.89
d0c1bd09443c301413f44f7108d20e08,CL:0009089,Lung.lung pericyte,175,8417,2.08
d0c1bd09443c301413f44f7108d20e08,CL:1000413,Lung.endothelial cell of artery,161,8417,1.91
d0c1bd09443c301413f44f7108d20e08,CL:0000913,"Lung.effector memory CD8-positive, alpha-beta T cell",159,8417,1.89
d0c1bd09443c301413f44f7108d20e08,CL:0000576,Lung.monocyte,146,8417,1.73
d0c1bd09443c301413f44f7108d20e08,CL:0000583,Lung.alveolar macrophage,103,8417,1.22
d0c1bd09443c301413f44f7108d20e08,CL:0005012,Lung.multi-ciliated epithelial cell:non-nasal,90,8417,1.07
d0c1bd09443c301413f44f7108d20e08,CL:1000414,Lung.endothelial cell of venule:pulmonary,78,8417,0.93
d0c1bd09443c301413f44f7108d20e08,CL:0000192,Lung.smooth muscle cell,70,8417,0.83
d0c1bd09443c301413f44f7108d20e08,CL:0002553,Lung.fibroblast of lung:adventitial,69,8417,0.82
d0c1bd09443c301413f44f7108d20e08,CL:0009086,Lung.endothelial cell of lymphatic vessel:mature,56,8417,0.67
d0c1bd09443c301413f44f7108d20e08,CL:0000236,Lung.B cell,50,8417,0.59
d0c1bd09443c301413f44f7108d20e08,CL:0000097,Lung.mast cell,38,8417,0.45
d0c1bd09443c301413f44f7108d20e08,CL:0000786,Lung.plasma cell,24,8417,0.29
d0c1bd09443c301413f44f7108d20e08,CL:1000414,Lung.endothelial cell of venule,24,8417,0.29
d0c1bd09443c301413f44f7108d20e08,CL:0000623,Lung.natural killer cell,23,8417,0.27
d0c1bd09443c301413f44f7108d20e08,CL:0002633,Lung.respiratory basal cell,21,8417,0.25
d0c1bd09443c301413f44f7108d20e08,CL:0002399,Lung.CD1c-positive myeloid dendritic cell,20,8417,0.24
d0c1bd09443c301413f44f7108d20e08,CL:0000186,Lung.myofibroblast cell,6,8417,0.07
d0c1bd09443c301413f44f7108d20e08,CL:0000158,Lung.club cell:non-nasal,6,8417,0.07
d0c1bd09443c301413f44f7108d20e08,CL:0000864,Lung.tissue-resident macrophage,5,8417,0.06
d0c1bd09443c301413f44f7108d20e08,CL:0000313,Lung.serous secreting cell:activated,3,8417,0.04
d0c1bd09443c301413f44f7108d20e08,CL:4028006,Lung.alveolar type 2 fibroblast cell:proliferating,2,8417,0.02
d0c1bd09443c301413f44f7108d20e08,CL:0005006,Lung.ionocyte,2,8417,0.02
e81c9c9753998b2ca69e8bceadf2409d,CL:4028006,Lung.alveolar type 2 fibroblast cell,3906,11208,34.85
e81c9c9753998b2ca69e8bceadf2409d,CL:0002144,Lung.capillary endothelial cell,2061,11208,18.39
e81c9c9753998b2ca69e8bceadf2409d,CL:0002553,Lung.fibroblast of lung:alveolar,892,11208,7.96
e81c9c9753998b2ca69e8bceadf2409d,CL:4028004,Lung.alveolar type 1 fibroblast cell,859,11208,7.66
e81c9c9753998b2ca69e8bceadf2409d,CL:0002144,Lung.capillary endothelial cell:aerocyte,513,11208,4.58
e81c9c9753998b2ca69e8bceadf2409d,CL:0000492,Lung.CD4-positive helper T cell,469,11208,4.18
e81c9c9753998b2ca69e8bceadf2409d,other,Lung.other,419,11208,3.74
e81c9c9753998b2ca69e8bceadf2409d,CL:0009089,Lung.lung pericyte,280,11208,2.5
e81c9c9753998b2ca69e8bceadf2409d,CL:0000913,"Lung.effector memory CD8-positive, alpha-beta T cell",271,11208,2.42
e81c9c9753998b2ca69e8bceadf2409d,CL:0005012,Lung.multi-ciliated epithelial cell:non-nasal,196,11208,1.75
e81c9c9753998b2ca69e8bceadf2409d,CL:1000413,Lung.endothelial cell of artery,187,11208,1.67
e81c9c9753998b2ca69e8bceadf2409d,CL:0000576,Lung.monocyte,173,11208,1.54
e81c9c9753998b2ca69e8bceadf2409d,CL:0000192,Lung.smooth muscle cell,137,11208,1.22
e81c9c9753998b2ca69e8bceadf2409d,CL:0000583,Lung.alveolar macrophage,135,11208,1.2
e81c9c9753998b2ca69e8bceadf2409d,CL:1000414,Lung.endothelial cell of venule:pulmonary,103,11208,0.92
e81c9c9753998b2ca69e8bceadf2409d,CL:0009086,Lung.endothelial cell of lymphatic vessel:differentiating,76,11208,0.68
e81c9c9753998b2ca69e8bceadf2409d,CL:0002399,Lung.CD1c-positive myeloid dendritic cell,64,11208,0.57
e81c9c9753998b2ca69e8bceadf2409d,CL:0002633,Lung.respiratory basal cell,60,11208,0.54
e81c9c9753998b2ca69e8bceadf2409d,CL:0002553,Lung.fibroblast of lung:adventitial,59,11208,0.53
e81c9c9753998b2ca69e8bceadf2409d,CL:0000186,Lung.myofibroblast cell,55,11208,0.49
e81c9c9753998b2ca69e8bceadf2409d,CL:0000236,Lung.B cell,54,11208,0.48
e81c9c9753998b2ca69e8bceadf2409d,CL:0000786,Lung.plasma cell,51,11208,0.46
e81c9c9753998b2ca69e8bceadf2409d,CL:0000864,Lung.tissue-resident macrophage,44,11208,0.39
e81c9c9753998b2ca69e8bceadf2409d,CL:0000097,Lung.mast cell,43,11208,0.38
e81c9c9753998b2ca69e8bceadf2409d,CL:0009086,Lung.endothelial cell of lymphatic vessel:mature,40,11208,0.36
e81c9c9753998b2ca69e8bceadf2409d,CL:0000623,Lung.natural killer cell,30,11208,0.27
e81c9c9753998b2ca69e8bceadf2409d,CL:0000158,Lung.club cell:non-nasal,22,11208,0.2
e81c9c9753998b2ca69e8bceadf2409d,CL:0005006,Lung.ionocyte,6,11208,0.05
e81c9c9753998b2ca69e8bceadf2409d,CL:1000414,Lung.endothelial cell of venule,2,11208,0.02
e81c9c9753998b2ca69e8bceadf2409d,CL:0000313,Lung.serous secreting cell:activated,1,11208,0.01
b2ab05f290c0740c3198f020cd70e78d,CL:4030012,Kidney.kidney loop of Henle short descending thin limb epithelial cell,801,2609,30.7
b2ab05f290c0740c3198f020cd70e78d,CL:1000768,Kidney.kidney connecting tubule epithelial cell,540,2609,20.7
b2ab05f290c0740c3198f020cd70e78d,CL:1000597,Kidney.papillary tips cell,448,2609,17.17
b2ab05f290c0740c3198f020cd70e78d,CL:1000714,Kidney.kidney cortex collecting duct principal cell,279,2609,10.69
b2ab05f290c0740c3198f020cd70e78d,CL:1000718,Kidney.kidney inner medulla collecting duct principal cell,191,2609,7.32
b2ab05f290c0740c3198f020cd70e78d,CL:1001107,Kidney.kidney loop of Henle thin ascending limb epithelial cell,79,2609,3.03
b2ab05f290c0740c3198f020cd70e78d,CL:4030022,Kidney.renal medullary fibroblast,61,2609,2.34
b2ab05f290c0740c3198f020cd70e78d,CL:1001033,Kidney.peritubular capillary endothelial cell,40,2609,1.53
b2ab05f290c0740c3198f020cd70e78d,CL:0000057,Kidney.kidney interstitial fibroblast,31,2609,1.19
b2ab05f290c0740c3198f020cd70e78d,CL:1001131,Kidney.vasa recta ascending limb cell,25,2609,0.96
b2ab05f290c0740c3198f020cd70e78d,CL:1001285,Kidney.vasa recta descending limb cell,20,2609,0.77
b2ab05f290c0740c3198f020cd70e78d,CL:0000097,Kidney.mast cell,19,2609,0.73
b2ab05f290c0740c3198f020cd70e78d,CL:0000084,Kidney.T cell,16,2609,0.61
b2ab05f290c0740c3198f020cd70e78d,CL:1000698,Kidney.kidney resident macrophage,10,2609,0.38
b2ab05f290c0740c3198f020cd70e78d,CL:1000452,Kidney.parietal epithelial cell,9,2609,0.34
b2ab05f290c0740c3198f020cd70e78d,CL:4030018,Kidney.kidney connecting tubule principal cell,8,2609,0.31
b2ab05f290c0740c3198f020cd70e78d,CL:0011031,Kidney.monocyte-derived dendritic cell,6,2609,0.23
b2ab05f290c0740c3198f020cd70e78d,CL:4030013,Kidney.kidney loop of Henle long descending thin limb outer medulla epithelial cell,6,2609,0.23
b2ab05f290c0740c3198f020cd70e78d,CL:1001318,Kidney.renal interstitial pericyte,5,2609,0.19
b2ab05f290c0740c3198f020cd70e78d,CL:4030014,Kidney.kidney loop of Henle long descending thin limb inner medulla epithelial cell,4,2609,0.15
b2ab05f290c0740c3198f020cd70e78d,CL:1001108,Kidney.kidney loop of Henle medullary thick ascending limb epithelial cell,3,2609,0.11
b2ab05f290c0740c3198f020cd70e78d,CL:4030016,Kidney.epithelial cell of early distal convoluted tubule,2,2609,0.08
b2ab05f290c0740c3198f020cd70e78d,CL:1000850,Kidney.macula densa epithelial cell,2,2609,0.08
b2ab05f290c0740c3198f020cd70e78d,CL:4030009,Kidney.epithelial cell of proximal tubule segment 1,2,2609,0.08
b2ab05f290c0740c3198f020cd70e78d,CL:1000412,Kidney.endothelial cell of arteriole,1,2609,0.04
b2ab05f290c0740c3198f020cd70e78d,CL:0000814,Kidney.mature NK T cell,1,2609,0.04
5039cf8619f6f8b5b4a14af1037e1d1f,CL:4030009,Kidney.epithelial cell of proximal tubule segment 1,523,4554,11.48
5039cf8619f6f8b5b4a14af1037e1d1f,CL:1001109,Kidney.kidney loop of Henle cortical thick ascending limb epithelial cell,504,4554,11.07
5039cf8619f6f8b5b4a14af1037e1d1f,CL:1000768,Kidney.kidney connecting tubule epithelial cell,490,4554,10.76
5039cf8619f6f8b5b4a14af1037e1d1f,CL:1000718,Kidney.kidney inner medulla collecting duct principal cell,415,4554,9.11
5039cf8619f6f8b5b4a14af1037e1d1f,CL:4030016,Kidney.epithelial cell of early distal convoluted tubule,356,4554,7.82
5039cf8619f6f8b5b4a14af1037e1d1f,CL:1001033,Kidney.peritubular capillary endothelial cell,335,4554,7.36
5039cf8619f6f8b5b4a14af1037e1d1f,CL:4030013,Kidney.kidney loop of Henle long descending thin limb outer medulla epithelial cell,295,4554,6.48
5039cf8619f6f8b5b4a14af1037e1d1f,CL:4030011,Kidney.epithelial cell of proximal tubule segment 3,235,4554,5.16
5039cf8619f6f8b5b4a14af1037e1d1f,CL:0000653,Kidney.podocyte,195,4554,4.28
5039cf8619f6f8b5b4a14af1037e1d1f,CL:1000850,Kidney.macula densa epithelial cell,139,4554,3.05
5039cf8619f6f8b5b4a14af1037e1d1f,CL:1000714,Kidney.kidney cortex collecting duct principal cell,132,4554,2.9
5039cf8619f6f8b5b4a14af1037e1d1f,CL:4030012,Kidney.kidney loop of Henle short descending thin limb epithelial cell,127,4554,2.79
5039cf8619f6f8b5b4a14af1037e1d1f,CL:1001107,Kidney.kidney loop of Henle thin ascending limb epithelial cell,117,4554,2.57
5039cf8619f6f8b5b4a14af1037e1d1f,CL:1001005,Kidney.glomerular capillary endothelial cell,90,4554,1.98
5039cf8619f6f8b5b4a14af1037e1d1f,CL:1000452,Kidney.parietal epithelial cell,77,4554,1.69
5039cf8619f6f8b5b4a14af1037e1d1f,CL:4030014,Kidney.kidney loop of Henle long descending thin limb inner medulla epithelial cell,63,4554,1.38
5039cf8619f6f8b5b4a14af1037e1d1f,CL:1001318,Kidney.renal interstitial pericyte,58,4554,1.27
5039cf8619f6f8b5b4a14af1037e1d1f,CL:1000715,Kidney.kidney cortex collecting duct intercalated cell,56,4554,1.23
5039cf8619f6f8b5b4a14af1037e1d1f,CL:1000717,Kidney.kidney outer medulla collecting duct intercalated cell,56,4554,1.23
5039cf8619f6f8b5b4a14af1037e1d1f,CL:1000698,Kidney.kidney resident macrophage,42,4554,0.92
5039cf8619f6f8b5b4a14af1037e1d1f,CL:1001108,Kidney.kidney loop of Henle medullary thick ascending limb epithelial cell,40,4554,0.88
5039cf8619f6f8b5b4a14af1037e1d1f,CL:0000084,Kidney.T cell,35,4554,0.77
5039cf8619f6f8b5b4a14af1037e1d1f,CL:0002201,Kidney.renal beta-intercalated cell,23,4554,0.51
5039cf8619f6f8b5b4a14af1037e1d1f,CL:1000412,Kidney.endothelial cell of arteriole,22,4554,0.48
5039cf8619f6f8b5b4a14af1037e1d1f,CL:4030017,Kidney.epithelial cell of late distal convoluted tubule,22,4554,0.48
5039cf8619f6f8b5b4a14af1037e1d1f,CL:0000057,Kidney.kidney interstitial fibroblast,21,4554,0.46
5039cf8619f6f8b5b4a14af1037e1d1f,CL:0000814,Kidney.mature NK T cell,16,4554,0.35
5039cf8619f6f8b5b4a14af1037e1d1f,CL:1000716,Kidney.kidney outer medulla collecting duct principal cell,14,4554,0.31
5039cf8619f6f8b5b4a14af1037e1d1f,CL:0011031,Kidney.monocyte-derived dendritic cell,13,4554,0.29
5039cf8619f6f8b5b4a14af1037e1d1f,CL:0000236,Kidney.B cell,11,4554,0.24
5039cf8619f6f8b5b4a14af1037e1d1f,CL:4030022,Kidney.renal medullary fibroblast,7,4554,0.15
5039cf8619f6f8b5b4a14af1037e1d1f,CL:0002138,Kidney.endothelial cell of lymphatic vessel,6,4554,0.13
5039cf8619f6f8b5b4a14af1037e1d1f,CL:0000650,Kidney.mesangial cell,6,4554,0.13
5039cf8619f6f8b5b4a14af1037e1d1f,CL:0000875,Kidney.non-classical monocyte,4,4554,0.09
5039cf8619f6f8b5b4a14af1037e1d1f,CL:0000990,Kidney.conventional dendritic cell,2,4554,0.04
5039cf8619f6f8b5b4a14af1037e1d1f,CL:1000597,Kidney.papillary tips cell,2,4554,0.04
5039cf8619f6f8b5b4a14af1037e1d1f,CL:1001285,Kidney.vasa recta descending limb cell,2,4554,0.04
5039cf8619f6f8b5b4a14af1037e1d1f,CL:0000648,Kidney.kidney granular cell,1,4554,0.02
5039cf8619f6f8b5b4a14af1037e1d1f,CL:4030018,Kidney.kidney connecting tubule principal cell,1,4554,0.02
5039cf8619f6f8b5b4a14af1037e1d1f,CL:1001131,Kidney.vasa recta ascending limb cell,1,4554,0.02
e010f7505632d7b6eeda25b349383149,CL:1001109,Kidney.kidney loop of Henle cortical thick ascending limb epithelial cell,514,2365,21.73
e010f7505632d7b6eeda25b349383149,CL:1001108,Kidney.kidney loop of Henle medullary thick ascending limb epithelial cell,395,2365,16.7
e010f7505632d7b6eeda25b349383149,CL:1000452,Kidney.parietal epithelial cell,344,2365,14.55
e010f7505632d7b6eeda25b349383149,CL:4030012,Kidney.kidney loop of Henle short descending thin limb epithelial cell,140,2365,5.92
e010f7505632d7b6eeda25b349383149,CL:0000057,Kidney.kidney interstitial fibroblast,99,2365,4.19
e010f7505632d7b6eeda25b349383149,CL:1000716,Kidney.kidney outer medulla collecting duct principal cell,97,2365,4.1
e010f7505632d7b6eeda25b349383149,CL:1000718,Kidney.kidney inner medulla collecting duct principal cell,95,2365,4.02
e010f7505632d7b6eeda25b349383149,CL:4030013,Kidney.kidney loop of Henle long descending thin limb outer medulla epithelial cell,94,2365,3.97
e010f7505632d7b6eeda25b349383149,CL:4030016,Kidney.epithelial cell of early distal convoluted tubule,65,2365,2.75
e010f7505632d7b6eeda25b349383149,CL:4030022,Kidney.renal medullary fibroblast,64,2365,2.71
e010f7505632d7b6eeda25b349383149,CL:1001285,Kidney.vasa recta descending limb cell,62,2365,2.62
e010f7505632d7b6eeda25b349383149,CL:1001033,Kidney.peritubular capillary endothelial cell,62,2365,2.62
e010f7505632d7b6eeda25b349383149,CL:4030011,Kidney.epithelial cell of proximal tubule segment 3,53,2365,2.24
e010f7505632d7b6eeda25b349383149,CL:1000768,Kidney.kidney connecting tubule epithelial cell,46,2365,1.95
e010f7505632d7b6eeda25b349383149,CL:1001318,Kidney.renal interstitial pericyte,42,2365,1.78
e010f7505632d7b6eeda25b349383149,CL:1000717,Kidney.kidney outer medulla collecting duct intercalated cell,40,2365,1.69
e010f7505632d7b6eeda25b349383149,CL:1001131,Kidney.vasa recta ascending limb cell,35,2365,1.48
e010f7505632d7b6eeda25b349383149,CL:4030014,Kidney.kidney loop of Henle long descending thin limb inner medulla epithelial cell,22,2365,0.93
e010f7505632d7b6eeda25b349383149,CL:1000698,Kidney.kidney resident macrophage,17,2365,0.72
e010f7505632d7b6eeda25b349383149,CL:1000714,Kidney.kidney cortex collecting duct principal cell,16,2365,0.68
e010f7505632d7b6eeda25b349383149,CL:1000412,Kidney.endothelial cell of arteriole,14,2365,0.59
e010f7505632d7b6eeda25b349383149,CL:1000850,Kidney.macula densa epithelial cell,13,2365,0.55
e010f7505632d7b6eeda25b349383149,CL:1001107,Kidney.kidney loop of Henle thin ascending limb epithelial cell,10,2365,0.42
e010f7505632d7b6eeda25b349383149,CL:0002138,Kidney.endothelial cell of lymphatic vessel,6,2365,0.25
e010f7505632d7b6eeda25b349383149,CL:1001005,Kidney.glomerular capillary endothelial cell,6,2365,0.25
e010f7505632d7b6eeda25b349383149,CL:4030009,Kidney.epithelial cell of proximal tubule segment 1,6,2365,0.25
e010f7505632d7b6eeda25b349383149,CL:0011031,Kidney.monocyte-derived dendritic cell,2,2365,0.08
e010f7505632d7b6eeda25b349383149,CL:0000650,Kidney.mesangial cell,2,2365,0.08
e010f7505632d7b6eeda25b349383149,CL:4030017,Kidney.epithelial cell of late distal convoluted tubule,1,2365,0.04
e010f7505632d7b6eeda25b349383149,CL:4030010,Kidney.epithelial cell of proximal tubule segment 2,1,2365,0.04
e010f7505632d7b6eeda25b349383149,CL:0000653,Kidney.podocyte,1,2365,0.04
e010f7505632d7b6eeda25b349383149,CL:0000786,Kidney.plasma cell,1,2365,0.04
57054da2dbe87b93f1adb78444086963,CL:1000597,Kidney.papillary tips cell,4185,10398,40.25
57054da2dbe87b93f1adb78444086963,CL:1000718,Kidney.kidney inner medulla collecting duct principal cell,2834,10398,27.26
57054da2dbe87b93f1adb78444086963,CL:1000768,Kidney.kidney connecting tubule epithelial cell,828,10398,7.96
57054da2dbe87b93f1adb78444086963,CL:1000714,Kidney.kidney cortex collecting duct principal cell,728,10398,7.0
57054da2dbe87b93f1adb78444086963,CL:0000057,Kidney.kidney interstitial fibroblast,575,10398,5.53
57054da2dbe87b93f1adb78444086963,CL:4030022,Kidney.renal medullary fibroblast,490,10398,4.71
57054da2dbe87b93f1adb78444086963,CL:1001131,Kidney.vasa recta ascending limb cell,205,10398,1.97
57054da2dbe87b93f1adb78444086963,CL:4030012,Kidney.kidney loop of Henle short descending thin limb epithelial cell,136,10398,1.31
57054da2dbe87b93f1adb78444086963,CL:1001033,Kidney.peritubular capillary endothelial cell,134,10398,1.29
57054da2dbe87b93f1adb78444086963,CL:1001318,Kidney.renal interstitial pericyte,133,10398,1.28
57054da2dbe87b93f1adb78444086963,CL:1001285,Kidney.vasa recta descending limb cell,38,10398,0.37
57054da2dbe87b93f1adb78444086963,CL:4030018,Kidney.kidney connecting tubule principal cell,37,10398,0.36
57054da2dbe87b93f1adb78444086963,CL:4030016,Kidney.epithelial cell of early distal convoluted tubule,19,10398,0.18
57054da2dbe87b93f1adb78444086963,CL:1000715,Kidney.kidney cortex collecting duct intercalated cell,16,10398,0.15
57054da2dbe87b93f1adb78444086963,CL:1000717,Kidney.kidney outer medulla collecting duct intercalated cell,10,10398,0.1
57054da2dbe87b93f1adb78444086963,CL:1000698,Kidney.kidney resident macrophage,6,10398,0.06
57054da2dbe87b93f1adb78444086963,CL:1000452,Kidney.parietal epithelial cell,6,10398,0.06
57054da2dbe87b93f1adb78444086963,CL:1000412,Kidney.endothelial cell of arteriole,4,10398,0.04
57054da2dbe87b93f1adb78444086963,CL:0000653,Kidney.podocyte,2,10398,0.02
57054da2dbe87b93f1adb78444086963,CL:1001108,Kidney.kidney loop of Henle medullary thick ascending limb epithelial cell,2,10398,0.02
57054da2dbe87b93f1adb78444086963,CL:0000650,Kidney.mesangial cell,2,10398,0.02
57054da2dbe87b93f1adb78444086963,CL:1001005,Kidney.glomerular capillary endothelial cell,1,10398,0.01
57054da2dbe87b93f1adb78444086963,CL:4030009,Kidney.epithelial cell of proximal tubule segment 1,1,10398,0.01
57054da2dbe87b93f1adb78444086963,CL:0000990,Kidney.conventional dendritic cell,1,10398,0.01
57054da2dbe87b93f1adb78444086963,CL:0002138,Kidney.endothelial cell of lymphatic vessel,1,10398,0.01
57054da2dbe87b93f1adb78444086963,CL:0000084,Kidney.T cell,1,10398,0.01
57054da2dbe87b93f1adb78444086963,CL:1001107,Kidney.kidney loop of Henle thin ascending limb epithelial cell,1,10398,0.01
57054da2dbe87b93f1adb78444086963,CL:0000814,Kidney.mature NK T cell,1,10398,0.01
57054da2dbe87b93f1adb78444086963,CL:0002201,Kidney.renal beta-intercalated cell,1,10398,0.01
fbfdd102ecd60d7cf9d3da8c3d83a5c4,CL:1001109,Kidney.kidney loop of Henle cortical thick ascending limb epithelial cell,1989,5805,34.26
fbfdd102ecd60d7cf9d3da8c3d83a5c4,CL:1001108,Kidney.kidney loop of Henle medullary thick ascending limb epithelial cell,702,5805,12.09
fbfdd102ecd60d7cf9d3da8c3d83a5c4,CL:4030012,Kidney.kidney loop of Henle short descending thin limb epithelial cell,527,5805,9.08
fbfdd102ecd60d7cf9d3da8c3d83a5c4,CL:1000768,Kidney.kidney connecting tubule epithelial cell,494,5805,8.51
fbfdd102ecd60d7cf9d3da8c3d83a5c4,CL:1000714,Kidney.kidney cortex collecting duct principal cell,382,5805,6.58
fbfdd102ecd60d7cf9d3da8c3d83a5c4,CL:1000717,Kidney.kidney outer medulla collecting duct intercalated cell,260,5805,4.48
fbfdd102ecd60d7cf9d3da8c3d83a5c4,CL:1001131,Kidney.vasa recta ascending limb cell,138,5805,2.38
fbfdd102ecd60d7cf9d3da8c3d83a5c4,CL:1001285,Kidney.vasa recta descending limb cell,130,5805,2.24
fbfdd102ecd60d7cf9d3da8c3d83a5c4,CL:4030022,Kidney.renal medullary fibroblast,125,5805,2.15
fbfdd102ecd60d7cf9d3da8c3d83a5c4,CL:4030013,Kidney.kidney loop of Henle long descending thin limb outer medulla epithelial cell,121,5805,2.08
fbfdd102ecd60d7cf9d3da8c3d83a5c4,CL:1001318,Kidney.renal interstitial pericyte,112,5805,1.93
fbfdd102ecd60d7cf9d3da8c3d83a5c4,CL:1000718,Kidney.kidney inner medulla collecting duct principal cell,102,5805,1.76
fbfdd102ecd60d7cf9d3da8c3d83a5c4,CL:4030009,Kidney.epithelial cell of proximal tubule segment 1,98,5805,1.69
fbfdd102ecd60d7cf9d3da8c3d83a5c4,CL:4030011,Kidney.epithelial cell of proximal tubule segment 3,98,5805,1.69
fbfdd102ecd60d7cf9d3da8c3d83a5c4,CL:1001107,Kidney.kidney loop of Henle thin ascending limb epithelial cell,90,5805,1.55
fbfdd102ecd60d7cf9d3da8c3d83a5c4,CL:4030016,Kidney.epithelial cell of early distal convoluted tubule,86,5805,1.48
fbfdd102ecd60d7cf9d3da8c3d83a5c4,CL:1001033,Kidney.peritubular capillary endothelial cell,72,5805,1.24
fbfdd102ecd60d7cf9d3da8c3d83a5c4,CL:1000850,Kidney.macula densa epithelial cell,50,5805,0.86
fbfdd102ecd60d7cf9d3da8c3d83a5c4,CL:0000057,Kidney.kidney interstitial fibroblast,49,5805,0.84
fbfdd102ecd60d7cf9d3da8c3d83a5c4,CL:1000715,Kidney.kidney cortex collecting duct intercalated cell,42,5805,0.72
fbfdd102ecd60d7cf9d3da8c3d83a5c4,CL:4030014,Kidney.kidney loop of Henle long descending thin limb inner medulla epithelial cell,26,5805,0.45
fbfdd102ecd60d7cf9d3da8c3d83a5c4,CL:0000653,Kidney.podocyte,22,5805,0.38
fbfdd102ecd60d7cf9d3da8c3d83a5c4,CL:1001005,Kidney.glomerular capillary endothelial cell,18,5805,0.31
fbfdd102ecd60d7cf9d3da8c3d83a5c4,CL:1000716,Kidney.kidney outer medulla collecting duct principal cell,14,5805,0.24
fbfdd102ecd60d7cf9d3da8c3d83a5c4,CL:1000698,Kidney.kidney resident macrophage,14,5805,0.24
fbfdd102ecd60d7cf9d3da8c3d83a5c4,CL:0002138,Kidney.endothelial cell of lymphatic vessel,9,5805,0.16
fbfdd102ecd60d7cf9d3da8c3d83a5c4,CL:1000412,Kidney.endothelial cell of arteriole,7,5805,0.12
fbfdd102ecd60d7cf9d3da8c3d83a5c4,CL:0000650,Kidney.mesangial cell,6,5805,0.1
fbfdd102ecd60d7cf9d3da8c3d83a5c4,CL:0002201,Kidney.renal beta-intercalated cell,6,5805,0.1
fbfdd102ecd60d7cf9d3da8c3d83a5c4,CL:1000452,Kidney.parietal epithelial cell,3,5805,0.05
fbfdd102ecd60d7cf9d3da8c3d83a5c4,CL:4030018,Kidney.kidney connecting tubule principal cell,3,5805,0.05
fbfdd102ecd60d7cf9d3da8c3d83a5c4,CL:0011031,Kidney.monocyte-derived dendritic cell,3,5805,0.05
fbfdd102ecd60d7cf9d3da8c3d83a5c4,CL:4030010,Kidney.epithelial cell of proximal tubule segment 2,2,5805,0.03
fbfdd102ecd60d7cf9d3da8c3d83a5c4,CL:0000786,Kidney.plasma cell,2,5805,0.03
fbfdd102ecd60d7cf9d3da8c3d83a5c4,CL:0000990,Kidney.conventional dendritic cell,1,5805,0.02
fbfdd102ecd60d7cf9d3da8c3d83a5c4,CL:0000814,Kidney.mature NK T cell,1,5805,0.02
fbfdd102ecd60d7cf9d3da8c3d83a5c4,CL:0000784,"Kidney.plasmacytoid dendritic cell, human",1,5805,0.02
fbb43e7c05d88c8700af94a32cb4e21d,CL:4030009,Kidney.epithelial cell of proximal tubule segment 1,1044,6570,15.89
fbb43e7c05d88c8700af94a32cb4e21d,CL:1001109,Kidney.kidney loop of Henle cortical thick ascending limb epithelial cell,858,6570,13.06
fbb43e7c05d88c8700af94a32cb4e21d,CL:1000718,Kidney.kidney inner medulla collecting duct principal cell,535,6570,8.14
fbb43e7c05d88c8700af94a32cb4e21d,CL:1000768,Kidney.kidney connecting tubule epithelial cell,485,6570,7.38
fbb43e7c05d88c8700af94a32cb4e21d,CL:4030012,Kidney.kidney loop of Henle short descending thin limb epithelial cell,481,6570,7.32
fbb43e7c05d88c8700af94a32cb4e21d,CL:4030011,Kidney.epithelial cell of proximal tubule segment 3,414,6570,6.3
fbb43e7c05d88c8700af94a32cb4e21d,CL:4030016,Kidney.epithelial cell of early distal convoluted tubule,354,6570,5.39
fbb43e7c05d88c8700af94a32cb4e21d,CL:1000715,Kidney.kidney cortex collecting duct intercalated cell,316,6570,4.81
fbb43e7c05d88c8700af94a32cb4e21d,CL:4030013,Kidney.kidney loop of Henle long descending thin limb outer medulla epithelial cell,239,6570,3.64
fbb43e7c05d88c8700af94a32cb4e21d,CL:1000714,Kidney.kidney cortex collecting duct principal cell,226,6570,3.44
fbb43e7c05d88c8700af94a32cb4e21d,CL:0000057,Kidney.kidney interstitial fibroblast,210,6570,3.2
fbb43e7c05d88c8700af94a32cb4e21d,CL:1000850,Kidney.macula densa epithelial cell,183,6570,2.79
fbb43e7c05d88c8700af94a32cb4e21d,CL:1001033,Kidney.peritubular capillary endothelial cell,179,6570,2.72
fbb43e7c05d88c8700af94a32cb4e21d,CL:1001107,Kidney.kidney loop of Henle thin ascending limb epithelial cell,108,6570,1.64
fbb43e7c05d88c8700af94a32cb4e21d,CL:1001318,Kidney.renal interstitial pericyte,101,6570,1.54
fbb43e7c05d88c8700af94a32cb4e21d,CL:4030014,Kidney.kidney loop of Henle long descending thin limb inner medulla epithelial cell,95,6570,1.45
fbb43e7c05d88c8700af94a32cb4e21d,CL:0000084,Kidney.T cell,84,6570,1.28
fbb43e7c05d88c8700af94a32cb4e21d,CL:1001005,Kidney.glomerular capillary endothelial cell,75,6570,1.14
fbb43e7c05d88c8700af94a32cb4e21d,CL:0002201,Kidney.renal beta-intercalated cell,59,6570,0.9
fbb43e7c05d88c8700af94a32cb4e21d,CL:1000698,Kidney.kidney resident macrophage,54,6570,0.82
fbb43e7c05d88c8700af94a32cb4e21d,CL:0000653,Kidney.podocyte,53,6570,0.81
fbb43e7c05d88c8700af94a32cb4e21d,CL:1000716,Kidney.kidney outer medulla collecting duct principal cell,48,6570,0.73
fbb43e7c05d88c8700af94a32cb4e21d,CL:0011031,Kidney.monocyte-derived dendritic cell,46,6570,0.7
fbb43e7c05d88c8700af94a32cb4e21d,CL:4030017,Kidney.epithelial cell of late distal convoluted tubule,40,6570,0.61
fbb43e7c05d88c8700af94a32cb4e21d,CL:1000717,Kidney.kidney outer medulla collecting duct intercalated cell,37,6570,0.56
fbb43e7c05d88c8700af94a32cb4e21d,CL:1000452,Kidney.parietal epithelial cell,37,6570,0.56
fbb43e7c05d88c8700af94a32cb4e21d,CL:0000650,Kidney.mesangial cell,32,6570,0.49
fbb43e7c05d88c8700af94a32cb4e21d,CL:4030018,Kidney.kidney connecting tubule principal cell,32,6570,0.49
fbb43e7c05d88c8700af94a32cb4e21d,CL:1000412,Kidney.endothelial cell of arteriole,22,6570,0.33
fbb43e7c05d88c8700af94a32cb4e21d,CL:1001108,Kidney.kidney loop of Henle medullary thick ascending limb epithelial cell,20,6570,0.3
fbb43e7c05d88c8700af94a32cb4e21d,CL:0000236,Kidney.B cell,20,6570,0.3
fbb43e7c05d88c8700af94a32cb4e21d,CL:4030022,Kidney.renal medullary fibroblast,16,6570,0.24
fbb43e7c05d88c8700af94a32cb4e21d,CL:0000784,"Kidney.plasmacytoid dendritic cell, human",16,6570,0.24
fbb43e7c05d88c8700af94a32cb4e21d,CL:1001285,Kidney.vasa recta descending limb cell,11,6570,0.17
fbb43e7c05d88c8700af94a32cb4e21d,CL:0000875,Kidney.non-classical monocyte,9,6570,0.14
fbb43e7c05d88c8700af94a32cb4e21d,CL:0000775,Kidney.neutrophil,8,6570,0.12
fbb43e7c05d88c8700af94a32cb4e21d,CL:0002138,Kidney.endothelial cell of lymphatic vessel,7,6570,0.11
fbb43e7c05d88c8700af94a32cb4e21d,CL:4030010,Kidney.epithelial cell of proximal tubule segment 2,7,6570,0.11
fbb43e7c05d88c8700af94a32cb4e21d,CL:0000786,Kidney.plasma cell,4,6570,0.06
fbb43e7c05d88c8700af94a32cb4e21d,CL:0000990,Kidney.conventional dendritic cell,2,6570,0.03
fbb43e7c05d88c8700af94a32cb4e21d,CL:0000097,Kidney.mast cell,1,6570,0.02
fbb43e7c05d88c8700af94a32cb4e21d,CL:0000814,Kidney.mature NK T cell,1,6570,0.02
fbb43e7c05d88c8700af94a32cb4e21d,CL:1001131,Kidney.vasa recta ascending limb cell,1,6570,0.02
6efd19dc32f820a0e6be6a34973359b6,CL:1001108,Kidney.kidney loop of Henle medullary thick ascending limb epithelial cell,960,6457,14.87
6efd19dc32f820a0e6be6a34973359b6,CL:1001109,Kidney.kidney loop of Henle cortical thick ascending limb epithelial cell,685,6457,10.61
6efd19dc32f820a0e6be6a34973359b6,CL:1000714,Kidney.kidney cortex collecting duct principal cell,616,6457,9.54
6efd19dc32f820a0e6be6a34973359b6,CL:1000717,Kidney.kidney outer medulla collecting duct intercalated cell,610,6457,9.45
6efd19dc32f820a0e6be6a34973359b6,CL:4030016,Kidney.epithelial cell of early distal convoluted tubule,591,6457,9.15
6efd19dc32f820a0e6be6a34973359b6,CL:4030012,Kidney.kidney loop of Henle short descending thin limb epithelial cell,571,6457,8.84
6efd19dc32f820a0e6be6a34973359b6,CL:1000768,Kidney.kidney connecting tubule epithelial cell,421,6457,6.52
6efd19dc32f820a0e6be6a34973359b6,CL:1001033,Kidney.peritubular capillary endothelial cell,257,6457,3.98
6efd19dc32f820a0e6be6a34973359b6,CL:1000718,Kidney.kidney inner medulla collecting duct principal cell,242,6457,3.75
6efd19dc32f820a0e6be6a34973359b6,CL:4030022,Kidney.renal medullary fibroblast,222,6457,3.44
6efd19dc32f820a0e6be6a34973359b6,CL:1001285,Kidney.vasa recta descending limb cell,196,6457,3.04
6efd19dc32f820a0e6be6a34973359b6,CL:1001131,Kidney.vasa recta ascending limb cell,138,6457,2.14
6efd19dc32f820a0e6be6a34973359b6,CL:0000057,Kidney.kidney interstitial fibroblast,137,6457,2.12
6efd19dc32f820a0e6be6a34973359b6,CL:1000850,Kidney.macula densa epithelial cell,132,6457,2.04
6efd19dc32f820a0e6be6a34973359b6,CL:1001107,Kidney.kidney loop of Henle thin ascending limb epithelial cell,107,6457,1.66
6efd19dc32f820a0e6be6a34973359b6,CL:1001318,Kidney.renal interstitial pericyte,99,6457,1.53
6efd19dc32f820a0e6be6a34973359b6,CL:4030013,Kidney.kidney loop of Henle long descending thin limb outer medulla epithelial cell,94,6457,1.46
6efd19dc32f820a0e6be6a34973359b6,CL:1000452,Kidney.parietal epithelial cell,82,6457,1.27
6efd19dc32f820a0e6be6a34973359b6,CL:4030014,Kidney.kidney loop of Henle long descending thin limb inner medulla epithelial cell,63,6457,0.98
6efd19dc32f820a0e6be6a34973359b6,CL:1000716,Kidney.kidney outer medulla collecting duct principal cell,62,6457,0.96
6efd19dc32f820a0e6be6a34973359b6,CL:1000715,Kidney.kidney cortex collecting duct intercalated cell,43,6457,0.67
6efd19dc32f820a0e6be6a34973359b6,CL:1000698,Kidney.kidney resident macrophage,35,6457,0.54
6efd19dc32f820a0e6be6a34973359b6,CL:0002201,Kidney.renal beta-intercalated cell,30,6457,0.46
6efd19dc32f820a0e6be6a34973359b6,CL:0000650,Kidney.mesangial cell,19,6457,0.29
6efd19dc32f820a0e6be6a34973359b6,CL:4030018,Kidney.kidney connecting tubule principal cell,10,6457,0.15
6efd19dc32f820a0e6be6a34973359b6,CL:0011031,Kidney.monocyte-derived dendritic cell,9,6457,0.14
6efd19dc32f820a0e6be6a34973359b6,CL:4030011,Kidney.epithelial cell of proximal tubule segment 3,6,6457,0.09
6efd19dc32f820a0e6be6a34973359b6,CL:1001005,Kidney.glomerular capillary endothelial cell,5,6457,0.08
6efd19dc32f820a0e6be6a34973359b6,CL:1000412,Kidney.endothelial cell of arteriole,4,6457,0.06
6efd19dc32f820a0e6be6a34973359b6,CL:0000875,Kidney.non-classical monocyte,3,6457,0.05
6efd19dc32f820a0e6be6a34973359b6,CL:0000084,Kidney.T cell,2,6457,0.03
6efd19dc32f820a0e6be6a34973359b6,CL:4030009,Kidney.epithelial cell of proximal tubule segment 1,2,6457,0.03
6efd19dc32f820a0e6be6a34973359b6,CL:0002138,Kidney.endothelial cell of lymphatic vessel,1,6457,0.02
6efd19dc32f820a0e6be6a34973359b6,CL:0000236,Kidney.B cell,1,6457,0.02
6efd19dc32f820a0e6be6a34973359b6,CL:0000775,Kidney.neutrophil,1,6457,0.02
6efd19dc32f820a0e6be6a34973359b6,CL:0000814,Kidney.mature NK T cell,1,6457,0.02
6c4582697caa32064baebc97cade18ef,CL:1000597,Kidney.papillary tips cell,8226,10707,76.83
6c4582697caa32064baebc97cade18ef,CL:0000057,Kidney.kidney interstitial fibroblast,1056,10707,9.86
6c4582697caa32064baebc97cade18ef,CL:1000698,Kidney.kidney resident macrophage,726,10707,6.78
6c4582697caa32064baebc97cade18ef,CL:1001318,Kidney.renal interstitial pericyte,133,10707,1.24
6c4582697caa32064baebc97cade18ef,CL:4030022,Kidney.renal medullary fibroblast,116,10707,1.08
6c4582697caa32064baebc97cade18ef,CL:0000084,Kidney.T cell,115,10707,1.07
6c4582697caa32064baebc97cade18ef,CL:1000768,Kidney.kidney connecting tubule epithelial cell,100,10707,0.93
6c4582697caa32064baebc97cade18ef,CL:0011031,Kidney.monocyte-derived dendritic cell,80,10707,0.75
6c4582697caa32064baebc97cade18ef,CL:1001033,Kidney.peritubular capillary endothelial cell,37,10707,0.35
6c4582697caa32064baebc97cade18ef,CL:0002138,Kidney.endothelial cell of lymphatic vessel,31,10707,0.29
6c4582697caa32064baebc97cade18ef,CL:1000718,Kidney.kidney inner medulla collecting duct principal cell,28,10707,0.26
6c4582697caa32064baebc97cade18ef,CL:1000412,Kidney.endothelial cell of arteriole,24,10707,0.22
6c4582697caa32064baebc97cade18ef,CL:0000990,Kidney.conventional dendritic cell,9,10707,0.08
6c4582697caa32064baebc97cade18ef,CL:4030012,Kidney.kidney loop of Henle short descending thin limb epithelial cell,9,10707,0.08
6c4582697caa32064baebc97cade18ef,CL:0000236,Kidney.B cell,8,10707,0.07
6c4582697caa32064baebc97cade18ef,CL:0000875,Kidney.non-classical monocyte,6,10707,0.06
6c4582697caa32064baebc97cade18ef,CL:0000814,Kidney.mature NK T cell,1,10707,0.01
6c4582697caa32064baebc97cade18ef,CL:0000113,Kidney.mononuclear phagocyte,1,10707,0.01
6c4582697caa32064baebc97cade18ef,CL:1001285,Kidney.vasa recta descending limb cell,1,10707,0.01
08c1aa2e74700e1170fc9218ae255992,CL:1001109,Kidney.kidney loop of Henle cortical thick ascending limb epithelial cell,792,3222,24.58
08c1aa2e74700e1170fc9218ae255992,CL:1001108,Kidney.kidney loop of Henle medullary thick ascending limb epithelial cell,740,3222,22.97
08c1aa2e74700e1170fc9218ae255992,CL:4030012,Kidney.kidney loop of Henle short descending thin limb epithelial cell,367,3222,11.39
08c1aa2e74700e1170fc9218ae255992,CL:4030022,Kidney.renal medullary fibroblast,279,3222,8.66
08c1aa2e74700e1170fc9218ae255992,CL:1000718,Kidney.kidney inner medulla collecting duct principal cell,256,3222,7.95
08c1aa2e74700e1170fc9218ae255992,CL:1001131,Kidney.vasa recta ascending limb cell,135,3222,4.19
08c1aa2e74700e1170fc9218ae255992,CL:1000714,Kidney.kidney cortex collecting duct principal cell,92,3222,2.86
08c1aa2e74700e1170fc9218ae255992,CL:4030013,Kidney.kidney loop of Henle long descending thin limb outer medulla epithelial cell,90,3222,2.79
08c1aa2e74700e1170fc9218ae255992,CL:1000768,Kidney.kidney connecting tubule epithelial cell,82,3222,2.55
08c1aa2e74700e1170fc9218ae255992,CL:1001285,Kidney.vasa recta descending limb cell,59,3222,1.83
08c1aa2e74700e1170fc9218ae255992,CL:1001033,Kidney.peritubular capillary endothelial cell,55,3222,1.71
08c1aa2e74700e1170fc9218ae255992,CL:4030016,Kidney.epithelial cell of early distal convoluted tubule,53,3222,1.64
08c1aa2e74700e1170fc9218ae255992,CL:1000717,Kidney.kidney outer medulla collecting duct intercalated cell,43,3222,1.33
08c1aa2e74700e1170fc9218ae255992,CL:1000698,Kidney.kidney resident macrophage,41,3222,1.27
08c1aa2e74700e1170fc9218ae255992,CL:1001107,Kidney.kidney loop of Henle thin ascending limb epithelial cell,41,3222,1.27
08c1aa2e74700e1170fc9218ae255992,CL:1001318,Kidney.renal interstitial pericyte,13,3222,0.4
08c1aa2e74700e1170fc9218ae255992,CL:1000850,Kidney.macula densa epithelial cell,13,3222,0.4
08c1aa2e74700e1170fc9218ae255992,CL:0011031,Kidney.monocyte-derived dendritic cell,13,3222,0.4
08c1aa2e74700e1170fc9218ae255992,CL:0000057,Kidney.kidney interstitial fibroblast,10,3222,0.31
08c1aa2e74700e1170fc9218ae255992,CL:0000084,Kidney.T cell,8,3222,0.25
08c1aa2e74700e1170fc9218ae255992,CL:1000716,Kidney.kidney outer medulla collecting duct principal cell,8,3222,0.25
08c1aa2e74700e1170fc9218ae255992,CL:1000412,Kidney.endothelial cell of arteriole,8,3222,0.25
08c1aa2e74700e1170fc9218ae255992,CL:0002138,Kidney.endothelial cell of lymphatic vessel,5,3222,0.16
08c1aa2e74700e1170fc9218ae255992,CL:0000814,Kidney.mature NK T cell,3,3222,0.09
08c1aa2e74700e1170fc9218ae255992,CL:1001005,Kidney.glomerular capillary endothelial cell,3,3222,0.09
08c1aa2e74700e1170fc9218ae255992,CL:0002201,Kidney.renal beta-intercalated cell,3,3222,0.09
08c1aa2e74700e1170fc9218ae255992,CL:1000452,Kidney.parietal epithelial cell,3,3222,0.09
08c1aa2e74700e1170fc9218ae255992,CL:4030018,Kidney.kidney connecting tubule principal cell,2,3222,0.06
08c1aa2e74700e1170fc9218ae255992,CL:4030011,Kidney.epithelial cell of proximal tubule segment 3,1,3222,0.03
08c1aa2e74700e1170fc9218ae255992,CL:0000990,Kidney.conventional dendritic cell,1,3222,0.03
08c1aa2e74700e1170fc9218ae255992,CL:0000650,Kidney.mesangial cell,1,3222,0.03
08c1aa2e74700e1170fc9218ae255992,CL:1000597,Kidney.papillary tips cell,1,3222,0.03
08c1aa2e74700e1170fc9218ae255992,CL:0000653,Kidney.podocyte,1,3222,0.03
377df3da484d29fdde20ec020a76ba1b,CL:1000597,Kidney.papillary tips cell,982,2752,35.68
377df3da484d29fdde20ec020a76ba1b,CL:1000718,Kidney.kidney inner medulla collecting duct principal cell,513,2752,18.64
377df3da484d29fdde20ec020a76ba1b,CL:1000768,Kidney.kidney connecting tubule epithelial cell,509,2752,18.5
377df3da484d29fdde20ec020a76ba1b,CL:1000714,Kidney.kidney cortex collecting duct principal cell,173,2752,6.29
377df3da484d29fdde20ec020a76ba1b,CL:0000057,Kidney.kidney interstitial fibroblast,98,2752,3.56
377df3da484d29fdde20ec020a76ba1b,CL:1000698,Kidney.kidney resident macrophage,75,2752,2.73
377df3da484d29fdde20ec020a76ba1b,CL:4030012,Kidney.kidney loop of Henle short descending thin limb epithelial cell,60,2752,2.18
377df3da484d29fdde20ec020a76ba1b,CL:1001318,Kidney.renal interstitial pericyte,54,2752,1.96
377df3da484d29fdde20ec020a76ba1b,CL:0000084,Kidney.T cell,53,2752,1.93
377df3da484d29fdde20ec020a76ba1b,CL:1000715,Kidney.kidney cortex collecting duct intercalated cell,28,2752,1.02
377df3da484d29fdde20ec020a76ba1b,CL:4030016,Kidney.epithelial cell of early distal convoluted tubule,27,2752,0.98
377df3da484d29fdde20ec020a76ba1b,CL:1001108,Kidney.kidney loop of Henle medullary thick ascending limb epithelial cell,25,2752,0.91
377df3da484d29fdde20ec020a76ba1b,CL:4030022,Kidney.renal medullary fibroblast,23,2752,0.84
377df3da484d29fdde20ec020a76ba1b,CL:0011031,Kidney.monocyte-derived dendritic cell,21,2752,0.76
377df3da484d29fdde20ec020a76ba1b,CL:0000875,Kidney.non-classical monocyte,18,2752,0.65
377df3da484d29fdde20ec020a76ba1b,CL:0002201,Kidney.renal beta-intercalated cell,12,2752,0.44
377df3da484d29fdde20ec020a76ba1b,CL:1000452,Kidney.parietal epithelial cell,12,2752,0.44
377df3da484d29fdde20ec020a76ba1b,CL:0000814,Kidney.mature NK T cell,9,2752,0.33
377df3da484d29fdde20ec020a76ba1b,CL:0000236,Kidney.B cell,8,2752,0.29
377df3da484d29fdde20ec020a76ba1b,CL:0000097,Kidney.mast cell,7,2752,0.25
377df3da484d29fdde20ec020a76ba1b,CL:0002138,Kidney.endothelial cell of lymphatic vessel,6,2752,0.22
377df3da484d29fdde20ec020a76ba1b,CL:4030018,Kidney.kidney connecting tubule principal cell,6,2752,0.22
377df3da484d29fdde20ec020a76ba1b,CL:1001285,Kidney.vasa recta descending limb cell,5,2752,0.18
377df3da484d29fdde20ec020a76ba1b,CL:0000990,Kidney.conventional dendritic cell,5,2752,0.18
377df3da484d29fdde20ec020a76ba1b,CL:1001131,Kidney.vasa recta ascending limb cell,4,2752,0.15
377df3da484d29fdde20ec020a76ba1b,CL:1001033,Kidney.peritubular capillary endothelial cell,4,2752,0.15
377df3da484d29fdde20ec020a76ba1b,CL:0000784,"Kidney.plasmacytoid dendritic cell, human",3,2752,0.11
377df3da484d29fdde20ec020a76ba1b,CL:1000412,Kidney.endothelial cell of arteriole,2,2752,0.07
377df3da484d29fdde20ec020a76ba1b,CL:1000716,Kidney.kidney outer medulla collecting duct principal cell,2,2752,0.07
377df3da484d29fdde20ec020a76ba1b,CL:0000786,Kidney.plasma cell,2,2752,0.07
377df3da484d29fdde20ec020a76ba1b,CL:4030014,Kidney.kidney loop of Henle long descending thin limb inner medulla epithelial cell,1,2752,0.04
377df3da484d29fdde20ec020a76ba1b,CL:4030009,Kidney.epithelial cell of proximal tubule segment 1,1,2752,0.04
377df3da484d29fdde20ec020a76ba1b,CL:1000850,Kidney.macula densa epithelial cell,1,2752,0.04
377df3da484d29fdde20ec020a76ba1b,CL:4030013,Kidney.kidney loop of Henle long descending thin limb outer medulla epithelial cell,1,2752,0.04
377df3da484d29fdde20ec020a76ba1b,CL:0000113,Kidney.mononuclear phagocyte,1,2752,0.04
377df3da484d29fdde20ec020a76ba1b,CL:0000650,Kidney.mesangial cell,1,2752,0.04
fb94e862fe33f171de6e07d2d207d0de,CL:4030012,Kidney.kidney loop of Henle short descending thin limb epithelial cell,85,382,22.25
fb94e862fe33f171de6e07d2d207d0de,CL:1000714,Kidney.kidney cortex collecting duct principal cell,78,382,20.42
fb94e862fe33f171de6e07d2d207d0de,CL:1000718,Kidney.kidney inner medulla collecting duct principal cell,62,382,16.23
fb94e862fe33f171de6e07d2d207d0de,CL:1000768,Kidney.kidney connecting tubule epithelial cell,42,382,10.99
fb94e862fe33f171de6e07d2d207d0de,CL:4030022,Kidney.renal medullary fibroblast,27,382,7.07
fb94e862fe33f171de6e07d2d207d0de,CL:1001107,Kidney.kidney loop of Henle thin ascending limb epithelial cell,25,382,6.54
fb94e862fe33f171de6e07d2d207d0de,CL:4030016,Kidney.epithelial cell of early distal convoluted tubule,23,382,6.02
fb94e862fe33f171de6e07d2d207d0de,CL:4030014,Kidney.kidney loop of Henle long descending thin limb inner medulla epithelial cell,10,382,2.62
fb94e862fe33f171de6e07d2d207d0de,CL:1000597,Kidney.papillary tips cell,8,382,2.09
fb94e862fe33f171de6e07d2d207d0de,CL:1001131,Kidney.vasa recta ascending limb cell,5,382,1.31
fb94e862fe33f171de6e07d2d207d0de,CL:1001285,Kidney.vasa recta descending limb cell,3,382,0.79
fb94e862fe33f171de6e07d2d207d0de,CL:1000850,Kidney.macula densa epithelial cell,2,382,0.52
fb94e862fe33f171de6e07d2d207d0de,CL:0011031,Kidney.monocyte-derived dendritic cell,2,382,0.52
fb94e862fe33f171de6e07d2d207d0de,CL:0000057,Kidney.kidney interstitial fibroblast,2,382,0.52
fb94e862fe33f171de6e07d2d207d0de,CL:1001005,Kidney.glomerular capillary endothelial cell,1,382,0.26
fb94e862fe33f171de6e07d2d207d0de,CL:0000236,Kidney.B cell,1,382,0.26
fb94e862fe33f171de6e07d2d207d0de,CL:0000875,Kidney.non-classical monocyte,1,382,0.26
fb94e862fe33f171de6e07d2d207d0de,CL:0000814,Kidney.mature NK T cell,1,382,0.26
fb94e862fe33f171de6e07d2d207d0de,CL:0000786,Kidney.plasma cell,1,382,0.26
fb94e862fe33f171de6e07d2d207d0de,CL:1001033,Kidney.peritubular capillary endothelial cell,1,382,0.26
fb94e862fe33f171de6e07d2d207d0de,CL:1000452,Kidney.parietal epithelial cell,1,382,0.26
fb94e862fe33f171de6e07d2d207d0de,CL:0002201,Kidney.renal beta-intercalated cell,1,382,0.26
52ec5e111357f8fdd4ab2a3c5790cf4e,CL:4030009,Kidney.epithelial cell of proximal tubule segment 1,1709,5932,28.81
52ec5e111357f8fdd4ab2a3c5790cf4e,CL:4030016,Kidney.epithelial cell of early distal convoluted tubule,938,5932,15.81
52ec5e111357f8fdd4ab2a3c5790cf4e,CL:1000768,Kidney.kidney connecting tubule epithelial cell,614,5932,10.35
52ec5e111357f8fdd4ab2a3c5790cf4e,CL:1001109,Kidney.kidney loop of Henle cortical thick ascending limb epithelial cell,455,5932,7.67
52ec5e111357f8fdd4ab2a3c5790cf4e,CL:4030011,Kidney.epithelial cell of proximal tubule segment 3,356,5932,6.0
52ec5e111357f8fdd4ab2a3c5790cf4e,CL:4030012,Kidney.kidney loop of Henle short descending thin limb epithelial cell,336,5932,5.66
52ec5e111357f8fdd4ab2a3c5790cf4e,CL:1000715,Kidney.kidney cortex collecting duct intercalated cell,295,5932,4.97
52ec5e111357f8fdd4ab2a3c5790cf4e,CL:4030013,Kidney.kidney loop of Henle long descending thin limb outer medulla epithelial cell,235,5932,3.96
52ec5e111357f8fdd4ab2a3c5790cf4e,CL:1000718,Kidney.kidney inner medulla collecting duct principal cell,164,5932,2.76
52ec5e111357f8fdd4ab2a3c5790cf4e,CL:1001033,Kidney.peritubular capillary endothelial cell,110,5932,1.85
52ec5e111357f8fdd4ab2a3c5790cf4e,CL:0000653,Kidney.podocyte,97,5932,1.64
52ec5e111357f8fdd4ab2a3c5790cf4e,CL:0002201,Kidney.renal beta-intercalated cell,96,5932,1.62
52ec5e111357f8fdd4ab2a3c5790cf4e,CL:1000452,Kidney.parietal epithelial cell,88,5932,1.48
52ec5e111357f8fdd4ab2a3c5790cf4e,CL:1000714,Kidney.kidney cortex collecting duct principal cell,69,5932,1.16
52ec5e111357f8fdd4ab2a3c5790cf4e,CL:4030017,Kidney.epithelial cell of late distal convoluted tubule,53,5932,0.89
52ec5e111357f8fdd4ab2a3c5790cf4e,CL:4030018,Kidney.kidney connecting tubule principal cell,49,5932,0.83
52ec5e111357f8fdd4ab2a3c5790cf4e,CL:1001005,Kidney.glomerular capillary endothelial cell,45,5932,0.76
52ec5e111357f8fdd4ab2a3c5790cf4e,CL:1000698,Kidney.kidney resident macrophage,41,5932,0.69
52ec5e111357f8fdd4ab2a3c5790cf4e,CL:0000057,Kidney.kidney interstitial fibroblast,32,5932,0.54
52ec5e111357f8fdd4ab2a3c5790cf4e,CL:0000084,Kidney.T cell,28,5932,0.47
52ec5e111357f8fdd4ab2a3c5790cf4e,CL:1000717,Kidney.kidney outer medulla collecting duct intercalated cell,28,5932,0.47
52ec5e111357f8fdd4ab2a3c5790cf4e,CL:1000850,Kidney.macula densa epithelial cell,24,5932,0.4
52ec5e111357f8fdd4ab2a3c5790cf4e,CL:0011031,Kidney.monocyte-derived dendritic cell,13,5932,0.22
52ec5e111357f8fdd4ab2a3c5790cf4e,CL:0000650,Kidney.mesangial cell,13,5932,0.22
52ec5e111357f8fdd4ab2a3c5790cf4e,CL:4030010,Kidney.epithelial cell of proximal tubule segment 2,10,5932,0.17
52ec5e111357f8fdd4ab2a3c5790cf4e,CL:1001318,Kidney.renal interstitial pericyte,10,5932,0.17
52ec5e111357f8fdd4ab2a3c5790cf4e,CL:0000814,Kidney.mature NK T cell,9,5932,0.15
52ec5e111357f8fdd4ab2a3c5790cf4e,CL:1000412,Kidney.endothelial cell of arteriole,3,5932,0.05
52ec5e111357f8fdd4ab2a3c5790cf4e,CL:1001285,Kidney.vasa recta descending limb cell,3,5932,0.05
52ec5e111357f8fdd4ab2a3c5790cf4e,CL:4030022,Kidney.renal medullary fibroblast,2,5932,0.03
52ec5e111357f8fdd4ab2a3c5790cf4e,CL:4030020,Kidney.kidney connecting tubule alpha-intercalated cell,2,5932,0.03
52ec5e111357f8fdd4ab2a3c5790cf4e,CL:0000648,Kidney.kidney granular cell,1,5932,0.02
52ec5e111357f8fdd4ab2a3c5790cf4e,CL:1001108,Kidney.kidney loop of Henle medullary thick ascending limb epithelial cell,1,5932,0.02
52ec5e111357f8fdd4ab2a3c5790cf4e,CL:1001107,Kidney.kidney loop of Henle thin ascending limb epithelial cell,1,5932,0.02
52ec5e111357f8fdd4ab2a3c5790cf4e,CL:0000875,Kidney.non-classical monocyte,1,5932,0.02
52ec5e111357f8fdd4ab2a3c5790cf4e,CL:0000784,"Kidney.plasmacytoid dendritic cell, human",1,5932,0.02
ec7ebe15feec075a0299979b0350dd3a,CL:1000768,Kidney.kidney connecting tubule epithelial cell,1678,9797,17.13
ec7ebe15feec075a0299979b0350dd3a,CL:1000714,Kidney.kidney cortex collecting duct principal cell,1670,9797,17.05
ec7ebe15feec075a0299979b0350dd3a,CL:1000718,Kidney.kidney inner medulla collecting duct principal cell,1265,9797,12.91
ec7ebe15feec075a0299979b0350dd3a,CL:4030012,Kidney.kidney loop of Henle short descending thin limb epithelial cell,1060,9797,10.82
ec7ebe15feec075a0299979b0350dd3a,CL:4030022,Kidney.renal medullary fibroblast,1058,9797,10.8
ec7ebe15feec075a0299979b0350dd3a,CL:1001108,Kidney.kidney loop of Henle medullary thick ascending limb epithelial cell,418,9797,4.27
ec7ebe15feec075a0299979b0350dd3a,CL:1001285,Kidney.vasa recta descending limb cell,400,9797,4.08
ec7ebe15feec075a0299979b0350dd3a,CL:1000597,Kidney.papillary tips cell,390,9797,3.98
ec7ebe15feec075a0299979b0350dd3a,CL:1001131,Kidney.vasa recta ascending limb cell,340,9797,3.47
ec7ebe15feec075a0299979b0350dd3a,CL:1001107,Kidney.kidney loop of Henle thin ascending limb epithelial cell,277,9797,2.83
ec7ebe15feec075a0299979b0350dd3a,CL:0000057,Kidney.kidney interstitial fibroblast,154,9797,1.57
ec7ebe15feec075a0299979b0350dd3a,CL:1001318,Kidney.renal interstitial pericyte,143,9797,1.46
ec7ebe15feec075a0299979b0350dd3a,CL:0000650,Kidney.mesangial cell,130,9797,1.33
ec7ebe15feec075a0299979b0350dd3a,CL:1000715,Kidney.kidney cortex collecting duct intercalated cell,106,9797,1.08
ec7ebe15feec075a0299979b0350dd3a,CL:4030014,Kidney.kidney loop of Henle long descending thin limb inner medulla epithelial cell,102,9797,1.04
ec7ebe15feec075a0299979b0350dd3a,CL:1000717,Kidney.kidney outer medulla collecting duct intercalated cell,96,9797,0.98
ec7ebe15feec075a0299979b0350dd3a,CL:4030013,Kidney.kidney loop of Henle long descending thin limb outer medulla epithelial cell,90,9797,0.92
ec7ebe15feec075a0299979b0350dd3a,CL:1000452,Kidney.parietal epithelial cell,72,9797,0.73
ec7ebe15feec075a0299979b0350dd3a,CL:1001033,Kidney.peritubular capillary endothelial cell,60,9797,0.61
ec7ebe15feec075a0299979b0350dd3a,CL:1000412,Kidney.endothelial cell of arteriole,51,9797,0.52
ec7ebe15feec075a0299979b0350dd3a,CL:1000698,Kidney.kidney resident macrophage,45,9797,0.46
ec7ebe15feec075a0299979b0350dd3a,CL:4030011,Kidney.epithelial cell of proximal tubule segment 3,39,9797,0.4
ec7ebe15feec075a0299979b0350dd3a,CL:4030018,Kidney.kidney connecting tubule principal cell,27,9797,0.28
ec7ebe15feec075a0299979b0350dd3a,CL:1001109,Kidney.kidney loop of Henle cortical thick ascending limb epithelial cell,21,9797,0.21
ec7ebe15feec075a0299979b0350dd3a,CL:1001005,Kidney.glomerular capillary endothelial cell,21,9797,0.21
ec7ebe15feec075a0299979b0350dd3a,CL:1000716,Kidney.kidney outer medulla collecting duct principal cell,20,9797,0.2
ec7ebe15feec075a0299979b0350dd3a,CL:4030009,Kidney.epithelial cell of proximal tubule segment 1,12,9797,0.12
ec7ebe15feec075a0299979b0350dd3a,CL:0002201,Kidney.renal beta-intercalated cell,11,9797,0.11
ec7ebe15feec075a0299979b0350dd3a,CL:1000850,Kidney.macula densa epithelial cell,11,9797,0.11
ec7ebe15feec075a0299979b0350dd3a,CL:0000084,Kidney.T cell,8,9797,0.08
ec7ebe15feec075a0299979b0350dd3a,CL:0011031,Kidney.monocyte-derived dendritic cell,6,9797,0.06
ec7ebe15feec075a0299979b0350dd3a,CL:0002138,Kidney.endothelial cell of lymphatic vessel,5,9797,0.05
ec7ebe15feec075a0299979b0350dd3a,CL:4030016,Kidney.epithelial cell of early distal convoluted tubule,5,9797,0.05
ec7ebe15feec075a0299979b0350dd3a,CL:0000814,Kidney.mature NK T cell,4,9797,0.04
ec7ebe15feec075a0299979b0350dd3a,CL:0000775,Kidney.neutrophil,2,9797,0.02
0db9481caed92aec4cddc606108692d5,CL:1001109,Kidney.kidney loop of Henle cortical thick ascending limb epithelial cell,11380,16887,67.39
0db9481caed92aec4cddc606108692d5,CL:1001108,Kidney.kidney loop of Henle medullary thick ascending limb epithelial cell,2182,16887,12.92
0db9481caed92aec4cddc606108692d5,CL:1000714,Kidney.kidney cortex collecting duct principal cell,836,16887,4.95
0db9481caed92aec4cddc606108692d5,CL:4030012,Kidney.kidney loop of Henle short descending thin limb epithelial cell,558,16887,3.3
0db9481caed92aec4cddc606108692d5,CL:1001285,Kidney.vasa recta descending limb cell,318,16887,1.88
0db9481caed92aec4cddc606108692d5,CL:4030016,Kidney.epithelial cell of early distal convoluted tubule,206,16887,1.22
0db9481caed92aec4cddc606108692d5,CL:4030022,Kidney.renal medullary fibroblast,182,16887,1.08
0db9481caed92aec4cddc606108692d5,CL:0000057,Kidney.kidney interstitial fibroblast,179,16887,1.06
0db9481caed92aec4cddc606108692d5,CL:1000717,Kidney.kidney outer medulla collecting duct intercalated cell,155,16887,0.92
0db9481caed92aec4cddc606108692d5,CL:1001107,Kidney.kidney loop of Henle thin ascending limb epithelial cell,150,16887,0.89
0db9481caed92aec4cddc606108692d5,CL:1001131,Kidney.vasa recta ascending limb cell,129,16887,0.76
0db9481caed92aec4cddc606108692d5,CL:1001033,Kidney.peritubular capillary endothelial cell,118,16887,0.7
0db9481caed92aec4cddc606108692d5,CL:1001318,Kidney.renal interstitial pericyte,105,16887,0.62
0db9481caed92aec4cddc606108692d5,CL:1000768,Kidney.kidney connecting tubule epithelial cell,92,16887,0.54
0db9481caed92aec4cddc606108692d5,CL:4030013,Kidney.kidney loop of Henle long descending thin limb outer medulla epithelial cell,81,16887,0.48
0db9481caed92aec4cddc606108692d5,CL:1000718,Kidney.kidney inner medulla collecting duct principal cell,77,16887,0.46
0db9481caed92aec4cddc606108692d5,CL:1000715,Kidney.kidney cortex collecting duct intercalated cell,31,16887,0.18
0db9481caed92aec4cddc606108692d5,CL:0002201,Kidney.renal beta-intercalated cell,29,16887,0.17
0db9481caed92aec4cddc606108692d5,CL:4030014,Kidney.kidney loop of Henle long descending thin limb inner medulla epithelial cell,13,16887,0.08
0db9481caed92aec4cddc606108692d5,CL:1000698,Kidney.kidney resident macrophage,10,16887,0.06
0db9481caed92aec4cddc606108692d5,CL:1000412,Kidney.endothelial cell of arteriole,10,16887,0.06
0db9481caed92aec4cddc606108692d5,CL:1001005,Kidney.glomerular capillary endothelial cell,9,16887,0.05
0db9481caed92aec4cddc606108692d5,CL:0011031,Kidney.monocyte-derived dendritic cell,9,16887,0.05
0db9481caed92aec4cddc606108692d5,CL:1000850,Kidney.macula densa epithelial cell,6,16887,0.04
0db9481caed92aec4cddc606108692d5,CL:0000653,Kidney.podocyte,5,16887,0.03
0db9481caed92aec4cddc606108692d5,CL:4030018,Kidney.kidney connecting tubule principal cell,5,16887,0.03
0db9481caed92aec4cddc606108692d5,CL:1000716,Kidney.kidney outer medulla collecting duct principal cell,4,16887,0.02
0db9481caed92aec4cddc606108692d5,CL:0000084,Kidney.T cell,3,16887,0.02
0db9481caed92aec4cddc606108692d5,CL:1000597,Kidney.papillary tips cell,3,16887,0.02
0db9481caed92aec4cddc606108692d5,CL:0000990,Kidney.conventional dendritic cell,1,16887,0.01
0db9481caed92aec4cddc606108692d5,CL:0002138,Kidney.endothelial cell of lymphatic vessel,1,16887,0.01
0a21f3fa27109790483f2a0729be53de,CL:1001109,Kidney.kidney loop of Henle cortical thick ascending limb epithelial cell,1956,4058,48.2
0a21f3fa27109790483f2a0729be53de,CL:4030009,Kidney.epithelial cell of proximal tubule segment 1,658,4058,16.21
0a21f3fa27109790483f2a0729be53de,CL:0000057,Kidney.kidney interstitial fibroblast,281,4058,6.92
0a21f3fa27109790483f2a0729be53de,CL:4030016,Kidney.epithelial cell of early distal convoluted tubule,200,4058,4.93
0a21f3fa27109790483f2a0729be53de,CL:1001318,Kidney.renal interstitial pericyte,134,4058,3.3
0a21f3fa27109790483f2a0729be53de,CL:1000718,Kidney.kidney inner medulla collecting duct principal cell,125,4058,3.08
0a21f3fa27109790483f2a0729be53de,CL:4030011,Kidney.epithelial cell of proximal tubule segment 3,110,4058,2.71
0a21f3fa27109790483f2a0729be53de,CL:1000768,Kidney.kidney connecting tubule epithelial cell,88,4058,2.17
0a21f3fa27109790483f2a0729be53de,CL:0000653,Kidney.podocyte,85,4058,2.09
0a21f3fa27109790483f2a0729be53de,CL:1000714,Kidney.kidney cortex collecting duct principal cell,85,4058,2.09
0a21f3fa27109790483f2a0729be53de,CL:4030013,Kidney.kidney loop of Henle long descending thin limb outer medulla epithelial cell,59,4058,1.45
0a21f3fa27109790483f2a0729be53de,CL:4030012,Kidney.kidney loop of Henle short descending thin limb epithelial cell,44,4058,1.08
0a21f3fa27109790483f2a0729be53de,CL:1001107,Kidney.kidney loop of Henle thin ascending limb epithelial cell,41,4058,1.01
0a21f3fa27109790483f2a0729be53de,CL:1000717,Kidney.kidney outer medulla collecting duct intercalated cell,33,4058,0.81
0a21f3fa27109790483f2a0729be53de,CL:1001033,Kidney.peritubular capillary endothelial cell,27,4058,0.67
0a21f3fa27109790483f2a0729be53de,CL:1001108,Kidney.kidney loop of Henle medullary thick ascending limb epithelial cell,25,4058,0.62
0a21f3fa27109790483f2a0729be53de,CL:1001131,Kidney.vasa recta ascending limb cell,16,4058,0.39
0a21f3fa27109790483f2a0729be53de,CL:1001285,Kidney.vasa recta descending limb cell,15,4058,0.37
0a21f3fa27109790483f2a0729be53de,CL:1001005,Kidney.glomerular capillary endothelial cell,15,4058,0.37
0a21f3fa27109790483f2a0729be53de,CL:1000715,Kidney.kidney cortex collecting duct intercalated cell,12,4058,0.3
0a21f3fa27109790483f2a0729be53de,CL:0002201,Kidney.renal beta-intercalated cell,11,4058,0.27
0a21f3fa27109790483f2a0729be53de,CL:4030022,Kidney.renal medullary fibroblast,9,4058,0.22
0a21f3fa27109790483f2a0729be53de,CL:4030018,Kidney.kidney connecting tubule principal cell,8,4058,0.2
0a21f3fa27109790483f2a0729be53de,CL:4030017,Kidney.epithelial cell of late distal convoluted tubule,5,4058,0.12
0a21f3fa27109790483f2a0729be53de,CL:1000412,Kidney.endothelial cell of arteriole,4,4058,0.1
0a21f3fa27109790483f2a0729be53de,CL:1000850,Kidney.macula densa epithelial cell,3,4058,0.07
0a21f3fa27109790483f2a0729be53de,CL:0011031,Kidney.monocyte-derived dendritic cell,3,4058,0.07
0a21f3fa27109790483f2a0729be53de,CL:0002138,Kidney.endothelial cell of lymphatic vessel,2,4058,0.05
0a21f3fa27109790483f2a0729be53de,CL:4030020,Kidney.kidney connecting tubule alpha-intercalated cell,1,4058,0.02
0a21f3fa27109790483f2a0729be53de,CL:0000084,Kidney.T cell,1,4058,0.02
0a21f3fa27109790483f2a0729be53de,CL:0000097,Kidney.mast cell,1,4058,0.02
0a21f3fa27109790483f2a0729be53de,CL:1000716,Kidney.kidney outer medulla collecting duct principal cell,1,4058,0.02
6fdfde6f88e34294b3cd58e070ebcba2,CL:1001109,Kidney.kidney loop of Henle cortical thick ascending limb epithelial cell,11947,16926,70.58
6fdfde6f88e34294b3cd58e070ebcba2,CL:1000714,Kidney.kidney cortex collecting duct principal cell,930,16926,5.49
6fdfde6f88e34294b3cd58e070ebcba2,CL:4030022,Kidney.renal medullary fibroblast,906,16926,5.35
6fdfde6f88e34294b3cd58e070ebcba2,CL:0000057,Kidney.kidney interstitial fibroblast,714,16926,4.22
6fdfde6f88e34294b3cd58e070ebcba2,CL:4030012,Kidney.kidney loop of Henle short descending thin limb epithelial cell,469,16926,2.77
6fdfde6f88e34294b3cd58e070ebcba2,CL:1001108,Kidney.kidney loop of Henle medullary thick ascending limb epithelial cell,332,16926,1.96
6fdfde6f88e34294b3cd58e070ebcba2,CL:1001285,Kidney.vasa recta descending limb cell,307,16926,1.81
6fdfde6f88e34294b3cd58e070ebcba2,CL:4030016,Kidney.epithelial cell of early distal convoluted tubule,202,16926,1.19
6fdfde6f88e34294b3cd58e070ebcba2,CL:1000717,Kidney.kidney outer medulla collecting duct intercalated cell,180,16926,1.06
6fdfde6f88e34294b3cd58e070ebcba2,CL:1001318,Kidney.renal interstitial pericyte,155,16926,0.92
6fdfde6f88e34294b3cd58e070ebcba2,CL:1000768,Kidney.kidney connecting tubule epithelial cell,121,16926,0.71
6fdfde6f88e34294b3cd58e070ebcba2,CL:1001033,Kidney.peritubular capillary endothelial cell,99,16926,0.58
6fdfde6f88e34294b3cd58e070ebcba2,CL:1000718,Kidney.kidney inner medulla collecting duct principal cell,97,16926,0.57
6fdfde6f88e34294b3cd58e070ebcba2,CL:1001131,Kidney.vasa recta ascending limb cell,67,16926,0.4
6fdfde6f88e34294b3cd58e070ebcba2,CL:1001107,Kidney.kidney loop of Henle thin ascending limb epithelial cell,63,16926,0.37
6fdfde6f88e34294b3cd58e070ebcba2,CL:1001005,Kidney.glomerular capillary endothelial cell,55,16926,0.32
6fdfde6f88e34294b3cd58e070ebcba2,CL:0011031,Kidney.monocyte-derived dendritic cell,48,16926,0.28
6fdfde6f88e34294b3cd58e070ebcba2,CL:4030013,Kidney.kidney loop of Henle long descending thin limb outer medulla epithelial cell,40,16926,0.24
6fdfde6f88e34294b3cd58e070ebcba2,CL:1000850,Kidney.macula densa epithelial cell,37,16926,0.22
6fdfde6f88e34294b3cd58e070ebcba2,CL:0002201,Kidney.renal beta-intercalated cell,26,16926,0.15
6fdfde6f88e34294b3cd58e070ebcba2,CL:1000715,Kidney.kidney cortex collecting duct intercalated cell,21,16926,0.12
6fdfde6f88e34294b3cd58e070ebcba2,CL:4030018,Kidney.kidney connecting tubule principal cell,20,16926,0.12
6fdfde6f88e34294b3cd58e070ebcba2,CL:1000716,Kidney.kidney outer medulla collecting duct principal cell,20,16926,0.12
6fdfde6f88e34294b3cd58e070ebcba2,CL:0000084,Kidney.T cell,13,16926,0.08
6fdfde6f88e34294b3cd58e070ebcba2,CL:1000698,Kidney.kidney resident macrophage,13,16926,0.08
6fdfde6f88e34294b3cd58e070ebcba2,CL:0000990,Kidney.conventional dendritic cell,8,16926,0.05
6fdfde6f88e34294b3cd58e070ebcba2,CL:0000653,Kidney.podocyte,7,16926,0.04
6fdfde6f88e34294b3cd58e070ebcba2,CL:4030014,Kidney.kidney loop of Henle long descending thin limb inner medulla epithelial cell,7,16926,0.04
6fdfde6f88e34294b3cd58e070ebcba2,CL:4030011,Kidney.epithelial cell of proximal tubule segment 3,6,16926,0.04
6fdfde6f88e34294b3cd58e070ebcba2,CL:1000452,Kidney.parietal epithelial cell,5,16926,0.03
6fdfde6f88e34294b3cd58e070ebcba2,CL:1000412,Kidney.endothelial cell of arteriole,4,16926,0.02
6fdfde6f88e34294b3cd58e070ebcba2,CL:0000875,Kidney.non-classical monocyte,2,16926,0.01
6fdfde6f88e34294b3cd58e070ebcba2,CL:0000097,Kidney.mast cell,2,16926,0.01
6fdfde6f88e34294b3cd58e070ebcba2,CL:0000236,Kidney.B cell,1,16926,0.01
6fdfde6f88e34294b3cd58e070ebcba2,CL:4030009,Kidney.epithelial cell of proximal tubule segment 1,1,16926,0.01
6fdfde6f88e34294b3cd58e070ebcba2,CL:4030017,Kidney.epithelial cell of late distal convoluted tubule,1,16926,0.01
985b97a1645baa3d7dffd4c0e13adbb6,CL:1000714,Kidney.kidney cortex collecting duct principal cell,2207,9801,22.52
985b97a1645baa3d7dffd4c0e13adbb6,CL:4030012,Kidney.kidney loop of Henle short descending thin limb epithelial cell,2020,9801,20.61
985b97a1645baa3d7dffd4c0e13adbb6,CL:4030022,Kidney.renal medullary fibroblast,2013,9801,20.54
985b97a1645baa3d7dffd4c0e13adbb6,CL:1001107,Kidney.kidney loop of Henle thin ascending limb epithelial cell,814,9801,8.31
985b97a1645baa3d7dffd4c0e13adbb6,CL:1000768,Kidney.kidney connecting tubule epithelial cell,580,9801,5.92
985b97a1645baa3d7dffd4c0e13adbb6,CL:4030014,Kidney.kidney loop of Henle long descending thin limb inner medulla epithelial cell,453,9801,4.62
985b97a1645baa3d7dffd4c0e13adbb6,CL:1000718,Kidney.kidney inner medulla collecting duct principal cell,397,9801,4.05
985b97a1645baa3d7dffd4c0e13adbb6,CL:1001131,Kidney.vasa recta ascending limb cell,266,9801,2.71
985b97a1645baa3d7dffd4c0e13adbb6,CL:4030013,Kidney.kidney loop of Henle long descending thin limb outer medulla epithelial cell,189,9801,1.93
985b97a1645baa3d7dffd4c0e13adbb6,CL:1001108,Kidney.kidney loop of Henle medullary thick ascending limb epithelial cell,188,9801,1.92
985b97a1645baa3d7dffd4c0e13adbb6,CL:1001285,Kidney.vasa recta descending limb cell,151,9801,1.54
985b97a1645baa3d7dffd4c0e13adbb6,CL:0000057,Kidney.kidney interstitial fibroblast,101,9801,1.03
985b97a1645baa3d7dffd4c0e13adbb6,CL:0002201,Kidney.renal beta-intercalated cell,55,9801,0.56
985b97a1645baa3d7dffd4c0e13adbb6,CL:1000715,Kidney.kidney cortex collecting duct intercalated cell,51,9801,0.52
985b97a1645baa3d7dffd4c0e13adbb6,CL:1001318,Kidney.renal interstitial pericyte,51,9801,0.52
985b97a1645baa3d7dffd4c0e13adbb6,CL:4030016,Kidney.epithelial cell of early distal convoluted tubule,43,9801,0.44
985b97a1645baa3d7dffd4c0e13adbb6,CL:4030018,Kidney.kidney connecting tubule principal cell,34,9801,0.35
985b97a1645baa3d7dffd4c0e13adbb6,CL:0000775,Kidney.neutrophil,33,9801,0.34
985b97a1645baa3d7dffd4c0e13adbb6,CL:1000597,Kidney.papillary tips cell,28,9801,0.29
985b97a1645baa3d7dffd4c0e13adbb6,CL:1001005,Kidney.glomerular capillary endothelial cell,26,9801,0.27
985b97a1645baa3d7dffd4c0e13adbb6,CL:1000452,Kidney.parietal epithelial cell,15,9801,0.15
985b97a1645baa3d7dffd4c0e13adbb6,CL:1000412,Kidney.endothelial cell of arteriole,14,9801,0.14
985b97a1645baa3d7dffd4c0e13adbb6,CL:1001033,Kidney.peritubular capillary endothelial cell,12,9801,0.12
985b97a1645baa3d7dffd4c0e13adbb6,CL:1000716,Kidney.kidney outer medulla collecting duct principal cell,12,9801,0.12
985b97a1645baa3d7dffd4c0e13adbb6,CL:0000084,Kidney.T cell,11,9801,0.11
985b97a1645baa3d7dffd4c0e13adbb6,CL:0011031,Kidney.monocyte-derived dendritic cell,10,9801,0.1
985b97a1645baa3d7dffd4c0e13adbb6,CL:1000717,Kidney.kidney outer medulla collecting duct intercalated cell,9,9801,0.09
985b97a1645baa3d7dffd4c0e13adbb6,CL:1001109,Kidney.kidney loop of Henle cortical thick ascending limb epithelial cell,6,9801,0.06
985b97a1645baa3d7dffd4c0e13adbb6,CL:1000698,Kidney.kidney resident macrophage,6,9801,0.06
985b97a1645baa3d7dffd4c0e13adbb6,CL:0000097,Kidney.mast cell,2,9801,0.02
985b97a1645baa3d7dffd4c0e13adbb6,CL:0000648,Kidney.kidney granular cell,1,9801,0.01
985b97a1645baa3d7dffd4c0e13adbb6,CL:0000814,Kidney.mature NK T cell,1,9801,0.01
985b97a1645baa3d7dffd4c0e13adbb6,CL:1000850,Kidney.macula densa epithelial cell,1,9801,0.01
985b97a1645baa3d7dffd4c0e13adbb6,CL:0000650,Kidney.mesangial cell,1,9801,0.01
fd0b0c1d050010de3520492147aacef4,CL:1001109,Kidney.kidney loop of Henle cortical thick ascending limb epithelial cell,7989,20164,39.62
fd0b0c1d050010de3520492147aacef4,CL:1001108,Kidney.kidney loop of Henle medullary thick ascending limb epithelial cell,2489,20164,12.34
fd0b0c1d050010de3520492147aacef4,CL:1000714,Kidney.kidney cortex collecting duct principal cell,2207,20164,10.95
fd0b0c1d050010de3520492147aacef4,CL:4030022,Kidney.renal medullary fibroblast,1255,20164,6.22
fd0b0c1d050010de3520492147aacef4,CL:0000057,Kidney.kidney interstitial fibroblast,1244,20164,6.17
fd0b0c1d050010de3520492147aacef4,CL:4030012,Kidney.kidney loop of Henle short descending thin limb epithelial cell,979,20164,4.86
fd0b0c1d050010de3520492147aacef4,CL:1001285,Kidney.vasa recta descending limb cell,582,20164,2.89
fd0b0c1d050010de3520492147aacef4,CL:4030016,Kidney.epithelial cell of early distal convoluted tubule,581,20164,2.88
fd0b0c1d050010de3520492147aacef4,CL:1001318,Kidney.renal interstitial pericyte,459,20164,2.28
fd0b0c1d050010de3520492147aacef4,CL:1000717,Kidney.kidney outer medulla collecting duct intercalated cell,439,20164,2.18
fd0b0c1d050010de3520492147aacef4,CL:1000768,Kidney.kidney connecting tubule epithelial cell,277,20164,1.37
fd0b0c1d050010de3520492147aacef4,CL:1001033,Kidney.peritubular capillary endothelial cell,235,20164,1.17
fd0b0c1d050010de3520492147aacef4,CL:1001107,Kidney.kidney loop of Henle thin ascending limb epithelial cell,226,20164,1.12
fd0b0c1d050010de3520492147aacef4,CL:1000718,Kidney.kidney inner medulla collecting duct principal cell,201,20164,1.0
fd0b0c1d050010de3520492147aacef4,CL:1001131,Kidney.vasa recta ascending limb cell,172,20164,0.85
fd0b0c1d050010de3520492147aacef4,CL:0011031,Kidney.monocyte-derived dendritic cell,101,20164,0.5
fd0b0c1d050010de3520492147aacef4,CL:1001005,Kidney.glomerular capillary endothelial cell,88,20164,0.44
fd0b0c1d050010de3520492147aacef4,CL:4030018,Kidney.kidney connecting tubule principal cell,84,20164,0.42
fd0b0c1d050010de3520492147aacef4,CL:1000715,Kidney.kidney cortex collecting duct intercalated cell,82,20164,0.41
fd0b0c1d050010de3520492147aacef4,CL:1000698,Kidney.kidney resident macrophage,61,20164,0.3
fd0b0c1d050010de3520492147aacef4,CL:0000084,Kidney.T cell,61,20164,0.3
fd0b0c1d050010de3520492147aacef4,CL:0000650,Kidney.mesangial cell,58,20164,0.29
fd0b0c1d050010de3520492147aacef4,CL:4030013,Kidney.kidney loop of Henle long descending thin limb outer medulla epithelial cell,54,20164,0.27
fd0b0c1d050010de3520492147aacef4,CL:0002201,Kidney.renal beta-intercalated cell,52,20164,0.26
fd0b0c1d050010de3520492147aacef4,CL:0000990,Kidney.conventional dendritic cell,38,20164,0.19
fd0b0c1d050010de3520492147aacef4,CL:1000412,Kidney.endothelial cell of arteriole,38,20164,0.19
fd0b0c1d050010de3520492147aacef4,CL:0000653,Kidney.podocyte,25,20164,0.12
fd0b0c1d050010de3520492147aacef4,CL:1000850,Kidney.macula densa epithelial cell,20,20164,0.1
fd0b0c1d050010de3520492147aacef4,CL:4030014,Kidney.kidney loop of Henle long descending thin limb inner medulla epithelial cell,19,20164,0.09
fd0b0c1d050010de3520492147aacef4,CL:1000452,Kidney.parietal epithelial cell,17,20164,0.08
fd0b0c1d050010de3520492147aacef4,CL:1000716,Kidney.kidney outer medulla collecting duct principal cell,17,20164,0.08
fd0b0c1d050010de3520492147aacef4,CL:0002138,Kidney.endothelial cell of lymphatic vessel,4,20164,0.02
fd0b0c1d050010de3520492147aacef4,CL:0000236,Kidney.B cell,3,20164,0.01
fd0b0c1d050010de3520492147aacef4,CL:4030009,Kidney.epithelial cell of proximal tubule segment 1,2,20164,0.01
fd0b0c1d050010de3520492147aacef4,CL:0002573,Kidney.Schwann cell,1,20164,0.0
fd0b0c1d050010de3520492147aacef4,CL:4030011,Kidney.epithelial cell of proximal tubule segment 3,1,20164,0.0
fd0b0c1d050010de3520492147aacef4,CL:1000597,Kidney.papillary tips cell,1,20164,0.0
fd0b0c1d050010de3520492147aacef4,CL:0000097,Kidney.mast cell,1,20164,0.0
fd0b0c1d050010de3520492147aacef4,CL:0000875,Kidney.non-classical monocyte,1,20164,0.0
d1af36911148fdd7001fd4eebe7222f1,CL:1000718,Kidney.kidney inner medulla collecting duct principal cell,519,3603,14.4
d1af36911148fdd7001fd4eebe7222f1,CL:0000057,Kidney.kidney interstitial fibroblast,514,3603,14.27
d1af36911148fdd7001fd4eebe7222f1,CL:1000768,Kidney.kidney connecting tubule epithelial cell,461,3603,12.79
d1af36911148fdd7001fd4eebe7222f1,CL:4030009,Kidney.epithelial cell of proximal tubule segment 1,314,3603,8.71
d1af36911148fdd7001fd4eebe7222f1,CL:4030016,Kidney.epithelial cell of early distal convoluted tubule,262,3603,7.27
d1af36911148fdd7001fd4eebe7222f1,CL:1000717,Kidney.kidney outer medulla collecting duct intercalated cell,215,3603,5.97
d1af36911148fdd7001fd4eebe7222f1,CL:1000715,Kidney.kidney cortex collecting duct intercalated cell,183,3603,5.08
d1af36911148fdd7001fd4eebe7222f1,CL:1001109,Kidney.kidney loop of Henle cortical thick ascending limb epithelial cell,162,3603,4.5
d1af36911148fdd7001fd4eebe7222f1,CL:0000653,Kidney.podocyte,98,3603,2.72
d1af36911148fdd7001fd4eebe7222f1,CL:4030018,Kidney.kidney connecting tubule principal cell,96,3603,2.66
d1af36911148fdd7001fd4eebe7222f1,CL:1000714,Kidney.kidney cortex collecting duct principal cell,85,3603,2.36
d1af36911148fdd7001fd4eebe7222f1,CL:1001108,Kidney.kidney loop of Henle medullary thick ascending limb epithelial cell,81,3603,2.25
d1af36911148fdd7001fd4eebe7222f1,CL:0002201,Kidney.renal beta-intercalated cell,81,3603,2.25
d1af36911148fdd7001fd4eebe7222f1,CL:1001318,Kidney.renal interstitial pericyte,70,3603,1.94
d1af36911148fdd7001fd4eebe7222f1,CL:4030012,Kidney.kidney loop of Henle short descending thin limb epithelial cell,60,3603,1.67
d1af36911148fdd7001fd4eebe7222f1,CL:1001107,Kidney.kidney loop of Henle thin ascending limb epithelial cell,51,3603,1.42
d1af36911148fdd7001fd4eebe7222f1,CL:1001033,Kidney.peritubular capillary endothelial cell,41,3603,1.14
d1af36911148fdd7001fd4eebe7222f1,CL:4030013,Kidney.kidney loop of Henle long descending thin limb outer medulla epithelial cell,38,3603,1.05
d1af36911148fdd7001fd4eebe7222f1,CL:1001005,Kidney.glomerular capillary endothelial cell,35,3603,0.97
d1af36911148fdd7001fd4eebe7222f1,CL:4030011,Kidney.epithelial cell of proximal tubule segment 3,34,3603,0.94
d1af36911148fdd7001fd4eebe7222f1,CL:1001131,Kidney.vasa recta ascending limb cell,33,3603,0.92
d1af36911148fdd7001fd4eebe7222f1,CL:4030017,Kidney.epithelial cell of late distal convoluted tubule,32,3603,0.89
d1af36911148fdd7001fd4eebe7222f1,CL:4030014,Kidney.kidney loop of Henle long descending thin limb inner medulla epithelial cell,26,3603,0.72
d1af36911148fdd7001fd4eebe7222f1,CL:1001285,Kidney.vasa recta descending limb cell,25,3603,0.69
d1af36911148fdd7001fd4eebe7222f1,CL:4030022,Kidney.renal medullary fibroblast,24,3603,0.67
d1af36911148fdd7001fd4eebe7222f1,CL:1000412,Kidney.endothelial cell of arteriole,13,3603,0.36
d1af36911148fdd7001fd4eebe7222f1,CL:4030020,Kidney.kidney connecting tubule alpha-intercalated cell,10,3603,0.28
d1af36911148fdd7001fd4eebe7222f1,CL:0000650,Kidney.mesangial cell,8,3603,0.22
d1af36911148fdd7001fd4eebe7222f1,CL:1000716,Kidney.kidney outer medulla collecting duct principal cell,6,3603,0.17
d1af36911148fdd7001fd4eebe7222f1,CL:1000698,Kidney.kidney resident macrophage,6,3603,0.17
d1af36911148fdd7001fd4eebe7222f1,CL:0011031,Kidney.monocyte-derived dendritic cell,5,3603,0.14
d1af36911148fdd7001fd4eebe7222f1,CL:0000990,Kidney.conventional dendritic cell,5,3603,0.14
d1af36911148fdd7001fd4eebe7222f1,CL:1000597,Kidney.papillary tips cell,4,3603,0.11
d1af36911148fdd7001fd4eebe7222f1,CL:1000850,Kidney.macula densa epithelial cell,3,3603,0.08
d1af36911148fdd7001fd4eebe7222f1,CL:0000084,Kidney.T cell,2,3603,0.06
d1af36911148fdd7001fd4eebe7222f1,CL:1000452,Kidney.parietal epithelial cell,1,3603,0.03
aece0d5303d9ce959cdab34a9e9f3003,CL:1001109,Kidney.kidney loop of Henle cortical thick ascending limb epithelial cell,9052,11916,75.97
aece0d5303d9ce959cdab34a9e9f3003,CL:4030009,Kidney.epithelial cell of proximal tubule segment 1,1078,11916,9.05
aece0d5303d9ce959cdab34a9e9f3003,CL:0000057,Kidney.kidney interstitial fibroblast,348,11916,2.92
aece0d5303d9ce959cdab34a9e9f3003,CL:1000714,Kidney.kidney cortex collecting duct principal cell,259,11916,2.17
aece0d5303d9ce959cdab34a9e9f3003,CL:4030011,Kidney.epithelial cell of proximal tubule segment 3,236,11916,1.98
aece0d5303d9ce959cdab34a9e9f3003,CL:1000768,Kidney.kidney connecting tubule epithelial cell,143,11916,1.2
aece0d5303d9ce959cdab34a9e9f3003,CL:4030016,Kidney.epithelial cell of early distal convoluted tubule,134,11916,1.12
aece0d5303d9ce959cdab34a9e9f3003,CL:4030012,Kidney.kidney loop of Henle short descending thin limb epithelial cell,112,11916,0.94
aece0d5303d9ce959cdab34a9e9f3003,CL:4030013,Kidney.kidney loop of Henle long descending thin limb outer medulla epithelial cell,86,11916,0.72
aece0d5303d9ce959cdab34a9e9f3003,CL:0002201,Kidney.renal beta-intercalated cell,81,11916,0.68
aece0d5303d9ce959cdab34a9e9f3003,CL:1001108,Kidney.kidney loop of Henle medullary thick ascending limb epithelial cell,63,11916,0.53
aece0d5303d9ce959cdab34a9e9f3003,CL:1000718,Kidney.kidney inner medulla collecting duct principal cell,59,11916,0.5
aece0d5303d9ce959cdab34a9e9f3003,CL:0000653,Kidney.podocyte,53,11916,0.44
aece0d5303d9ce959cdab34a9e9f3003,CL:1001107,Kidney.kidney loop of Henle thin ascending limb epithelial cell,46,11916,0.39
aece0d5303d9ce959cdab34a9e9f3003,CL:1001318,Kidney.renal interstitial pericyte,36,11916,0.3
aece0d5303d9ce959cdab34a9e9f3003,CL:4030022,Kidney.renal medullary fibroblast,24,11916,0.2
aece0d5303d9ce959cdab34a9e9f3003,CL:1000717,Kidney.kidney outer medulla collecting duct intercalated cell,16,11916,0.13
aece0d5303d9ce959cdab34a9e9f3003,CL:1001285,Kidney.vasa recta descending limb cell,15,11916,0.13
aece0d5303d9ce959cdab34a9e9f3003,CL:4030018,Kidney.kidney connecting tubule principal cell,14,11916,0.12
aece0d5303d9ce959cdab34a9e9f3003,CL:1000698,Kidney.kidney resident macrophage,14,11916,0.12
aece0d5303d9ce959cdab34a9e9f3003,CL:1001033,Kidney.peritubular capillary endothelial cell,11,11916,0.09
aece0d5303d9ce959cdab34a9e9f3003,CL:1000850,Kidney.macula densa epithelial cell,8,11916,0.07
aece0d5303d9ce959cdab34a9e9f3003,CL:1000715,Kidney.kidney cortex collecting duct intercalated cell,5,11916,0.04
aece0d5303d9ce959cdab34a9e9f3003,CL:1000412,Kidney.endothelial cell of arteriole,4,11916,0.03
aece0d5303d9ce959cdab34a9e9f3003,CL:1000452,Kidney.parietal epithelial cell,4,11916,0.03
aece0d5303d9ce959cdab34a9e9f3003,CL:4030014,Kidney.kidney loop of Henle long descending thin limb inner medulla epithelial cell,4,11916,0.03
aece0d5303d9ce959cdab34a9e9f3003,CL:1001005,Kidney.glomerular capillary endothelial cell,3,11916,0.03
aece0d5303d9ce959cdab34a9e9f3003,CL:1000716,Kidney.kidney outer medulla collecting duct principal cell,3,11916,0.03
aece0d5303d9ce959cdab34a9e9f3003,CL:0011031,Kidney.monocyte-derived dendritic cell,2,11916,0.02
aece0d5303d9ce959cdab34a9e9f3003,CL:0000990,Kidney.conventional dendritic cell,1,11916,0.01
aece0d5303d9ce959cdab34a9e9f3003,CL:0000648,Kidney.kidney granular cell,1,11916,0.01
aece0d5303d9ce959cdab34a9e9f3003,CL:1001131,Kidney.vasa recta ascending limb cell,1,11916,0.01
c6c0cca1d093fcdb8d72bd18053a7940,CL:1001109,Kidney.kidney loop of Henle cortical thick ascending limb epithelial cell,4455,8440,52.78
c6c0cca1d093fcdb8d72bd18053a7940,CL:1000714,Kidney.kidney cortex collecting duct principal cell,665,8440,7.88
c6c0cca1d093fcdb8d72bd18053a7940,CL:1001108,Kidney.kidney loop of Henle medullary thick ascending limb epithelial cell,597,8440,7.07
c6c0cca1d093fcdb8d72bd18053a7940,CL:4030022,Kidney.renal medullary fibroblast,576,8440,6.82
c6c0cca1d093fcdb8d72bd18053a7940,CL:0000057,Kidney.kidney interstitial fibroblast,573,8440,6.79
c6c0cca1d093fcdb8d72bd18053a7940,CL:4030012,Kidney.kidney loop of Henle short descending thin limb epithelial cell,371,8440,4.4
c6c0cca1d093fcdb8d72bd18053a7940,CL:1001285,Kidney.vasa recta descending limb cell,287,8440,3.4
c6c0cca1d093fcdb8d72bd18053a7940,CL:1001318,Kidney.renal interstitial pericyte,173,8440,2.05
c6c0cca1d093fcdb8d72bd18053a7940,CL:1001033,Kidney.peritubular capillary endothelial cell,132,8440,1.56
c6c0cca1d093fcdb8d72bd18053a7940,CL:1000717,Kidney.kidney outer medulla collecting duct intercalated cell,126,8440,1.49
c6c0cca1d093fcdb8d72bd18053a7940,CL:4030016,Kidney.epithelial cell of early distal convoluted tubule,106,8440,1.26
c6c0cca1d093fcdb8d72bd18053a7940,CL:1001131,Kidney.vasa recta ascending limb cell,63,8440,0.75
c6c0cca1d093fcdb8d72bd18053a7940,CL:1000698,Kidney.kidney resident macrophage,56,8440,0.66
c6c0cca1d093fcdb8d72bd18053a7940,CL:1001005,Kidney.glomerular capillary endothelial cell,50,8440,0.59
c6c0cca1d093fcdb8d72bd18053a7940,CL:4030013,Kidney.kidney loop of Henle long descending thin limb outer medulla epithelial cell,38,8440,0.45
c6c0cca1d093fcdb8d72bd18053a7940,CL:1000768,Kidney.kidney connecting tubule epithelial cell,36,8440,0.43
c6c0cca1d093fcdb8d72bd18053a7940,CL:1001107,Kidney.kidney loop of Henle thin ascending limb epithelial cell,20,8440,0.24
c6c0cca1d093fcdb8d72bd18053a7940,CL:1000718,Kidney.kidney inner medulla collecting duct principal cell,14,8440,0.17
c6c0cca1d093fcdb8d72bd18053a7940,CL:4030011,Kidney.epithelial cell of proximal tubule segment 3,12,8440,0.14
c6c0cca1d093fcdb8d72bd18053a7940,CL:1000412,Kidney.endothelial cell of arteriole,12,8440,0.14
c6c0cca1d093fcdb8d72bd18053a7940,CL:0000650,Kidney.mesangial cell,11,8440,0.13
c6c0cca1d093fcdb8d72bd18053a7940,CL:4030009,Kidney.epithelial cell of proximal tubule segment 1,10,8440,0.12
c6c0cca1d093fcdb8d72bd18053a7940,CL:0011031,Kidney.monocyte-derived dendritic cell,9,8440,0.11
c6c0cca1d093fcdb8d72bd18053a7940,CL:4030018,Kidney.kidney connecting tubule principal cell,7,8440,0.08
c6c0cca1d093fcdb8d72bd18053a7940,CL:1000452,Kidney.parietal epithelial cell,7,8440,0.08
c6c0cca1d093fcdb8d72bd18053a7940,CL:1000715,Kidney.kidney cortex collecting duct intercalated cell,7,8440,0.08
c6c0cca1d093fcdb8d72bd18053a7940,CL:4030014,Kidney.kidney loop of Henle long descending thin limb inner medulla epithelial cell,6,8440,0.07
c6c0cca1d093fcdb8d72bd18053a7940,CL:0002201,Kidney.renal beta-intercalated cell,5,8440,0.06
c6c0cca1d093fcdb8d72bd18053a7940,CL:0000084,Kidney.T cell,4,8440,0.05
c6c0cca1d093fcdb8d72bd18053a7940,CL:0000653,Kidney.podocyte,4,8440,0.05
c6c0cca1d093fcdb8d72bd18053a7940,CL:1000716,Kidney.kidney outer medulla collecting duct principal cell,2,8440,0.02
c6c0cca1d093fcdb8d72bd18053a7940,CL:0000236,Kidney.B cell,2,8440,0.02
c6c0cca1d093fcdb8d72bd18053a7940,CL:0000990,Kidney.conventional dendritic cell,1,8440,0.01
c6c0cca1d093fcdb8d72bd18053a7940,CL:0000875,Kidney.non-classical monocyte,1,8440,0.01
c6c0cca1d093fcdb8d72bd18053a7940,CL:1000850,Kidney.macula densa epithelial cell,1,8440,0.01
c6c0cca1d093fcdb8d72bd18053a7940,CL:0000814,Kidney.mature NK T cell,1,8440,0.01
a6bfa5ab516fcc24137cdd3ce3971e2c,CL:1001109,Kidney.kidney loop of Henle cortical thick ascending limb epithelial cell,3220,15442,20.85
a6bfa5ab516fcc24137cdd3ce3971e2c,CL:1001108,Kidney.kidney loop of Henle medullary thick ascending limb epithelial cell,3004,15442,19.45
a6bfa5ab516fcc24137cdd3ce3971e2c,CL:4030022,Kidney.renal medullary fibroblast,1810,15442,11.72
a6bfa5ab516fcc24137cdd3ce3971e2c,CL:1000714,Kidney.kidney cortex collecting duct principal cell,1490,15442,9.65
a6bfa5ab516fcc24137cdd3ce3971e2c,CL:0000057,Kidney.kidney interstitial fibroblast,1042,15442,6.75
a6bfa5ab516fcc24137cdd3ce3971e2c,CL:4030012,Kidney.kidney loop of Henle short descending thin limb epithelial cell,923,15442,5.98
a6bfa5ab516fcc24137cdd3ce3971e2c,CL:1001285,Kidney.vasa recta descending limb cell,656,15442,4.25
a6bfa5ab516fcc24137cdd3ce3971e2c,CL:1000768,Kidney.kidney connecting tubule epithelial cell,406,15442,2.63
a6bfa5ab516fcc24137cdd3ce3971e2c,CL:1001318,Kidney.renal interstitial pericyte,404,15442,2.62
a6bfa5ab516fcc24137cdd3ce3971e2c,CL:1000717,Kidney.kidney outer medulla collecting duct intercalated cell,392,15442,2.54
a6bfa5ab516fcc24137cdd3ce3971e2c,CL:4030016,Kidney.epithelial cell of early distal convoluted tubule,385,15442,2.49
a6bfa5ab516fcc24137cdd3ce3971e2c,CL:1001005,Kidney.glomerular capillary endothelial cell,278,15442,1.8
a6bfa5ab516fcc24137cdd3ce3971e2c,CL:1001131,Kidney.vasa recta ascending limb cell,271,15442,1.75
a6bfa5ab516fcc24137cdd3ce3971e2c,CL:1001107,Kidney.kidney loop of Henle thin ascending limb epithelial cell,218,15442,1.41
a6bfa5ab516fcc24137cdd3ce3971e2c,CL:1000718,Kidney.kidney inner medulla collecting duct principal cell,183,15442,1.19
a6bfa5ab516fcc24137cdd3ce3971e2c,CL:1001033,Kidney.peritubular capillary endothelial cell,181,15442,1.17
a6bfa5ab516fcc24137cdd3ce3971e2c,CL:0011031,Kidney.monocyte-derived dendritic cell,101,15442,0.65
a6bfa5ab516fcc24137cdd3ce3971e2c,CL:4030013,Kidney.kidney loop of Henle long descending thin limb outer medulla epithelial cell,81,15442,0.52
a6bfa5ab516fcc24137cdd3ce3971e2c,CL:0000990,Kidney.conventional dendritic cell,78,15442,0.51
a6bfa5ab516fcc24137cdd3ce3971e2c,CL:1000452,Kidney.parietal epithelial cell,52,15442,0.34
a6bfa5ab516fcc24137cdd3ce3971e2c,CL:1000698,Kidney.kidney resident macrophage,49,15442,0.32
a6bfa5ab516fcc24137cdd3ce3971e2c,CL:4030014,Kidney.kidney loop of Henle long descending thin limb inner medulla epithelial cell,35,15442,0.23
a6bfa5ab516fcc24137cdd3ce3971e2c,CL:0000084,Kidney.T cell,32,15442,0.21
a6bfa5ab516fcc24137cdd3ce3971e2c,CL:0002201,Kidney.renal beta-intercalated cell,31,15442,0.2
a6bfa5ab516fcc24137cdd3ce3971e2c,CL:1000715,Kidney.kidney cortex collecting duct intercalated cell,29,15442,0.19
a6bfa5ab516fcc24137cdd3ce3971e2c,CL:0000650,Kidney.mesangial cell,24,15442,0.16
a6bfa5ab516fcc24137cdd3ce3971e2c,CL:1000716,Kidney.kidney outer medulla collecting duct principal cell,21,15442,0.14
a6bfa5ab516fcc24137cdd3ce3971e2c,CL:0000653,Kidney.podocyte,17,15442,0.11
a6bfa5ab516fcc24137cdd3ce3971e2c,CL:4030018,Kidney.kidney connecting tubule principal cell,13,15442,0.08
a6bfa5ab516fcc24137cdd3ce3971e2c,CL:1000850,Kidney.macula densa epithelial cell,8,15442,0.05
a6bfa5ab516fcc24137cdd3ce3971e2c,CL:1000412,Kidney.endothelial cell of arteriole,5,15442,0.03
a6bfa5ab516fcc24137cdd3ce3971e2c,CL:4030011,Kidney.epithelial cell of proximal tubule segment 3,2,15442,0.01
a6bfa5ab516fcc24137cdd3ce3971e2c,CL:0000236,Kidney.B cell,1,15442,0.01
51bfd85763954248725ebf69f0dde5eb,CL:1001109,Kidney.kidney loop of Henle cortical thick ascending limb epithelial cell,3954,20773,19.03
51bfd85763954248725ebf69f0dde5eb,CL:1001108,Kidney.kidney loop of Henle medullary thick ascending limb epithelial cell,3061,20773,14.74
51bfd85763954248725ebf69f0dde5eb,CL:1000714,Kidney.kidney cortex collecting duct principal cell,2739,20773,13.19
51bfd85763954248725ebf69f0dde5eb,CL:4030022,Kidney.renal medullary fibroblast,2277,20773,10.96
51bfd85763954248725ebf69f0dde5eb,CL:4030012,Kidney.kidney loop of Henle short descending thin limb epithelial cell,1712,20773,8.24
51bfd85763954248725ebf69f0dde5eb,CL:0000057,Kidney.kidney interstitial fibroblast,1377,20773,6.63
51bfd85763954248725ebf69f0dde5eb,CL:1001285,Kidney.vasa recta descending limb cell,972,20773,4.68
51bfd85763954248725ebf69f0dde5eb,CL:1000768,Kidney.kidney connecting tubule epithelial cell,789,20773,3.8
51bfd85763954248725ebf69f0dde5eb,CL:1000717,Kidney.kidney outer medulla collecting duct intercalated cell,567,20773,2.73
51bfd85763954248725ebf69f0dde5eb,CL:4030016,Kidney.epithelial cell of early distal convoluted tubule,545,20773,2.62
51bfd85763954248725ebf69f0dde5eb,CL:1001318,Kidney.renal interstitial pericyte,542,20773,2.61
51bfd85763954248725ebf69f0dde5eb,CL:1001131,Kidney.vasa recta ascending limb cell,332,20773,1.6
51bfd85763954248725ebf69f0dde5eb,CL:1000718,Kidney.kidney inner medulla collecting duct principal cell,269,20773,1.29
51bfd85763954248725ebf69f0dde5eb,CL:1001107,Kidney.kidney loop of Henle thin ascending limb epithelial cell,252,20773,1.21
51bfd85763954248725ebf69f0dde5eb,CL:1001005,Kidney.glomerular capillary endothelial cell,238,20773,1.15
51bfd85763954248725ebf69f0dde5eb,CL:0002201,Kidney.renal beta-intercalated cell,198,20773,0.95
51bfd85763954248725ebf69f0dde5eb,CL:1001033,Kidney.peritubular capillary endothelial cell,192,20773,0.92
51bfd85763954248725ebf69f0dde5eb,CL:4030014,Kidney.kidney loop of Henle long descending thin limb inner medulla epithelial cell,147,20773,0.71
51bfd85763954248725ebf69f0dde5eb,CL:4030013,Kidney.kidney loop of Henle long descending thin limb outer medulla epithelial cell,130,20773,0.63
51bfd85763954248725ebf69f0dde5eb,CL:0011031,Kidney.monocyte-derived dendritic cell,120,20773,0.58
51bfd85763954248725ebf69f0dde5eb,CL:1000452,Kidney.parietal epithelial cell,84,20773,0.4
51bfd85763954248725ebf69f0dde5eb,CL:1000698,Kidney.kidney resident macrophage,67,20773,0.32
51bfd85763954248725ebf69f0dde5eb,CL:0000084,Kidney.T cell,50,20773,0.24
51bfd85763954248725ebf69f0dde5eb,CL:0000653,Kidney.podocyte,22,20773,0.11
51bfd85763954248725ebf69f0dde5eb,CL:0000990,Kidney.conventional dendritic cell,22,20773,0.11
51bfd85763954248725ebf69f0dde5eb,CL:0002138,Kidney.endothelial cell of lymphatic vessel,20,20773,0.1
51bfd85763954248725ebf69f0dde5eb,CL:0000650,Kidney.mesangial cell,19,20773,0.09
51bfd85763954248725ebf69f0dde5eb,CL:4030011,Kidney.epithelial cell of proximal tubule segment 3,15,20773,0.07
51bfd85763954248725ebf69f0dde5eb,CL:1000715,Kidney.kidney cortex collecting duct intercalated cell,13,20773,0.06
51bfd85763954248725ebf69f0dde5eb,CL:1000716,Kidney.kidney outer medulla collecting duct principal cell,11,20773,0.05
51bfd85763954248725ebf69f0dde5eb,CL:1000412,Kidney.endothelial cell of arteriole,10,20773,0.05
51bfd85763954248725ebf69f0dde5eb,CL:4030018,Kidney.kidney connecting tubule principal cell,10,20773,0.05
51bfd85763954248725ebf69f0dde5eb,CL:1000850,Kidney.macula densa epithelial cell,8,20773,0.04
51bfd85763954248725ebf69f0dde5eb,CL:4030009,Kidney.epithelial cell of proximal tubule segment 1,7,20773,0.03
51bfd85763954248725ebf69f0dde5eb,CL:0000875,Kidney.non-classical monocyte,2,20773,0.01
1b5c7d45cb0e475b73f9280d092d34a5,CL:1001109,Kidney.kidney loop of Henle cortical thick ascending limb epithelial cell,3514,13335,26.35
1b5c7d45cb0e475b73f9280d092d34a5,CL:4030022,Kidney.renal medullary fibroblast,1646,13335,12.34
1b5c7d45cb0e475b73f9280d092d34a5,CL:1001108,Kidney.kidney loop of Henle medullary thick ascending limb epithelial cell,1641,13335,12.31
1b5c7d45cb0e475b73f9280d092d34a5,CL:1000714,Kidney.kidney cortex collecting duct principal cell,1309,13335,9.82
1b5c7d45cb0e475b73f9280d092d34a5,CL:0000057,Kidney.kidney interstitial fibroblast,1147,13335,8.6
1b5c7d45cb0e475b73f9280d092d34a5,CL:4030012,Kidney.kidney loop of Henle short descending thin limb epithelial cell,823,13335,6.17
1b5c7d45cb0e475b73f9280d092d34a5,CL:1001285,Kidney.vasa recta descending limb cell,573,13335,4.3
1b5c7d45cb0e475b73f9280d092d34a5,CL:1000717,Kidney.kidney outer medulla collecting duct intercalated cell,407,13335,3.05
1b5c7d45cb0e475b73f9280d092d34a5,CL:1001318,Kidney.renal interstitial pericyte,364,13335,2.73
1b5c7d45cb0e475b73f9280d092d34a5,CL:1000768,Kidney.kidney connecting tubule epithelial cell,298,13335,2.23
1b5c7d45cb0e475b73f9280d092d34a5,CL:4030016,Kidney.epithelial cell of early distal convoluted tubule,231,13335,1.73
1b5c7d45cb0e475b73f9280d092d34a5,CL:1001131,Kidney.vasa recta ascending limb cell,183,13335,1.37
1b5c7d45cb0e475b73f9280d092d34a5,CL:1001107,Kidney.kidney loop of Henle thin ascending limb epithelial cell,156,13335,1.17
1b5c7d45cb0e475b73f9280d092d34a5,CL:1000718,Kidney.kidney inner medulla collecting duct principal cell,142,13335,1.06
1b5c7d45cb0e475b73f9280d092d34a5,CL:1001033,Kidney.peritubular capillary endothelial cell,141,13335,1.06
1b5c7d45cb0e475b73f9280d092d34a5,CL:1001005,Kidney.glomerular capillary endothelial cell,134,13335,1.0
1b5c7d45cb0e475b73f9280d092d34a5,CL:0011031,Kidney.monocyte-derived dendritic cell,117,13335,0.88
1b5c7d45cb0e475b73f9280d092d34a5,CL:4030018,Kidney.kidney connecting tubule principal cell,79,13335,0.59
1b5c7d45cb0e475b73f9280d092d34a5,CL:1000452,Kidney.parietal epithelial cell,74,13335,0.55
1b5c7d45cb0e475b73f9280d092d34a5,CL:4030013,Kidney.kidney loop of Henle long descending thin limb outer medulla epithelial cell,68,13335,0.51
1b5c7d45cb0e475b73f9280d092d34a5,CL:1000698,Kidney.kidney resident macrophage,60,13335,0.45
1b5c7d45cb0e475b73f9280d092d34a5,CL:1000412,Kidney.endothelial cell of arteriole,57,13335,0.43
1b5c7d45cb0e475b73f9280d092d34a5,CL:4030014,Kidney.kidney loop of Henle long descending thin limb inner medulla epithelial cell,48,13335,0.36
1b5c7d45cb0e475b73f9280d092d34a5,CL:0002201,Kidney.renal beta-intercalated cell,33,13335,0.25
1b5c7d45cb0e475b73f9280d092d34a5,CL:0000084,Kidney.T cell,32,13335,0.24
1b5c7d45cb0e475b73f9280d092d34a5,CL:1000715,Kidney.kidney cortex collecting duct intercalated cell,12,13335,0.09
1b5c7d45cb0e475b73f9280d092d34a5,CL:0000990,Kidney.conventional dendritic cell,10,13335,0.07
1b5c7d45cb0e475b73f9280d092d34a5,CL:0000236,Kidney.B cell,9,13335,0.07
1b5c7d45cb0e475b73f9280d092d34a5,CL:0000653,Kidney.podocyte,8,13335,0.06
1b5c7d45cb0e475b73f9280d092d34a5,CL:1000850,Kidney.macula densa epithelial cell,8,13335,0.06
1b5c7d45cb0e475b73f9280d092d34a5,CL:0000650,Kidney.mesangial cell,6,13335,0.04
1b5c7d45cb0e475b73f9280d092d34a5,CL:1000716,Kidney.kidney outer medulla collecting duct principal cell,3,13335,0.02
1b5c7d45cb0e475b73f9280d092d34a5,CL:0002138,Kidney.endothelial cell of lymphatic vessel,1,13335,0.01
1b5c7d45cb0e475b73f9280d092d34a5,CL:1000597,Kidney.papillary tips cell,1,13335,0.01
79f8c7ec1b200dfe5b46d0bcfec02bd7,CL:1001109,Kidney.kidney loop of Henle cortical thick ascending limb epithelial cell,8594,20959,41.0
79f8c7ec1b200dfe5b46d0bcfec02bd7,CL:1000714,Kidney.kidney cortex collecting duct principal cell,2637,20959,12.58
79f8c7ec1b200dfe5b46d0bcfec02bd7,CL:1001108,Kidney.kidney loop of Henle medullary thick ascending limb epithelial cell,2011,20959,9.59
79f8c7ec1b200dfe5b46d0bcfec02bd7,CL:0000057,Kidney.kidney interstitial fibroblast,1257,20959,6.0
79f8c7ec1b200dfe5b46d0bcfec02bd7,CL:4030022,Kidney.renal medullary fibroblast,1198,20959,5.72
79f8c7ec1b200dfe5b46d0bcfec02bd7,CL:4030012,Kidney.kidney loop of Henle short descending thin limb epithelial cell,1006,20959,4.8
79f8c7ec1b200dfe5b46d0bcfec02bd7,CL:1000717,Kidney.kidney outer medulla collecting duct intercalated cell,632,20959,3.02
79f8c7ec1b200dfe5b46d0bcfec02bd7,CL:1001318,Kidney.renal interstitial pericyte,565,20959,2.7
79f8c7ec1b200dfe5b46d0bcfec02bd7,CL:1001285,Kidney.vasa recta descending limb cell,487,20959,2.32
79f8c7ec1b200dfe5b46d0bcfec02bd7,CL:1001033,Kidney.peritubular capillary endothelial cell,373,20959,1.78
79f8c7ec1b200dfe5b46d0bcfec02bd7,CL:1001107,Kidney.kidney loop of Henle thin ascending limb epithelial cell,292,20959,1.39
79f8c7ec1b200dfe5b46d0bcfec02bd7,CL:4030016,Kidney.epithelial cell of early distal convoluted tubule,290,20959,1.38
79f8c7ec1b200dfe5b46d0bcfec02bd7,CL:1000718,Kidney.kidney inner medulla collecting duct principal cell,245,20959,1.17
79f8c7ec1b200dfe5b46d0bcfec02bd7,CL:0000084,Kidney.T cell,209,20959,1.0
79f8c7ec1b200dfe5b46d0bcfec02bd7,CL:1001131,Kidney.vasa recta ascending limb cell,173,20959,0.83
79f8c7ec1b200dfe5b46d0bcfec02bd7,CL:1000768,Kidney.kidney connecting tubule epithelial cell,166,20959,0.79
79f8c7ec1b200dfe5b46d0bcfec02bd7,CL:1000715,Kidney.kidney cortex collecting duct intercalated cell,121,20959,0.58
79f8c7ec1b200dfe5b46d0bcfec02bd7,CL:0011031,Kidney.monocyte-derived dendritic cell,121,20959,0.58
79f8c7ec1b200dfe5b46d0bcfec02bd7,CL:4030013,Kidney.kidney loop of Henle long descending thin limb outer medulla epithelial cell,118,20959,0.56
79f8c7ec1b200dfe5b46d0bcfec02bd7,CL:0002201,Kidney.renal beta-intercalated cell,85,20959,0.41
79f8c7ec1b200dfe5b46d0bcfec02bd7,CL:1001005,Kidney.glomerular capillary endothelial cell,66,20959,0.31
79f8c7ec1b200dfe5b46d0bcfec02bd7,CL:0000990,Kidney.conventional dendritic cell,59,20959,0.28
79f8c7ec1b200dfe5b46d0bcfec02bd7,CL:1000698,Kidney.kidney resident macrophage,46,20959,0.22
79f8c7ec1b200dfe5b46d0bcfec02bd7,CL:1000412,Kidney.endothelial cell of arteriole,42,20959,0.2
79f8c7ec1b200dfe5b46d0bcfec02bd7,CL:4030018,Kidney.kidney connecting tubule principal cell,31,20959,0.15
79f8c7ec1b200dfe5b46d0bcfec02bd7,CL:0000236,Kidney.B cell,21,20959,0.1
79f8c7ec1b200dfe5b46d0bcfec02bd7,CL:1000452,Kidney.parietal epithelial cell,19,20959,0.09
79f8c7ec1b200dfe5b46d0bcfec02bd7,CL:1000716,Kidney.kidney outer medulla collecting duct principal cell,19,20959,0.09
79f8c7ec1b200dfe5b46d0bcfec02bd7,CL:0000786,Kidney.plasma cell,17,20959,0.08
79f8c7ec1b200dfe5b46d0bcfec02bd7,CL:4030014,Kidney.kidney loop of Henle long descending thin limb inner medulla epithelial cell,17,20959,0.08
79f8c7ec1b200dfe5b46d0bcfec02bd7,CL:1000850,Kidney.macula densa epithelial cell,11,20959,0.05
79f8c7ec1b200dfe5b46d0bcfec02bd7,CL:0000650,Kidney.mesangial cell,10,20959,0.05
79f8c7ec1b200dfe5b46d0bcfec02bd7,CL:4030009,Kidney.epithelial cell of proximal tubule segment 1,8,20959,0.04
79f8c7ec1b200dfe5b46d0bcfec02bd7,CL:0000113,Kidney.mononuclear phagocyte,8,20959,0.04
79f8c7ec1b200dfe5b46d0bcfec02bd7,CL:0002138,Kidney.endothelial cell of lymphatic vessel,3,20959,0.01
79f8c7ec1b200dfe5b46d0bcfec02bd7,CL:0000875,Kidney.non-classical monocyte,1,20959,0.0
79f8c7ec1b200dfe5b46d0bcfec02bd7,CL:0000097,Kidney.mast cell,1,20959,0.0
55452bd302046918eaeeffa62c5b5f03,CL:1001109,Kidney.kidney loop of Henle cortical thick ascending limb epithelial cell,4035,18241,22.12
55452bd302046918eaeeffa62c5b5f03,CL:1001108,Kidney.kidney loop of Henle medullary thick ascending limb epithelial cell,2862,18241,15.69
55452bd302046918eaeeffa62c5b5f03,CL:1000714,Kidney.kidney cortex collecting duct principal cell,1969,18241,10.79
55452bd302046918eaeeffa62c5b5f03,CL:4030022,Kidney.renal medullary fibroblast,1646,18241,9.02
55452bd302046918eaeeffa62c5b5f03,CL:4030012,Kidney.kidney loop of Henle short descending thin limb epithelial cell,1337,18241,7.33
55452bd302046918eaeeffa62c5b5f03,CL:0000057,Kidney.kidney interstitial fibroblast,1250,18241,6.85
55452bd302046918eaeeffa62c5b5f03,CL:1001285,Kidney.vasa recta descending limb cell,786,18241,4.31
55452bd302046918eaeeffa62c5b5f03,CL:1001318,Kidney.renal interstitial pericyte,723,18241,3.96
55452bd302046918eaeeffa62c5b5f03,CL:1000768,Kidney.kidney connecting tubule epithelial cell,671,18241,3.68
55452bd302046918eaeeffa62c5b5f03,CL:1000717,Kidney.kidney outer medulla collecting duct intercalated cell,462,18241,2.53
55452bd302046918eaeeffa62c5b5f03,CL:1000718,Kidney.kidney inner medulla collecting duct principal cell,353,18241,1.94
55452bd302046918eaeeffa62c5b5f03,CL:4030016,Kidney.epithelial cell of early distal convoluted tubule,329,18241,1.8
55452bd302046918eaeeffa62c5b5f03,CL:1001107,Kidney.kidney loop of Henle thin ascending limb epithelial cell,279,18241,1.53
55452bd302046918eaeeffa62c5b5f03,CL:1001005,Kidney.glomerular capillary endothelial cell,248,18241,1.36
55452bd302046918eaeeffa62c5b5f03,CL:1001131,Kidney.vasa recta ascending limb cell,226,18241,1.24
55452bd302046918eaeeffa62c5b5f03,CL:1001033,Kidney.peritubular capillary endothelial cell,183,18241,1.0
55452bd302046918eaeeffa62c5b5f03,CL:0011031,Kidney.monocyte-derived dendritic cell,123,18241,0.67
55452bd302046918eaeeffa62c5b5f03,CL:0002201,Kidney.renal beta-intercalated cell,123,18241,0.67
55452bd302046918eaeeffa62c5b5f03,CL:1000597,Kidney.papillary tips cell,110,18241,0.6
55452bd302046918eaeeffa62c5b5f03,CL:0000084,Kidney.T cell,97,18241,0.53
55452bd302046918eaeeffa62c5b5f03,CL:4030014,Kidney.kidney loop of Henle long descending thin limb inner medulla epithelial cell,79,18241,0.43
55452bd302046918eaeeffa62c5b5f03,CL:4030013,Kidney.kidney loop of Henle long descending thin limb outer medulla epithelial cell,60,18241,0.33
55452bd302046918eaeeffa62c5b5f03,CL:0000990,Kidney.conventional dendritic cell,52,18241,0.29
55452bd302046918eaeeffa62c5b5f03,CL:1000698,Kidney.kidney resident macrophage,43,18241,0.24
55452bd302046918eaeeffa62c5b5f03,CL:1000452,Kidney.parietal epithelial cell,35,18241,0.19
55452bd302046918eaeeffa62c5b5f03,CL:4030018,Kidney.kidney connecting tubule principal cell,33,18241,0.18
55452bd302046918eaeeffa62c5b5f03,CL:1000412,Kidney.endothelial cell of arteriole,25,18241,0.14
55452bd302046918eaeeffa62c5b5f03,CL:1000716,Kidney.kidney outer medulla collecting duct principal cell,22,18241,0.12
55452bd302046918eaeeffa62c5b5f03,CL:0000650,Kidney.mesangial cell,18,18241,0.1
55452bd302046918eaeeffa62c5b5f03,CL:0000236,Kidney.B cell,12,18241,0.07
55452bd302046918eaeeffa62c5b5f03,CL:1000850,Kidney.macula densa epithelial cell,12,18241,0.07
55452bd302046918eaeeffa62c5b5f03,CL:0000653,Kidney.podocyte,12,18241,0.07
55452bd302046918eaeeffa62c5b5f03,CL:1000715,Kidney.kidney cortex collecting duct intercalated cell,9,18241,0.05
55452bd302046918eaeeffa62c5b5f03,CL:4030011,Kidney.epithelial cell of proximal tubule segment 3,8,18241,0.04
55452bd302046918eaeeffa62c5b5f03,CL:0002138,Kidney.endothelial cell of lymphatic vessel,3,18241,0.02
55452bd302046918eaeeffa62c5b5f03,CL:4030017,Kidney.epithelial cell of late distal convoluted tubule,2,18241,0.01
55452bd302046918eaeeffa62c5b5f03,CL:0000875,Kidney.non-classical monocyte,2,18241,0.01
55452bd302046918eaeeffa62c5b5f03,CL:0000648,Kidney.kidney granular cell,1,18241,0.01
55452bd302046918eaeeffa62c5b5f03,CL:0000775,Kidney.neutrophil,1,18241,0.01
32b783576b6c88fec03f5e5988e3effa,CL:1001109,Kidney.kidney loop of Henle cortical thick ascending limb epithelial cell,5300,19841,26.71
32b783576b6c88fec03f5e5988e3effa,CL:1001108,Kidney.kidney loop of Henle medullary thick ascending limb epithelial cell,2821,19841,14.22
32b783576b6c88fec03f5e5988e3effa,CL:4030022,Kidney.renal medullary fibroblast,2455,19841,12.37
32b783576b6c88fec03f5e5988e3effa,CL:1000714,Kidney.kidney cortex collecting duct principal cell,2216,19841,11.17
32b783576b6c88fec03f5e5988e3effa,CL:4030012,Kidney.kidney loop of Henle short descending thin limb epithelial cell,1502,19841,7.57
32b783576b6c88fec03f5e5988e3effa,CL:0000057,Kidney.kidney interstitial fibroblast,1293,19841,6.52
32b783576b6c88fec03f5e5988e3effa,CL:1000768,Kidney.kidney connecting tubule epithelial cell,461,19841,2.32
32b783576b6c88fec03f5e5988e3effa,CL:1001285,Kidney.vasa recta descending limb cell,422,19841,2.13
32b783576b6c88fec03f5e5988e3effa,CL:4030016,Kidney.epithelial cell of early distal convoluted tubule,408,19841,2.06
32b783576b6c88fec03f5e5988e3effa,CL:1000717,Kidney.kidney outer medulla collecting duct intercalated cell,401,19841,2.02
32b783576b6c88fec03f5e5988e3effa,CL:1001107,Kidney.kidney loop of Henle thin ascending limb epithelial cell,342,19841,1.72
32b783576b6c88fec03f5e5988e3effa,CL:1000718,Kidney.kidney inner medulla collecting duct principal cell,329,19841,1.66
32b783576b6c88fec03f5e5988e3effa,CL:1001131,Kidney.vasa recta ascending limb cell,278,19841,1.4
32b783576b6c88fec03f5e5988e3effa,CL:1001318,Kidney.renal interstitial pericyte,216,19841,1.09
32b783576b6c88fec03f5e5988e3effa,CL:0002201,Kidney.renal beta-intercalated cell,157,19841,0.79
32b783576b6c88fec03f5e5988e3effa,CL:4030014,Kidney.kidney loop of Henle long descending thin limb inner medulla epithelial cell,147,19841,0.74
32b783576b6c88fec03f5e5988e3effa,CL:1001033,Kidney.peritubular capillary endothelial cell,146,19841,0.74
32b783576b6c88fec03f5e5988e3effa,CL:4030018,Kidney.kidney connecting tubule principal cell,146,19841,0.74
32b783576b6c88fec03f5e5988e3effa,CL:0011031,Kidney.monocyte-derived dendritic cell,126,19841,0.64
32b783576b6c88fec03f5e5988e3effa,CL:1000716,Kidney.kidney outer medulla collecting duct principal cell,84,19841,0.42
32b783576b6c88fec03f5e5988e3effa,CL:4030013,Kidney.kidney loop of Henle long descending thin limb outer medulla epithelial cell,77,19841,0.39
32b783576b6c88fec03f5e5988e3effa,CL:0000650,Kidney.mesangial cell,76,19841,0.38
32b783576b6c88fec03f5e5988e3effa,CL:1000412,Kidney.endothelial cell of arteriole,72,19841,0.36
32b783576b6c88fec03f5e5988e3effa,CL:1000597,Kidney.papillary tips cell,67,19841,0.34
32b783576b6c88fec03f5e5988e3effa,CL:1001005,Kidney.glomerular capillary endothelial cell,54,19841,0.27
32b783576b6c88fec03f5e5988e3effa,CL:0000084,Kidney.T cell,52,19841,0.26
32b783576b6c88fec03f5e5988e3effa,CL:1000698,Kidney.kidney resident macrophage,46,19841,0.23
32b783576b6c88fec03f5e5988e3effa,CL:0000990,Kidney.conventional dendritic cell,42,19841,0.21
32b783576b6c88fec03f5e5988e3effa,CL:0000653,Kidney.podocyte,38,19841,0.19
32b783576b6c88fec03f5e5988e3effa,CL:1000452,Kidney.parietal epithelial cell,24,19841,0.12
32b783576b6c88fec03f5e5988e3effa,CL:1000850,Kidney.macula densa epithelial cell,15,19841,0.08
32b783576b6c88fec03f5e5988e3effa,CL:1000715,Kidney.kidney cortex collecting duct intercalated cell,9,19841,0.05
32b783576b6c88fec03f5e5988e3effa,CL:0002138,Kidney.endothelial cell of lymphatic vessel,8,19841,0.04
32b783576b6c88fec03f5e5988e3effa,CL:4030011,Kidney.epithelial cell of proximal tubule segment 3,4,19841,0.02
32b783576b6c88fec03f5e5988e3effa,CL:0000236,Kidney.B cell,2,19841,0.01
32b783576b6c88fec03f5e5988e3effa,CL:4030009,Kidney.epithelial cell of proximal tubule segment 1,2,19841,0.01
32b783576b6c88fec03f5e5988e3effa,CL:4030017,Kidney.epithelial cell of late distal convoluted tubule,2,19841,0.01
32b783576b6c88fec03f5e5988e3effa,CL:0000786,Kidney.plasma cell,1,19841,0.01
6cd657565c709c832300336899a1e1ec,CL:1001109,Kidney.kidney loop of Henle cortical thick ascending limb epithelial cell,4814,18379,26.19
6cd657565c709c832300336899a1e1ec,CL:1001108,Kidney.kidney loop of Henle medullary thick ascending limb epithelial cell,2281,18379,12.41
6cd657565c709c832300336899a1e1ec,CL:4030022,Kidney.renal medullary fibroblast,1891,18379,10.29
6cd657565c709c832300336899a1e1ec,CL:1000714,Kidney.kidney cortex collecting duct principal cell,1851,18379,10.07
6cd657565c709c832300336899a1e1ec,CL:4030012,Kidney.kidney loop of Henle short descending thin limb epithelial cell,1580,18379,8.6
6cd657565c709c832300336899a1e1ec,CL:0000057,Kidney.kidney interstitial fibroblast,1253,18379,6.82
6cd657565c709c832300336899a1e1ec,CL:1000768,Kidney.kidney connecting tubule epithelial cell,927,18379,5.04
6cd657565c709c832300336899a1e1ec,CL:1001285,Kidney.vasa recta descending limb cell,524,18379,2.85
6cd657565c709c832300336899a1e1ec,CL:1000717,Kidney.kidney outer medulla collecting duct intercalated cell,515,18379,2.8
6cd657565c709c832300336899a1e1ec,CL:1001318,Kidney.renal interstitial pericyte,407,18379,2.21
6cd657565c709c832300336899a1e1ec,CL:1001107,Kidney.kidney loop of Henle thin ascending limb epithelial cell,328,18379,1.78
6cd657565c709c832300336899a1e1ec,CL:4030016,Kidney.epithelial cell of early distal convoluted tubule,314,18379,1.71
6cd657565c709c832300336899a1e1ec,CL:1001131,Kidney.vasa recta ascending limb cell,194,18379,1.06
6cd657565c709c832300336899a1e1ec,CL:4030018,Kidney.kidney connecting tubule principal cell,163,18379,0.89
6cd657565c709c832300336899a1e1ec,CL:1000718,Kidney.kidney inner medulla collecting duct principal cell,156,18379,0.85
6cd657565c709c832300336899a1e1ec,CL:1001005,Kidney.glomerular capillary endothelial cell,147,18379,0.8
6cd657565c709c832300336899a1e1ec,CL:1001033,Kidney.peritubular capillary endothelial cell,135,18379,0.73
6cd657565c709c832300336899a1e1ec,CL:0011031,Kidney.monocyte-derived dendritic cell,111,18379,0.6
6cd657565c709c832300336899a1e1ec,CL:0000084,Kidney.T cell,110,18379,0.6
6cd657565c709c832300336899a1e1ec,CL:4030013,Kidney.kidney loop of Henle long descending thin limb outer medulla epithelial cell,109,18379,0.59
6cd657565c709c832300336899a1e1ec,CL:4030014,Kidney.kidney loop of Henle long descending thin limb inner medulla epithelial cell,91,18379,0.5
6cd657565c709c832300336899a1e1ec,CL:1000716,Kidney.kidney outer medulla collecting duct principal cell,75,18379,0.41
6cd657565c709c832300336899a1e1ec,CL:1000452,Kidney.parietal epithelial cell,63,18379,0.34
6cd657565c709c832300336899a1e1ec,CL:1000597,Kidney.papillary tips cell,51,18379,0.28
6cd657565c709c832300336899a1e1ec,CL:1000850,Kidney.macula densa epithelial cell,46,18379,0.25
6cd657565c709c832300336899a1e1ec,CL:1000698,Kidney.kidney resident macrophage,44,18379,0.24
6cd657565c709c832300336899a1e1ec,CL:1000412,Kidney.endothelial cell of arteriole,41,18379,0.22
6cd657565c709c832300336899a1e1ec,CL:1000715,Kidney.kidney cortex collecting duct intercalated cell,38,18379,0.21
6cd657565c709c832300336899a1e1ec,CL:0000650,Kidney.mesangial cell,30,18379,0.16
6cd657565c709c832300336899a1e1ec,CL:0002201,Kidney.renal beta-intercalated cell,26,18379,0.14
6cd657565c709c832300336899a1e1ec,CL:0000990,Kidney.conventional dendritic cell,21,18379,0.11
6cd657565c709c832300336899a1e1ec,CL:4030011,Kidney.epithelial cell of proximal tubule segment 3,16,18379,0.09
6cd657565c709c832300336899a1e1ec,CL:0002138,Kidney.endothelial cell of lymphatic vessel,12,18379,0.07
6cd657565c709c832300336899a1e1ec,CL:0000236,Kidney.B cell,8,18379,0.04
6cd657565c709c832300336899a1e1ec,CL:0000653,Kidney.podocyte,5,18379,0.03
6cd657565c709c832300336899a1e1ec,CL:4030009,Kidney.epithelial cell of proximal tubule segment 1,1,18379,0.01
6cd657565c709c832300336899a1e1ec,CL:0000814,Kidney.mature NK T cell,1,18379,0.01
f88e96675a3215474570083edad66e0c,CL:1000714,Kidney.kidney cortex collecting duct principal cell,2387,11945,19.98
f88e96675a3215474570083edad66e0c,CL:4030022,Kidney.renal medullary fibroblast,2386,11945,19.97
f88e96675a3215474570083edad66e0c,CL:4030012,Kidney.kidney loop of Henle short descending thin limb epithelial cell,2032,11945,17.01
f88e96675a3215474570083edad66e0c,CL:1001107,Kidney.kidney loop of Henle thin ascending limb epithelial cell,1297,11945,10.86
f88e96675a3215474570083edad66e0c,CL:1000768,Kidney.kidney connecting tubule epithelial cell,844,11945,7.07
f88e96675a3215474570083edad66e0c,CL:1001131,Kidney.vasa recta ascending limb cell,446,11945,3.73
f88e96675a3215474570083edad66e0c,CL:4030013,Kidney.kidney loop of Henle long descending thin limb outer medulla epithelial cell,405,11945,3.39
f88e96675a3215474570083edad66e0c,CL:4030014,Kidney.kidney loop of Henle long descending thin limb inner medulla epithelial cell,363,11945,3.04
f88e96675a3215474570083edad66e0c,CL:1001108,Kidney.kidney loop of Henle medullary thick ascending limb epithelial cell,344,11945,2.88
f88e96675a3215474570083edad66e0c,CL:1001285,Kidney.vasa recta descending limb cell,307,11945,2.57
f88e96675a3215474570083edad66e0c,CL:1000718,Kidney.kidney inner medulla collecting duct principal cell,290,11945,2.43
f88e96675a3215474570083edad66e0c,CL:0000057,Kidney.kidney interstitial fibroblast,170,11945,1.42
f88e96675a3215474570083edad66e0c,CL:0011031,Kidney.monocyte-derived dendritic cell,104,11945,0.87
f88e96675a3215474570083edad66e0c,CL:1001318,Kidney.renal interstitial pericyte,92,11945,0.77
f88e96675a3215474570083edad66e0c,CL:4030016,Kidney.epithelial cell of early distal convoluted tubule,55,11945,0.46
f88e96675a3215474570083edad66e0c,CL:1000717,Kidney.kidney outer medulla collecting duct intercalated cell,50,11945,0.42
f88e96675a3215474570083edad66e0c,CL:4030018,Kidney.kidney connecting tubule principal cell,49,11945,0.41
f88e96675a3215474570083edad66e0c,CL:1001033,Kidney.peritubular capillary endothelial cell,47,11945,0.39
f88e96675a3215474570083edad66e0c,CL:1001005,Kidney.glomerular capillary endothelial cell,39,11945,0.33
f88e96675a3215474570083edad66e0c,CL:1000452,Kidney.parietal epithelial cell,37,11945,0.31
f88e96675a3215474570083edad66e0c,CL:0002201,Kidney.renal beta-intercalated cell,32,11945,0.27
f88e96675a3215474570083edad66e0c,CL:0000650,Kidney.mesangial cell,31,11945,0.26
f88e96675a3215474570083edad66e0c,CL:1000716,Kidney.kidney outer medulla collecting duct principal cell,22,11945,0.18
f88e96675a3215474570083edad66e0c,CL:0000084,Kidney.T cell,20,11945,0.17
f88e96675a3215474570083edad66e0c,CL:1000698,Kidney.kidney resident macrophage,19,11945,0.16
f88e96675a3215474570083edad66e0c,CL:1000597,Kidney.papillary tips cell,18,11945,0.15
f88e96675a3215474570083edad66e0c,CL:1000715,Kidney.kidney cortex collecting duct intercalated cell,14,11945,0.12
f88e96675a3215474570083edad66e0c,CL:1000412,Kidney.endothelial cell of arteriole,13,11945,0.11
f88e96675a3215474570083edad66e0c,CL:1001109,Kidney.kidney loop of Henle cortical thick ascending limb epithelial cell,10,11945,0.08
f88e96675a3215474570083edad66e0c,CL:1000850,Kidney.macula densa epithelial cell,8,11945,0.07
f88e96675a3215474570083edad66e0c,CL:0000236,Kidney.B cell,4,11945,0.03
f88e96675a3215474570083edad66e0c,CL:0000653,Kidney.podocyte,4,11945,0.03
f88e96675a3215474570083edad66e0c,CL:0000990,Kidney.conventional dendritic cell,3,11945,0.03
f88e96675a3215474570083edad66e0c,CL:0000775,Kidney.neutrophil,2,11945,0.02
f88e96675a3215474570083edad66e0c,CL:0000786,Kidney.plasma cell,1,11945,0.01
634511b7c63c16cfb51dc867c65cfc91,CL:4030012,Kidney.kidney loop of Henle short descending thin limb epithelial cell,2506,14382,17.42
634511b7c63c16cfb51dc867c65cfc91,CL:1000714,Kidney.kidney cortex collecting duct principal cell,2344,14382,16.3
634511b7c63c16cfb51dc867c65cfc91,CL:4030022,Kidney.renal medullary fibroblast,1902,14382,13.22
634511b7c63c16cfb51dc867c65cfc91,CL:1001107,Kidney.kidney loop of Henle thin ascending limb epithelial cell,1423,14382,9.89
634511b7c63c16cfb51dc867c65cfc91,CL:1000768,Kidney.kidney connecting tubule epithelial cell,888,14382,6.17
634511b7c63c16cfb51dc867c65cfc91,CL:1001131,Kidney.vasa recta ascending limb cell,818,14382,5.69
634511b7c63c16cfb51dc867c65cfc91,CL:1001285,Kidney.vasa recta descending limb cell,705,14382,4.9
634511b7c63c16cfb51dc867c65cfc91,CL:0000057,Kidney.kidney interstitial fibroblast,630,14382,4.38
634511b7c63c16cfb51dc867c65cfc91,CL:1000718,Kidney.kidney inner medulla collecting duct principal cell,567,14382,3.94
634511b7c63c16cfb51dc867c65cfc91,CL:4030014,Kidney.kidney loop of Henle long descending thin limb inner medulla epithelial cell,514,14382,3.57
634511b7c63c16cfb51dc867c65cfc91,CL:4030013,Kidney.kidney loop of Henle long descending thin limb outer medulla epithelial cell,442,14382,3.07
634511b7c63c16cfb51dc867c65cfc91,CL:1001108,Kidney.kidney loop of Henle medullary thick ascending limb epithelial cell,289,14382,2.01
634511b7c63c16cfb51dc867c65cfc91,CL:1000717,Kidney.kidney outer medulla collecting duct intercalated cell,206,14382,1.43
634511b7c63c16cfb51dc867c65cfc91,CL:1001318,Kidney.renal interstitial pericyte,198,14382,1.38
634511b7c63c16cfb51dc867c65cfc91,CL:4030018,Kidney.kidney connecting tubule principal cell,177,14382,1.23
634511b7c63c16cfb51dc867c65cfc91,CL:4030016,Kidney.epithelial cell of early distal convoluted tubule,108,14382,0.75
634511b7c63c16cfb51dc867c65cfc91,CL:1001109,Kidney.kidney loop of Henle cortical thick ascending limb epithelial cell,87,14382,0.6
634511b7c63c16cfb51dc867c65cfc91,CL:1001005,Kidney.glomerular capillary endothelial cell,72,14382,0.5
634511b7c63c16cfb51dc867c65cfc91,CL:0011031,Kidney.monocyte-derived dendritic cell,68,14382,0.47
634511b7c63c16cfb51dc867c65cfc91,CL:1001033,Kidney.peritubular capillary endothelial cell,66,14382,0.46
634511b7c63c16cfb51dc867c65cfc91,CL:1000452,Kidney.parietal epithelial cell,64,14382,0.45
634511b7c63c16cfb51dc867c65cfc91,CL:0000653,Kidney.podocyte,63,14382,0.44
634511b7c63c16cfb51dc867c65cfc91,CL:0002201,Kidney.renal beta-intercalated cell,60,14382,0.42
634511b7c63c16cfb51dc867c65cfc91,CL:0000084,Kidney.T cell,51,14382,0.35
634511b7c63c16cfb51dc867c65cfc91,CL:1000716,Kidney.kidney outer medulla collecting duct principal cell,37,14382,0.26
634511b7c63c16cfb51dc867c65cfc91,CL:1000715,Kidney.kidney cortex collecting duct intercalated cell,33,14382,0.23
634511b7c63c16cfb51dc867c65cfc91,CL:0000650,Kidney.mesangial cell,29,14382,0.2
634511b7c63c16cfb51dc867c65cfc91,CL:0000775,Kidney.neutrophil,10,14382,0.07
634511b7c63c16cfb51dc867c65cfc91,CL:1000698,Kidney.kidney resident macrophage,8,14382,0.06
634511b7c63c16cfb51dc867c65cfc91,CL:4030011,Kidney.epithelial cell of proximal tubule segment 3,6,14382,0.04
634511b7c63c16cfb51dc867c65cfc91,CL:1000597,Kidney.papillary tips cell,5,14382,0.03
634511b7c63c16cfb51dc867c65cfc91,CL:1000850,Kidney.macula densa epithelial cell,2,14382,0.01
634511b7c63c16cfb51dc867c65cfc91,CL:1000412,Kidney.endothelial cell of arteriole,1,14382,0.01
634511b7c63c16cfb51dc867c65cfc91,CL:0000990,Kidney.conventional dendritic cell,1,14382,0.01
634511b7c63c16cfb51dc867c65cfc91,CL:0000236,Kidney.B cell,1,14382,0.01
634511b7c63c16cfb51dc867c65cfc91,CL:0002138,Kidney.endothelial cell of lymphatic vessel,1,14382,0.01
51bc718e411810044e4258dae80ff044,CL:1001109,Kidney.kidney loop of Henle cortical thick ascending limb epithelial cell,5989,13486,44.41
51bc718e411810044e4258dae80ff044,CL:1001108,Kidney.kidney loop of Henle medullary thick ascending limb epithelial cell,2474,13486,18.34
51bc718e411810044e4258dae80ff044,CL:1000714,Kidney.kidney cortex collecting duct principal cell,816,13486,6.05
51bc718e411810044e4258dae80ff044,CL:4030012,Kidney.kidney loop of Henle short descending thin limb epithelial cell,627,13486,4.65
51bc718e411810044e4258dae80ff044,CL:1001285,Kidney.vasa recta descending limb cell,544,13486,4.03
51bc718e411810044e4258dae80ff044,CL:4030022,Kidney.renal medullary fibroblast,488,13486,3.62
51bc718e411810044e4258dae80ff044,CL:0000057,Kidney.kidney interstitial fibroblast,411,13486,3.05
51bc718e411810044e4258dae80ff044,CL:4030016,Kidney.epithelial cell of early distal convoluted tubule,313,13486,2.32
51bc718e411810044e4258dae80ff044,CL:1001107,Kidney.kidney loop of Henle thin ascending limb epithelial cell,255,13486,1.89
51bc718e411810044e4258dae80ff044,CL:4030013,Kidney.kidney loop of Henle long descending thin limb outer medulla epithelial cell,230,13486,1.71
51bc718e411810044e4258dae80ff044,CL:1000717,Kidney.kidney outer medulla collecting duct intercalated cell,155,13486,1.15
51bc718e411810044e4258dae80ff044,CL:1000718,Kidney.kidney inner medulla collecting duct principal cell,147,13486,1.09
51bc718e411810044e4258dae80ff044,CL:1001318,Kidney.renal interstitial pericyte,147,13486,1.09
51bc718e411810044e4258dae80ff044,CL:1001005,Kidney.glomerular capillary endothelial cell,134,13486,0.99
51bc718e411810044e4258dae80ff044,CL:1001033,Kidney.peritubular capillary endothelial cell,121,13486,0.9
51bc718e411810044e4258dae80ff044,CL:1000768,Kidney.kidney connecting tubule epithelial cell,99,13486,0.73
51bc718e411810044e4258dae80ff044,CL:1001131,Kidney.vasa recta ascending limb cell,97,13486,0.72
51bc718e411810044e4258dae80ff044,CL:0002201,Kidney.renal beta-intercalated cell,83,13486,0.62
51bc718e411810044e4258dae80ff044,CL:0011031,Kidney.monocyte-derived dendritic cell,57,13486,0.42
51bc718e411810044e4258dae80ff044,CL:1000850,Kidney.macula densa epithelial cell,43,13486,0.32
51bc718e411810044e4258dae80ff044,CL:1000412,Kidney.endothelial cell of arteriole,41,13486,0.3
51bc718e411810044e4258dae80ff044,CL:1000452,Kidney.parietal epithelial cell,35,13486,0.26
51bc718e411810044e4258dae80ff044,CL:4030014,Kidney.kidney loop of Henle long descending thin limb inner medulla epithelial cell,35,13486,0.26
51bc718e411810044e4258dae80ff044,CL:0000084,Kidney.T cell,31,13486,0.23
51bc718e411810044e4258dae80ff044,CL:4030018,Kidney.kidney connecting tubule principal cell,30,13486,0.22
51bc718e411810044e4258dae80ff044,CL:1000716,Kidney.kidney outer medulla collecting duct principal cell,28,13486,0.21
51bc718e411810044e4258dae80ff044,CL:1000715,Kidney.kidney cortex collecting duct intercalated cell,23,13486,0.17
51bc718e411810044e4258dae80ff044,CL:0000650,Kidney.mesangial cell,16,13486,0.12
51bc718e411810044e4258dae80ff044,CL:4030009,Kidney.epithelial cell of proximal tubule segment 1,8,13486,0.06
51bc718e411810044e4258dae80ff044,CL:1000698,Kidney.kidney resident macrophage,6,13486,0.04
51bc718e411810044e4258dae80ff044,CL:4030017,Kidney.epithelial cell of late distal convoluted tubule,1,13486,0.01
51bc718e411810044e4258dae80ff044,CL:0000097,Kidney.mast cell,1,13486,0.01
51bc718e411810044e4258dae80ff044,CL:0000786,Kidney.plasma cell,1,13486,0.01
35234b5e3eda236bb80ef3722da366f7,CL:4030012,Kidney.kidney loop of Henle short descending thin limb epithelial cell,2210,15380,14.37
35234b5e3eda236bb80ef3722da366f7,CL:1000714,Kidney.kidney cortex collecting duct principal cell,2111,15380,13.73
35234b5e3eda236bb80ef3722da366f7,CL:1001108,Kidney.kidney loop of Henle medullary thick ascending limb epithelial cell,1895,15380,12.32
35234b5e3eda236bb80ef3722da366f7,CL:4030022,Kidney.renal medullary fibroblast,1494,15380,9.71
35234b5e3eda236bb80ef3722da366f7,CL:1001107,Kidney.kidney loop of Henle thin ascending limb epithelial cell,1474,15380,9.58
35234b5e3eda236bb80ef3722da366f7,CL:1000768,Kidney.kidney connecting tubule epithelial cell,1003,15380,6.52
35234b5e3eda236bb80ef3722da366f7,CL:1001109,Kidney.kidney loop of Henle cortical thick ascending limb epithelial cell,757,15380,4.92
35234b5e3eda236bb80ef3722da366f7,CL:1001131,Kidney.vasa recta ascending limb cell,641,15380,4.17
35234b5e3eda236bb80ef3722da366f7,CL:0000057,Kidney.kidney interstitial fibroblast,592,15380,3.85
35234b5e3eda236bb80ef3722da366f7,CL:1000718,Kidney.kidney inner medulla collecting duct principal cell,462,15380,3.0
35234b5e3eda236bb80ef3722da366f7,CL:4030014,Kidney.kidney loop of Henle long descending thin limb inner medulla epithelial cell,414,15380,2.69
35234b5e3eda236bb80ef3722da366f7,CL:1001285,Kidney.vasa recta descending limb cell,380,15380,2.47
35234b5e3eda236bb80ef3722da366f7,CL:4030013,Kidney.kidney loop of Henle long descending thin limb outer medulla epithelial cell,317,15380,2.06
35234b5e3eda236bb80ef3722da366f7,CL:1000597,Kidney.papillary tips cell,282,15380,1.83
35234b5e3eda236bb80ef3722da366f7,CL:4030016,Kidney.epithelial cell of early distal convoluted tubule,252,15380,1.64
35234b5e3eda236bb80ef3722da366f7,CL:1000717,Kidney.kidney outer medulla collecting duct intercalated cell,195,15380,1.27
35234b5e3eda236bb80ef3722da366f7,CL:4030018,Kidney.kidney connecting tubule principal cell,164,15380,1.07
35234b5e3eda236bb80ef3722da366f7,CL:0000653,Kidney.podocyte,115,15380,0.75
35234b5e3eda236bb80ef3722da366f7,CL:1001318,Kidney.renal interstitial pericyte,94,15380,0.61
35234b5e3eda236bb80ef3722da366f7,CL:0011031,Kidney.monocyte-derived dendritic cell,88,15380,0.57
35234b5e3eda236bb80ef3722da366f7,CL:0002201,Kidney.renal beta-intercalated cell,73,15380,0.47
35234b5e3eda236bb80ef3722da366f7,CL:1001005,Kidney.glomerular capillary endothelial cell,66,15380,0.43
35234b5e3eda236bb80ef3722da366f7,CL:1000452,Kidney.parietal epithelial cell,45,15380,0.29
35234b5e3eda236bb80ef3722da366f7,CL:1000715,Kidney.kidney cortex collecting duct intercalated cell,41,15380,0.27
35234b5e3eda236bb80ef3722da366f7,CL:0000084,Kidney.T cell,41,15380,0.27
35234b5e3eda236bb80ef3722da366f7,CL:1000412,Kidney.endothelial cell of arteriole,39,15380,0.25
35234b5e3eda236bb80ef3722da366f7,CL:1000716,Kidney.kidney outer medulla collecting duct principal cell,35,15380,0.23
35234b5e3eda236bb80ef3722da366f7,CL:1001033,Kidney.peritubular capillary endothelial cell,25,15380,0.16
35234b5e3eda236bb80ef3722da366f7,CL:1000698,Kidney.kidney resident macrophage,16,15380,0.1
35234b5e3eda236bb80ef3722da366f7,CL:0000650,Kidney.mesangial cell,16,15380,0.1
35234b5e3eda236bb80ef3722da366f7,CL:1000850,Kidney.macula densa epithelial cell,13,15380,0.08
35234b5e3eda236bb80ef3722da366f7,CL:0000775,Kidney.neutrophil,13,15380,0.08
35234b5e3eda236bb80ef3722da366f7,CL:4030017,Kidney.epithelial cell of late distal convoluted tubule,11,15380,0.07
35234b5e3eda236bb80ef3722da366f7,CL:0002138,Kidney.endothelial cell of lymphatic vessel,2,15380,0.01
35234b5e3eda236bb80ef3722da366f7,CL:4030011,Kidney.epithelial cell of proximal tubule segment 3,2,15380,0.01
35234b5e3eda236bb80ef3722da366f7,CL:0000097,Kidney.mast cell,1,15380,0.01
35234b5e3eda236bb80ef3722da366f7,CL:0000786,Kidney.plasma cell,1,15380,0.01
0bcea0ab24e8bc5b0529b6f4d899ddad,CL:1001109,Kidney.kidney loop of Henle cortical thick ascending limb epithelial cell,10324,17090,60.41
0bcea0ab24e8bc5b0529b6f4d899ddad,CL:1001108,Kidney.kidney loop of Henle medullary thick ascending limb epithelial cell,2422,17090,14.17
0bcea0ab24e8bc5b0529b6f4d899ddad,CL:4030022,Kidney.renal medullary fibroblast,706,17090,4.13
0bcea0ab24e8bc5b0529b6f4d899ddad,CL:4030012,Kidney.kidney loop of Henle short descending thin limb epithelial cell,596,17090,3.49
0bcea0ab24e8bc5b0529b6f4d899ddad,CL:1000714,Kidney.kidney cortex collecting duct principal cell,563,17090,3.29
0bcea0ab24e8bc5b0529b6f4d899ddad,CL:1001285,Kidney.vasa recta descending limb cell,510,17090,2.98
0bcea0ab24e8bc5b0529b6f4d899ddad,CL:0000057,Kidney.kidney interstitial fibroblast,337,17090,1.97
0bcea0ab24e8bc5b0529b6f4d899ddad,CL:4030016,Kidney.epithelial cell of early distal convoluted tubule,280,17090,1.64
0bcea0ab24e8bc5b0529b6f4d899ddad,CL:1001131,Kidney.vasa recta ascending limb cell,166,17090,0.97
0bcea0ab24e8bc5b0529b6f4d899ddad,CL:1000718,Kidney.kidney inner medulla collecting duct principal cell,157,17090,0.92
0bcea0ab24e8bc5b0529b6f4d899ddad,CL:1001318,Kidney.renal interstitial pericyte,157,17090,0.92
0bcea0ab24e8bc5b0529b6f4d899ddad,CL:1001107,Kidney.kidney loop of Henle thin ascending limb epithelial cell,150,17090,0.88
0bcea0ab24e8bc5b0529b6f4d899ddad,CL:1000717,Kidney.kidney outer medulla collecting duct intercalated cell,110,17090,0.64
0bcea0ab24e8bc5b0529b6f4d899ddad,CL:4030013,Kidney.kidney loop of Henle long descending thin limb outer medulla epithelial cell,106,17090,0.62
0bcea0ab24e8bc5b0529b6f4d899ddad,CL:1000768,Kidney.kidney connecting tubule epithelial cell,87,17090,0.51
0bcea0ab24e8bc5b0529b6f4d899ddad,CL:1001033,Kidney.peritubular capillary endothelial cell,71,17090,0.42
0bcea0ab24e8bc5b0529b6f4d899ddad,CL:0002201,Kidney.renal beta-intercalated cell,63,17090,0.37
0bcea0ab24e8bc5b0529b6f4d899ddad,CL:1000412,Kidney.endothelial cell of arteriole,46,17090,0.27
0bcea0ab24e8bc5b0529b6f4d899ddad,CL:4030014,Kidney.kidney loop of Henle long descending thin limb inner medulla epithelial cell,46,17090,0.27
0bcea0ab24e8bc5b0529b6f4d899ddad,CL:4030018,Kidney.kidney connecting tubule principal cell,45,17090,0.26
0bcea0ab24e8bc5b0529b6f4d899ddad,CL:0011031,Kidney.monocyte-derived dendritic cell,39,17090,0.23
0bcea0ab24e8bc5b0529b6f4d899ddad,CL:1000715,Kidney.kidney cortex collecting duct intercalated cell,27,17090,0.16
0bcea0ab24e8bc5b0529b6f4d899ddad,CL:1000850,Kidney.macula densa epithelial cell,24,17090,0.14
0bcea0ab24e8bc5b0529b6f4d899ddad,CL:0000084,Kidney.T cell,13,17090,0.08
0bcea0ab24e8bc5b0529b6f4d899ddad,CL:1000698,Kidney.kidney resident macrophage,12,17090,0.07
0bcea0ab24e8bc5b0529b6f4d899ddad,CL:1000716,Kidney.kidney outer medulla collecting duct principal cell,9,17090,0.05
0bcea0ab24e8bc5b0529b6f4d899ddad,CL:0000650,Kidney.mesangial cell,8,17090,0.05
0bcea0ab24e8bc5b0529b6f4d899ddad,CL:0002138,Kidney.endothelial cell of lymphatic vessel,6,17090,0.04
0bcea0ab24e8bc5b0529b6f4d899ddad,CL:1001005,Kidney.glomerular capillary endothelial cell,4,17090,0.02
0bcea0ab24e8bc5b0529b6f4d899ddad,CL:4030011,Kidney.epithelial cell of proximal tubule segment 3,1,17090,0.01
0bcea0ab24e8bc5b0529b6f4d899ddad,CL:4030017,Kidney.epithelial cell of late distal convoluted tubule,1,17090,0.01
0bcea0ab24e8bc5b0529b6f4d899ddad,CL:1000597,Kidney.papillary tips cell,1,17090,0.01
0bcea0ab24e8bc5b0529b6f4d899ddad,CL:0000775,Kidney.neutrophil,1,17090,0.01
0bcea0ab24e8bc5b0529b6f4d899ddad,CL:0000653,Kidney.podocyte,1,17090,0.01
0bcea0ab24e8bc5b0529b6f4d899ddad,CL:1000452,Kidney.parietal epithelial cell,1,17090,0.01
13d882fbeae970f8fb08a6f0b76bf127,CL:1001108,Kidney.kidney loop of Henle medullary thick ascending limb epithelial cell,3652,15132,24.13
13d882fbeae970f8fb08a6f0b76bf127,CL:1001109,Kidney.kidney loop of Henle cortical thick ascending limb epithelial cell,1977,15132,13.07
13d882fbeae970f8fb08a6f0b76bf127,CL:1000714,Kidney.kidney cortex collecting duct principal cell,1830,15132,12.09
13d882fbeae970f8fb08a6f0b76bf127,CL:4030012,Kidney.kidney loop of Henle short descending thin limb epithelial cell,1562,15132,10.32
13d882fbeae970f8fb08a6f0b76bf127,CL:1001107,Kidney.kidney loop of Henle thin ascending limb epithelial cell,1098,15132,7.26
13d882fbeae970f8fb08a6f0b76bf127,CL:4030022,Kidney.renal medullary fibroblast,1041,15132,6.88
13d882fbeae970f8fb08a6f0b76bf127,CL:1000768,Kidney.kidney connecting tubule epithelial cell,588,15132,3.89
13d882fbeae970f8fb08a6f0b76bf127,CL:1001285,Kidney.vasa recta descending limb cell,509,15132,3.36
13d882fbeae970f8fb08a6f0b76bf127,CL:0000057,Kidney.kidney interstitial fibroblast,500,15132,3.3
13d882fbeae970f8fb08a6f0b76bf127,CL:4030013,Kidney.kidney loop of Henle long descending thin limb outer medulla epithelial cell,484,15132,3.2
13d882fbeae970f8fb08a6f0b76bf127,CL:4030016,Kidney.epithelial cell of early distal convoluted tubule,432,15132,2.85
13d882fbeae970f8fb08a6f0b76bf127,CL:1000717,Kidney.kidney outer medulla collecting duct intercalated cell,284,15132,1.88
13d882fbeae970f8fb08a6f0b76bf127,CL:1001131,Kidney.vasa recta ascending limb cell,258,15132,1.7
13d882fbeae970f8fb08a6f0b76bf127,CL:4030014,Kidney.kidney loop of Henle long descending thin limb inner medulla epithelial cell,183,15132,1.21
13d882fbeae970f8fb08a6f0b76bf127,CL:1000718,Kidney.kidney inner medulla collecting duct principal cell,163,15132,1.08
13d882fbeae970f8fb08a6f0b76bf127,CL:1001318,Kidney.renal interstitial pericyte,161,15132,1.06
13d882fbeae970f8fb08a6f0b76bf127,CL:0002201,Kidney.renal beta-intercalated cell,79,15132,0.52
13d882fbeae970f8fb08a6f0b76bf127,CL:1001033,Kidney.peritubular capillary endothelial cell,65,15132,0.43
13d882fbeae970f8fb08a6f0b76bf127,CL:0011031,Kidney.monocyte-derived dendritic cell,54,15132,0.36
13d882fbeae970f8fb08a6f0b76bf127,CL:1000716,Kidney.kidney outer medulla collecting duct principal cell,31,15132,0.2
13d882fbeae970f8fb08a6f0b76bf127,CL:0000653,Kidney.podocyte,28,15132,0.19
13d882fbeae970f8fb08a6f0b76bf127,CL:1000850,Kidney.macula densa epithelial cell,23,15132,0.15
13d882fbeae970f8fb08a6f0b76bf127,CL:1000715,Kidney.kidney cortex collecting duct intercalated cell,22,15132,0.15
13d882fbeae970f8fb08a6f0b76bf127,CL:1000452,Kidney.parietal epithelial cell,21,15132,0.14
13d882fbeae970f8fb08a6f0b76bf127,CL:4030018,Kidney.kidney connecting tubule principal cell,20,15132,0.13
13d882fbeae970f8fb08a6f0b76bf127,CL:0000650,Kidney.mesangial cell,17,15132,0.11
13d882fbeae970f8fb08a6f0b76bf127,CL:1000698,Kidney.kidney resident macrophage,17,15132,0.11
13d882fbeae970f8fb08a6f0b76bf127,CL:1001005,Kidney.glomerular capillary endothelial cell,14,15132,0.09
13d882fbeae970f8fb08a6f0b76bf127,CL:1000412,Kidney.endothelial cell of arteriole,8,15132,0.05
13d882fbeae970f8fb08a6f0b76bf127,CL:0000084,Kidney.T cell,6,15132,0.04
13d882fbeae970f8fb08a6f0b76bf127,CL:1000597,Kidney.papillary tips cell,3,15132,0.02
13d882fbeae970f8fb08a6f0b76bf127,CL:4030011,Kidney.epithelial cell of proximal tubule segment 3,1,15132,0.01
13d882fbeae970f8fb08a6f0b76bf127,CL:0000786,Kidney.plasma cell,1,15132,0.01
2c84a86ab51ec3a1168d8ba573d32c0a,CL:4030012,Kidney.kidney loop of Henle short descending thin limb epithelial cell,4361,13878,31.42
2c84a86ab51ec3a1168d8ba573d32c0a,CL:1000714,Kidney.kidney cortex collecting duct principal cell,2773,13878,19.98
2c84a86ab51ec3a1168d8ba573d32c0a,CL:4030022,Kidney.renal medullary fibroblast,1834,13878,13.22
2c84a86ab51ec3a1168d8ba573d32c0a,CL:1001107,Kidney.kidney loop of Henle thin ascending limb epithelial cell,1124,13878,8.1
2c84a86ab51ec3a1168d8ba573d32c0a,CL:4030014,Kidney.kidney loop of Henle long descending thin limb inner medulla epithelial cell,899,13878,6.48
2c84a86ab51ec3a1168d8ba573d32c0a,CL:1000768,Kidney.kidney connecting tubule epithelial cell,724,13878,5.22
2c84a86ab51ec3a1168d8ba573d32c0a,CL:1000718,Kidney.kidney inner medulla collecting duct principal cell,564,13878,4.06
2c84a86ab51ec3a1168d8ba573d32c0a,CL:1001131,Kidney.vasa recta ascending limb cell,382,13878,2.75
2c84a86ab51ec3a1168d8ba573d32c0a,CL:1001285,Kidney.vasa recta descending limb cell,190,13878,1.37
2c84a86ab51ec3a1168d8ba573d32c0a,CL:0000057,Kidney.kidney interstitial fibroblast,141,13878,1.02
2c84a86ab51ec3a1168d8ba573d32c0a,CL:1001108,Kidney.kidney loop of Henle medullary thick ascending limb epithelial cell,102,13878,0.73
2c84a86ab51ec3a1168d8ba573d32c0a,CL:4030013,Kidney.kidney loop of Henle long descending thin limb outer medulla epithelial cell,101,13878,0.73
2c84a86ab51ec3a1168d8ba573d32c0a,CL:1000597,Kidney.papillary tips cell,88,13878,0.63
2c84a86ab51ec3a1168d8ba573d32c0a,CL:4030018,Kidney.kidney connecting tubule principal cell,81,13878,0.58
2c84a86ab51ec3a1168d8ba573d32c0a,CL:1000452,Kidney.parietal epithelial cell,64,13878,0.46
2c84a86ab51ec3a1168d8ba573d32c0a,CL:1000412,Kidney.endothelial cell of arteriole,62,13878,0.45
2c84a86ab51ec3a1168d8ba573d32c0a,CL:4030016,Kidney.epithelial cell of early distal convoluted tubule,54,13878,0.39
2c84a86ab51ec3a1168d8ba573d32c0a,CL:0002201,Kidney.renal beta-intercalated cell,54,13878,0.39
2c84a86ab51ec3a1168d8ba573d32c0a,CL:0000084,Kidney.T cell,38,13878,0.27
2c84a86ab51ec3a1168d8ba573d32c0a,CL:1001109,Kidney.kidney loop of Henle cortical thick ascending limb epithelial cell,37,13878,0.27
2c84a86ab51ec3a1168d8ba573d32c0a,CL:1001318,Kidney.renal interstitial pericyte,36,13878,0.26
2c84a86ab51ec3a1168d8ba573d32c0a,CL:1001033,Kidney.peritubular capillary endothelial cell,27,13878,0.19
2c84a86ab51ec3a1168d8ba573d32c0a,CL:0000653,Kidney.podocyte,23,13878,0.17
2c84a86ab51ec3a1168d8ba573d32c0a,CL:1000717,Kidney.kidney outer medulla collecting duct intercalated cell,22,13878,0.16
2c84a86ab51ec3a1168d8ba573d32c0a,CL:1001005,Kidney.glomerular capillary endothelial cell,21,13878,0.15
2c84a86ab51ec3a1168d8ba573d32c0a,CL:0011031,Kidney.monocyte-derived dendritic cell,20,13878,0.14
2c84a86ab51ec3a1168d8ba573d32c0a,CL:1000715,Kidney.kidney cortex collecting duct intercalated cell,13,13878,0.09
2c84a86ab51ec3a1168d8ba573d32c0a,CL:1000716,Kidney.kidney outer medulla collecting duct principal cell,13,13878,0.09
2c84a86ab51ec3a1168d8ba573d32c0a,CL:0000775,Kidney.neutrophil,12,13878,0.09
2c84a86ab51ec3a1168d8ba573d32c0a,CL:1000850,Kidney.macula densa epithelial cell,7,13878,0.05
2c84a86ab51ec3a1168d8ba573d32c0a,CL:0000650,Kidney.mesangial cell,5,13878,0.04
2c84a86ab51ec3a1168d8ba573d32c0a,CL:0000990,Kidney.conventional dendritic cell,3,13878,0.02
2c84a86ab51ec3a1168d8ba573d32c0a,CL:0002138,Kidney.endothelial cell of lymphatic vessel,1,13878,0.01
2c84a86ab51ec3a1168d8ba573d32c0a,CL:4030011,Kidney.epithelial cell of proximal tubule segment 3,1,13878,0.01
2c84a86ab51ec3a1168d8ba573d32c0a,CL:1000698,Kidney.kidney resident macrophage,1,13878,0.01
74e09cbb91aba06b48429651cb388940,CL:1001109,Kidney.kidney loop of Henle cortical thick ascending limb epithelial cell,5687,13024,43.67
74e09cbb91aba06b48429651cb388940,CL:1001108,Kidney.kidney loop of Henle medullary thick ascending limb epithelial cell,3632,13024,27.89
74e09cbb91aba06b48429651cb388940,CL:4030012,Kidney.kidney loop of Henle short descending thin limb epithelial cell,724,13024,5.56
74e09cbb91aba06b48429651cb388940,CL:1000714,Kidney.kidney cortex collecting duct principal cell,663,13024,5.09
74e09cbb91aba06b48429651cb388940,CL:1001285,Kidney.vasa recta descending limb cell,322,13024,2.47
74e09cbb91aba06b48429651cb388940,CL:4030022,Kidney.renal medullary fibroblast,293,13024,2.25
74e09cbb91aba06b48429651cb388940,CL:4030016,Kidney.epithelial cell of early distal convoluted tubule,221,13024,1.7
74e09cbb91aba06b48429651cb388940,CL:1000717,Kidney.kidney outer medulla collecting duct intercalated cell,209,13024,1.6
74e09cbb91aba06b48429651cb388940,CL:1000768,Kidney.kidney connecting tubule epithelial cell,206,13024,1.58
74e09cbb91aba06b48429651cb388940,CL:0000057,Kidney.kidney interstitial fibroblast,203,13024,1.56
74e09cbb91aba06b48429651cb388940,CL:1001107,Kidney.kidney loop of Henle thin ascending limb epithelial cell,174,13024,1.34
74e09cbb91aba06b48429651cb388940,CL:1001131,Kidney.vasa recta ascending limb cell,119,13024,0.91
74e09cbb91aba06b48429651cb388940,CL:1000718,Kidney.kidney inner medulla collecting duct principal cell,108,13024,0.83
74e09cbb91aba06b48429651cb388940,CL:1001318,Kidney.renal interstitial pericyte,78,13024,0.6
74e09cbb91aba06b48429651cb388940,CL:0011031,Kidney.monocyte-derived dendritic cell,47,13024,0.36
74e09cbb91aba06b48429651cb388940,CL:1001033,Kidney.peritubular capillary endothelial cell,44,13024,0.34
74e09cbb91aba06b48429651cb388940,CL:1000716,Kidney.kidney outer medulla collecting duct principal cell,40,13024,0.31
74e09cbb91aba06b48429651cb388940,CL:4030014,Kidney.kidney loop of Henle long descending thin limb inner medulla epithelial cell,39,13024,0.3
74e09cbb91aba06b48429651cb388940,CL:4030013,Kidney.kidney loop of Henle long descending thin limb outer medulla epithelial cell,38,13024,0.29
74e09cbb91aba06b48429651cb388940,CL:0002201,Kidney.renal beta-intercalated cell,32,13024,0.25
74e09cbb91aba06b48429651cb388940,CL:1000850,Kidney.macula densa epithelial cell,28,13024,0.21
74e09cbb91aba06b48429651cb388940,CL:4030018,Kidney.kidney connecting tubule principal cell,27,13024,0.21
74e09cbb91aba06b48429651cb388940,CL:0000084,Kidney.T cell,26,13024,0.2
74e09cbb91aba06b48429651cb388940,CL:1000412,Kidney.endothelial cell of arteriole,19,13024,0.15
74e09cbb91aba06b48429651cb388940,CL:1001005,Kidney.glomerular capillary endothelial cell,18,13024,0.14
74e09cbb91aba06b48429651cb388940,CL:1000715,Kidney.kidney cortex collecting duct intercalated cell,9,13024,0.07
74e09cbb91aba06b48429651cb388940,CL:1000452,Kidney.parietal epithelial cell,6,13024,0.05
74e09cbb91aba06b48429651cb388940,CL:0000650,Kidney.mesangial cell,4,13024,0.03
74e09cbb91aba06b48429651cb388940,CL:1000698,Kidney.kidney resident macrophage,3,13024,0.02
74e09cbb91aba06b48429651cb388940,CL:0000653,Kidney.podocyte,2,13024,0.02
74e09cbb91aba06b48429651cb388940,CL:0002138,Kidney.endothelial cell of lymphatic vessel,1,13024,0.01
74e09cbb91aba06b48429651cb388940,CL:4030011,Kidney.epithelial cell of proximal tubule segment 3,1,13024,0.01
74e09cbb91aba06b48429651cb388940,CL:1000597,Kidney.papillary tips cell,1,13024,0.01
e901621d0400c18d3d69decd46a82c84,CL:1001109,Kidney.kidney loop of Henle cortical thick ascending limb epithelial cell,8622,19462,44.3
e901621d0400c18d3d69decd46a82c84,CL:4030011,Kidney.epithelial cell of proximal tubule segment 3,2202,19462,11.31
e901621d0400c18d3d69decd46a82c84,CL:4030009,Kidney.epithelial cell of proximal tubule segment 1,1652,19462,8.49
e901621d0400c18d3d69decd46a82c84,CL:4030016,Kidney.epithelial cell of early distal convoluted tubule,1540,19462,7.91
e901621d0400c18d3d69decd46a82c84,CL:0000057,Kidney.kidney interstitial fibroblast,1032,19462,5.3
e901621d0400c18d3d69decd46a82c84,CL:1000768,Kidney.kidney connecting tubule epithelial cell,721,19462,3.7
e901621d0400c18d3d69decd46a82c84,CL:1000718,Kidney.kidney inner medulla collecting duct principal cell,721,19462,3.7
e901621d0400c18d3d69decd46a82c84,CL:4030012,Kidney.kidney loop of Henle short descending thin limb epithelial cell,382,19462,1.96
e901621d0400c18d3d69decd46a82c84,CL:1000714,Kidney.kidney cortex collecting duct principal cell,381,19462,1.96
e901621d0400c18d3d69decd46a82c84,CL:0000653,Kidney.podocyte,374,19462,1.92
e901621d0400c18d3d69decd46a82c84,CL:1001033,Kidney.peritubular capillary endothelial cell,221,19462,1.14
e901621d0400c18d3d69decd46a82c84,CL:1001108,Kidney.kidney loop of Henle medullary thick ascending limb epithelial cell,189,19462,0.97
e901621d0400c18d3d69decd46a82c84,CL:1001107,Kidney.kidney loop of Henle thin ascending limb epithelial cell,168,19462,0.86
e901621d0400c18d3d69decd46a82c84,CL:4030013,Kidney.kidney loop of Henle long descending thin limb outer medulla epithelial cell,157,19462,0.81
e901621d0400c18d3d69decd46a82c84,CL:1001005,Kidney.glomerular capillary endothelial cell,139,19462,0.71
e901621d0400c18d3d69decd46a82c84,CL:1001318,Kidney.renal interstitial pericyte,114,19462,0.59
e901621d0400c18d3d69decd46a82c84,CL:4030017,Kidney.epithelial cell of late distal convoluted tubule,108,19462,0.55
e901621d0400c18d3d69decd46a82c84,CL:1001131,Kidney.vasa recta ascending limb cell,107,19462,0.55
e901621d0400c18d3d69decd46a82c84,CL:1000717,Kidney.kidney outer medulla collecting duct intercalated cell,87,19462,0.45
e901621d0400c18d3d69decd46a82c84,CL:1000850,Kidney.macula densa epithelial cell,78,19462,0.4
e901621d0400c18d3d69decd46a82c84,CL:1000715,Kidney.kidney cortex collecting duct intercalated cell,73,19462,0.38
e901621d0400c18d3d69decd46a82c84,CL:4030018,Kidney.kidney connecting tubule principal cell,66,19462,0.34
e901621d0400c18d3d69decd46a82c84,CL:0002201,Kidney.renal beta-intercalated cell,65,19462,0.33
e901621d0400c18d3d69decd46a82c84,CL:1000698,Kidney.kidney resident macrophage,49,19462,0.25
e901621d0400c18d3d69decd46a82c84,CL:4030022,Kidney.renal medullary fibroblast,39,19462,0.2
e901621d0400c18d3d69decd46a82c84,CL:4030014,Kidney.kidney loop of Henle long descending thin limb inner medulla epithelial cell,38,19462,0.2
e901621d0400c18d3d69decd46a82c84,CL:1000452,Kidney.parietal epithelial cell,32,19462,0.16
e901621d0400c18d3d69decd46a82c84,CL:1001285,Kidney.vasa recta descending limb cell,32,19462,0.16
e901621d0400c18d3d69decd46a82c84,CL:1000716,Kidney.kidney outer medulla collecting duct principal cell,19,19462,0.1
e901621d0400c18d3d69decd46a82c84,CL:1000412,Kidney.endothelial cell of arteriole,17,19462,0.09
e901621d0400c18d3d69decd46a82c84,CL:0000990,Kidney.conventional dendritic cell,8,19462,0.04
e901621d0400c18d3d69decd46a82c84,CL:0000650,Kidney.mesangial cell,7,19462,0.04
e901621d0400c18d3d69decd46a82c84,CL:1000597,Kidney.papillary tips cell,6,19462,0.03
e901621d0400c18d3d69decd46a82c84,CL:0002138,Kidney.endothelial cell of lymphatic vessel,4,19462,0.02
e901621d0400c18d3d69decd46a82c84,CL:0011031,Kidney.monocyte-derived dendritic cell,3,19462,0.02
e901621d0400c18d3d69decd46a82c84,CL:4030010,Kidney.epithelial cell of proximal tubule segment 2,2,19462,0.01
e901621d0400c18d3d69decd46a82c84,CL:0000084,Kidney.T cell,1,19462,0.01
e901621d0400c18d3d69decd46a82c84,CL:0000236,Kidney.B cell,1,19462,0.01
e901621d0400c18d3d69decd46a82c84,CL:0000648,Kidney.kidney granular cell,1,19462,0.01
e901621d0400c18d3d69decd46a82c84,CL:4030020,Kidney.kidney connecting tubule alpha-intercalated cell,1,19462,0.01
e901621d0400c18d3d69decd46a82c84,CL:0000875,Kidney.non-classical monocyte,1,19462,0.01
e901621d0400c18d3d69decd46a82c84,CL:0000097,Kidney.mast cell,1,19462,0.01
e901621d0400c18d3d69decd46a82c84,CL:0000775,Kidney.neutrophil,1,19462,0.01
2e4ae8b2f845f62e77cea46ef074981c,CL:1001109,Kidney.kidney loop of Henle cortical thick ascending limb epithelial cell,11402,20570,55.43
2e4ae8b2f845f62e77cea46ef074981c,CL:4030009,Kidney.epithelial cell of proximal tubule segment 1,2185,20570,10.62
2e4ae8b2f845f62e77cea46ef074981c,CL:4030011,Kidney.epithelial cell of proximal tubule segment 3,1420,20570,6.9
2e4ae8b2f845f62e77cea46ef074981c,CL:4030016,Kidney.epithelial cell of early distal convoluted tubule,1404,20570,6.83
2e4ae8b2f845f62e77cea46ef074981c,CL:0000057,Kidney.kidney interstitial fibroblast,829,20570,4.03
2e4ae8b2f845f62e77cea46ef074981c,CL:0000653,Kidney.podocyte,414,20570,2.01
2e4ae8b2f845f62e77cea46ef074981c,CL:1000714,Kidney.kidney cortex collecting duct principal cell,405,20570,1.97
2e4ae8b2f845f62e77cea46ef074981c,CL:1000768,Kidney.kidney connecting tubule epithelial cell,357,20570,1.74
2e4ae8b2f845f62e77cea46ef074981c,CL:1000718,Kidney.kidney inner medulla collecting duct principal cell,333,20570,1.62
2e4ae8b2f845f62e77cea46ef074981c,CL:1001005,Kidney.glomerular capillary endothelial cell,259,20570,1.26
2e4ae8b2f845f62e77cea46ef074981c,CL:1001108,Kidney.kidney loop of Henle medullary thick ascending limb epithelial cell,182,20570,0.88
2e4ae8b2f845f62e77cea46ef074981c,CL:1001318,Kidney.renal interstitial pericyte,165,20570,0.8
2e4ae8b2f845f62e77cea46ef074981c,CL:4030012,Kidney.kidney loop of Henle short descending thin limb epithelial cell,155,20570,0.75
2e4ae8b2f845f62e77cea46ef074981c,CL:1001131,Kidney.vasa recta ascending limb cell,136,20570,0.66
2e4ae8b2f845f62e77cea46ef074981c,CL:1001033,Kidney.peritubular capillary endothelial cell,126,20570,0.61
2e4ae8b2f845f62e77cea46ef074981c,CL:1001107,Kidney.kidney loop of Henle thin ascending limb epithelial cell,102,20570,0.5
2e4ae8b2f845f62e77cea46ef074981c,CL:4030013,Kidney.kidney loop of Henle long descending thin limb outer medulla epithelial cell,100,20570,0.49
2e4ae8b2f845f62e77cea46ef074981c,CL:4030018,Kidney.kidney connecting tubule principal cell,76,20570,0.37
2e4ae8b2f845f62e77cea46ef074981c,CL:1000717,Kidney.kidney outer medulla collecting duct intercalated cell,75,20570,0.36
2e4ae8b2f845f62e77cea46ef074981c,CL:0002201,Kidney.renal beta-intercalated cell,72,20570,0.35
2e4ae8b2f845f62e77cea46ef074981c,CL:4030017,Kidney.epithelial cell of late distal convoluted tubule,66,20570,0.32
2e4ae8b2f845f62e77cea46ef074981c,CL:4030022,Kidney.renal medullary fibroblast,61,20570,0.3
2e4ae8b2f845f62e77cea46ef074981c,CL:1001285,Kidney.vasa recta descending limb cell,38,20570,0.18
2e4ae8b2f845f62e77cea46ef074981c,CL:0000650,Kidney.mesangial cell,30,20570,0.15
2e4ae8b2f845f62e77cea46ef074981c,CL:4030014,Kidney.kidney loop of Henle long descending thin limb inner medulla epithelial cell,30,20570,0.15
2e4ae8b2f845f62e77cea46ef074981c,CL:1000412,Kidney.endothelial cell of arteriole,25,20570,0.12
2e4ae8b2f845f62e77cea46ef074981c,CL:1000850,Kidney.macula densa epithelial cell,25,20570,0.12
2e4ae8b2f845f62e77cea46ef074981c,CL:1000715,Kidney.kidney cortex collecting duct intercalated cell,24,20570,0.12
2e4ae8b2f845f62e77cea46ef074981c,CL:1000452,Kidney.parietal epithelial cell,22,20570,0.11
2e4ae8b2f845f62e77cea46ef074981c,CL:1000698,Kidney.kidney resident macrophage,21,20570,0.1
2e4ae8b2f845f62e77cea46ef074981c,CL:0011031,Kidney.monocyte-derived dendritic cell,6,20570,0.03
2e4ae8b2f845f62e77cea46ef074981c,CL:1000716,Kidney.kidney outer medulla collecting duct principal cell,5,20570,0.02
2e4ae8b2f845f62e77cea46ef074981c,CL:0000990,Kidney.conventional dendritic cell,5,20570,0.02
2e4ae8b2f845f62e77cea46ef074981c,CL:0000084,Kidney.T cell,4,20570,0.02
2e4ae8b2f845f62e77cea46ef074981c,CL:1000597,Kidney.papillary tips cell,4,20570,0.02
2e4ae8b2f845f62e77cea46ef074981c,CL:4030020,Kidney.kidney connecting tubule alpha-intercalated cell,4,20570,0.02
2e4ae8b2f845f62e77cea46ef074981c,CL:4030010,Kidney.epithelial cell of proximal tubule segment 2,2,20570,0.01
2e4ae8b2f845f62e77cea46ef074981c,CL:0002138,Kidney.endothelial cell of lymphatic vessel,1,20570,0.0
b07a1fb96ddc2d4119e1f9a73d9c0a6a,CL:1001109,Kidney.kidney loop of Henle cortical thick ascending limb epithelial cell,4541,16413,27.67
b07a1fb96ddc2d4119e1f9a73d9c0a6a,CL:4030009,Kidney.epithelial cell of proximal tubule segment 1,2052,16413,12.5
b07a1fb96ddc2d4119e1f9a73d9c0a6a,CL:4030011,Kidney.epithelial cell of proximal tubule segment 3,1962,16413,11.95
b07a1fb96ddc2d4119e1f9a73d9c0a6a,CL:0000057,Kidney.kidney interstitial fibroblast,1518,16413,9.25
b07a1fb96ddc2d4119e1f9a73d9c0a6a,CL:4030016,Kidney.epithelial cell of early distal convoluted tubule,1185,16413,7.22
b07a1fb96ddc2d4119e1f9a73d9c0a6a,CL:1000768,Kidney.kidney connecting tubule epithelial cell,942,16413,5.74
b07a1fb96ddc2d4119e1f9a73d9c0a6a,CL:1000718,Kidney.kidney inner medulla collecting duct principal cell,600,16413,3.66
b07a1fb96ddc2d4119e1f9a73d9c0a6a,CL:0000653,Kidney.podocyte,412,16413,2.51
b07a1fb96ddc2d4119e1f9a73d9c0a6a,CL:1000714,Kidney.kidney cortex collecting duct principal cell,397,16413,2.42
b07a1fb96ddc2d4119e1f9a73d9c0a6a,CL:1001033,Kidney.peritubular capillary endothelial cell,311,16413,1.89
b07a1fb96ddc2d4119e1f9a73d9c0a6a,CL:1001005,Kidney.glomerular capillary endothelial cell,295,16413,1.8
b07a1fb96ddc2d4119e1f9a73d9c0a6a,CL:4030012,Kidney.kidney loop of Henle short descending thin limb epithelial cell,274,16413,1.67
b07a1fb96ddc2d4119e1f9a73d9c0a6a,CL:1000717,Kidney.kidney outer medulla collecting duct intercalated cell,202,16413,1.23
b07a1fb96ddc2d4119e1f9a73d9c0a6a,CL:1001318,Kidney.renal interstitial pericyte,181,16413,1.1
b07a1fb96ddc2d4119e1f9a73d9c0a6a,CL:4030013,Kidney.kidney loop of Henle long descending thin limb outer medulla epithelial cell,163,16413,0.99
b07a1fb96ddc2d4119e1f9a73d9c0a6a,CL:1001107,Kidney.kidney loop of Henle thin ascending limb epithelial cell,160,16413,0.97
b07a1fb96ddc2d4119e1f9a73d9c0a6a,CL:1001108,Kidney.kidney loop of Henle medullary thick ascending limb epithelial cell,148,16413,0.9
b07a1fb96ddc2d4119e1f9a73d9c0a6a,CL:0002201,Kidney.renal beta-intercalated cell,144,16413,0.88
b07a1fb96ddc2d4119e1f9a73d9c0a6a,CL:1000715,Kidney.kidney cortex collecting duct intercalated cell,142,16413,0.87
b07a1fb96ddc2d4119e1f9a73d9c0a6a,CL:4030018,Kidney.kidney connecting tubule principal cell,121,16413,0.74
b07a1fb96ddc2d4119e1f9a73d9c0a6a,CL:1001131,Kidney.vasa recta ascending limb cell,111,16413,0.68
b07a1fb96ddc2d4119e1f9a73d9c0a6a,CL:1000850,Kidney.macula densa epithelial cell,101,16413,0.62
b07a1fb96ddc2d4119e1f9a73d9c0a6a,CL:1001285,Kidney.vasa recta descending limb cell,67,16413,0.41
b07a1fb96ddc2d4119e1f9a73d9c0a6a,CL:1000698,Kidney.kidney resident macrophage,60,16413,0.37
b07a1fb96ddc2d4119e1f9a73d9c0a6a,CL:0000990,Kidney.conventional dendritic cell,57,16413,0.35
b07a1fb96ddc2d4119e1f9a73d9c0a6a,CL:1000412,Kidney.endothelial cell of arteriole,54,16413,0.33
b07a1fb96ddc2d4119e1f9a73d9c0a6a,CL:1000452,Kidney.parietal epithelial cell,49,16413,0.3
b07a1fb96ddc2d4119e1f9a73d9c0a6a,CL:4030017,Kidney.epithelial cell of late distal convoluted tubule,42,16413,0.26
b07a1fb96ddc2d4119e1f9a73d9c0a6a,CL:4030014,Kidney.kidney loop of Henle long descending thin limb inner medulla epithelial cell,41,16413,0.25
b07a1fb96ddc2d4119e1f9a73d9c0a6a,CL:4030022,Kidney.renal medullary fibroblast,19,16413,0.12
b07a1fb96ddc2d4119e1f9a73d9c0a6a,CL:1000716,Kidney.kidney outer medulla collecting duct principal cell,17,16413,0.1
b07a1fb96ddc2d4119e1f9a73d9c0a6a,CL:0000650,Kidney.mesangial cell,13,16413,0.08
b07a1fb96ddc2d4119e1f9a73d9c0a6a,CL:1000597,Kidney.papillary tips cell,12,16413,0.07
b07a1fb96ddc2d4119e1f9a73d9c0a6a,CL:0002138,Kidney.endothelial cell of lymphatic vessel,6,16413,0.04
b07a1fb96ddc2d4119e1f9a73d9c0a6a,CL:0011031,Kidney.monocyte-derived dendritic cell,4,16413,0.02
b07a1fb96ddc2d4119e1f9a73d9c0a6a,CL:0000814,Kidney.mature NK T cell,3,16413,0.02
b07a1fb96ddc2d4119e1f9a73d9c0a6a,CL:0000084,Kidney.T cell,3,16413,0.02
b07a1fb96ddc2d4119e1f9a73d9c0a6a,CL:4030010,Kidney.epithelial cell of proximal tubule segment 2,1,16413,0.01
b07a1fb96ddc2d4119e1f9a73d9c0a6a,CL:4030020,Kidney.kidney connecting tubule alpha-intercalated cell,1,16413,0.01
b07a1fb96ddc2d4119e1f9a73d9c0a6a,CL:0000875,Kidney.non-classical monocyte,1,16413,0.01
b07a1fb96ddc2d4119e1f9a73d9c0a6a,CL:0000786,Kidney.plasma cell,1,16413,0.01
5f4e84e77fd0e4dec0c4d1cab468de15,CL:1001109,Kidney.kidney loop of Henle cortical thick ascending limb epithelial cell,5653,19452,29.06
5f4e84e77fd0e4dec0c4d1cab468de15,CL:4030011,Kidney.epithelial cell of proximal tubule segment 3,3246,19452,16.69
5f4e84e77fd0e4dec0c4d1cab468de15,CL:4030009,Kidney.epithelial cell of proximal tubule segment 1,2975,19452,15.29
5f4e84e77fd0e4dec0c4d1cab468de15,CL:4030016,Kidney.epithelial cell of early distal convoluted tubule,1472,19452,7.57
5f4e84e77fd0e4dec0c4d1cab468de15,CL:0000057,Kidney.kidney interstitial fibroblast,1374,19452,7.06
5f4e84e77fd0e4dec0c4d1cab468de15,CL:1000718,Kidney.kidney inner medulla collecting duct principal cell,768,19452,3.95
5f4e84e77fd0e4dec0c4d1cab468de15,CL:1000768,Kidney.kidney connecting tubule epithelial cell,543,19452,2.79
5f4e84e77fd0e4dec0c4d1cab468de15,CL:1000714,Kidney.kidney cortex collecting duct principal cell,480,19452,2.47
5f4e84e77fd0e4dec0c4d1cab468de15,CL:0000653,Kidney.podocyte,375,19452,1.93
5f4e84e77fd0e4dec0c4d1cab468de15,CL:4030012,Kidney.kidney loop of Henle short descending thin limb epithelial cell,290,19452,1.49
5f4e84e77fd0e4dec0c4d1cab468de15,CL:1001033,Kidney.peritubular capillary endothelial cell,266,19452,1.37
5f4e84e77fd0e4dec0c4d1cab468de15,CL:4030013,Kidney.kidney loop of Henle long descending thin limb outer medulla epithelial cell,235,19452,1.21
5f4e84e77fd0e4dec0c4d1cab468de15,CL:1001005,Kidney.glomerular capillary endothelial cell,222,19452,1.14
5f4e84e77fd0e4dec0c4d1cab468de15,CL:1001318,Kidney.renal interstitial pericyte,206,19452,1.06
5f4e84e77fd0e4dec0c4d1cab468de15,CL:4030022,Kidney.renal medullary fibroblast,185,19452,0.95
5f4e84e77fd0e4dec0c4d1cab468de15,CL:1001131,Kidney.vasa recta ascending limb cell,145,19452,0.75
5f4e84e77fd0e4dec0c4d1cab468de15,CL:1000698,Kidney.kidney resident macrophage,144,19452,0.74
5f4e84e77fd0e4dec0c4d1cab468de15,CL:1001108,Kidney.kidney loop of Henle medullary thick ascending limb epithelial cell,138,19452,0.71
5f4e84e77fd0e4dec0c4d1cab468de15,CL:0002201,Kidney.renal beta-intercalated cell,130,19452,0.67
5f4e84e77fd0e4dec0c4d1cab468de15,CL:1001107,Kidney.kidney loop of Henle thin ascending limb epithelial cell,111,19452,0.57
5f4e84e77fd0e4dec0c4d1cab468de15,CL:4030017,Kidney.epithelial cell of late distal convoluted tubule,90,19452,0.46
5f4e84e77fd0e4dec0c4d1cab468de15,CL:4030018,Kidney.kidney connecting tubule principal cell,61,19452,0.31
5f4e84e77fd0e4dec0c4d1cab468de15,CL:1001285,Kidney.vasa recta descending limb cell,52,19452,0.27
5f4e84e77fd0e4dec0c4d1cab468de15,CL:1000850,Kidney.macula densa epithelial cell,49,19452,0.25
5f4e84e77fd0e4dec0c4d1cab468de15,CL:1000412,Kidney.endothelial cell of arteriole,46,19452,0.24
5f4e84e77fd0e4dec0c4d1cab468de15,CL:1000715,Kidney.kidney cortex collecting duct intercalated cell,34,19452,0.17
5f4e84e77fd0e4dec0c4d1cab468de15,CL:4030014,Kidney.kidney loop of Henle long descending thin limb inner medulla epithelial cell,33,19452,0.17
5f4e84e77fd0e4dec0c4d1cab468de15,CL:1000452,Kidney.parietal epithelial cell,32,19452,0.16
5f4e84e77fd0e4dec0c4d1cab468de15,CL:1000717,Kidney.kidney outer medulla collecting duct intercalated cell,28,19452,0.14
5f4e84e77fd0e4dec0c4d1cab468de15,CL:0000990,Kidney.conventional dendritic cell,24,19452,0.12
5f4e84e77fd0e4dec0c4d1cab468de15,CL:0000650,Kidney.mesangial cell,13,19452,0.07
5f4e84e77fd0e4dec0c4d1cab468de15,CL:0011031,Kidney.monocyte-derived dendritic cell,12,19452,0.06
5f4e84e77fd0e4dec0c4d1cab468de15,CL:0000786,Kidney.plasma cell,6,19452,0.03
5f4e84e77fd0e4dec0c4d1cab468de15,CL:1000716,Kidney.kidney outer medulla collecting duct principal cell,5,19452,0.03
5f4e84e77fd0e4dec0c4d1cab468de15,CL:0000084,Kidney.T cell,4,19452,0.02
5f4e84e77fd0e4dec0c4d1cab468de15,CL:4030010,Kidney.epithelial cell of proximal tubule segment 2,2,19452,0.01
5f4e84e77fd0e4dec0c4d1cab468de15,CL:0000648,Kidney.kidney granular cell,1,19452,0.01
5f4e84e77fd0e4dec0c4d1cab468de15,CL:4030020,Kidney.kidney connecting tubule alpha-intercalated cell,1,19452,0.01
5f4e84e77fd0e4dec0c4d1cab468de15,CL:0000875,Kidney.non-classical monocyte,1,19452,0.01
7c8c57d0d7f39d680f30587cc2c91c64,CL:1001109,Kidney.kidney loop of Henle cortical thick ascending limb epithelial cell,8653,17064,50.71
7c8c57d0d7f39d680f30587cc2c91c64,CL:4030009,Kidney.epithelial cell of proximal tubule segment 1,1740,17064,10.2
7c8c57d0d7f39d680f30587cc2c91c64,CL:4030011,Kidney.epithelial cell of proximal tubule segment 3,1137,17064,6.66
7c8c57d0d7f39d680f30587cc2c91c64,CL:4030016,Kidney.epithelial cell of early distal convoluted tubule,1017,17064,5.96
7c8c57d0d7f39d680f30587cc2c91c64,CL:0000057,Kidney.kidney interstitial fibroblast,693,17064,4.06
7c8c57d0d7f39d680f30587cc2c91c64,CL:1000714,Kidney.kidney cortex collecting duct principal cell,523,17064,3.06
7c8c57d0d7f39d680f30587cc2c91c64,CL:1000718,Kidney.kidney inner medulla collecting duct principal cell,498,17064,2.92
7c8c57d0d7f39d680f30587cc2c91c64,CL:1000768,Kidney.kidney connecting tubule epithelial cell,440,17064,2.58
7c8c57d0d7f39d680f30587cc2c91c64,CL:0000653,Kidney.podocyte,289,17064,1.69
7c8c57d0d7f39d680f30587cc2c91c64,CL:1001033,Kidney.peritubular capillary endothelial cell,256,17064,1.5
7c8c57d0d7f39d680f30587cc2c91c64,CL:1001005,Kidney.glomerular capillary endothelial cell,242,17064,1.42
7c8c57d0d7f39d680f30587cc2c91c64,CL:4030012,Kidney.kidney loop of Henle short descending thin limb epithelial cell,238,17064,1.39
7c8c57d0d7f39d680f30587cc2c91c64,CL:1001108,Kidney.kidney loop of Henle medullary thick ascending limb epithelial cell,219,17064,1.28
7c8c57d0d7f39d680f30587cc2c91c64,CL:1001107,Kidney.kidney loop of Henle thin ascending limb epithelial cell,118,17064,0.69
7c8c57d0d7f39d680f30587cc2c91c64,CL:4030017,Kidney.epithelial cell of late distal convoluted tubule,118,17064,0.69
7c8c57d0d7f39d680f30587cc2c91c64,CL:1001318,Kidney.renal interstitial pericyte,112,17064,0.66
7c8c57d0d7f39d680f30587cc2c91c64,CL:0002201,Kidney.renal beta-intercalated cell,106,17064,0.62
7c8c57d0d7f39d680f30587cc2c91c64,CL:4030013,Kidney.kidney loop of Henle long descending thin limb outer medulla epithelial cell,100,17064,0.59
7c8c57d0d7f39d680f30587cc2c91c64,CL:4030014,Kidney.kidney loop of Henle long descending thin limb inner medulla epithelial cell,93,17064,0.55
7c8c57d0d7f39d680f30587cc2c91c64,CL:1001131,Kidney.vasa recta ascending limb cell,76,17064,0.45
7c8c57d0d7f39d680f30587cc2c91c64,CL:1000717,Kidney.kidney outer medulla collecting duct intercalated cell,71,17064,0.42
7c8c57d0d7f39d680f30587cc2c91c64,CL:1000452,Kidney.parietal epithelial cell,52,17064,0.3
7c8c57d0d7f39d680f30587cc2c91c64,CL:1001285,Kidney.vasa recta descending limb cell,45,17064,0.26
7c8c57d0d7f39d680f30587cc2c91c64,CL:1000698,Kidney.kidney resident macrophage,30,17064,0.18
7c8c57d0d7f39d680f30587cc2c91c64,CL:4030022,Kidney.renal medullary fibroblast,26,17064,0.15
7c8c57d0d7f39d680f30587cc2c91c64,CL:1000716,Kidney.kidney outer medulla collecting duct principal cell,26,17064,0.15
7c8c57d0d7f39d680f30587cc2c91c64,CL:4030018,Kidney.kidney connecting tubule principal cell,24,17064,0.14
7c8c57d0d7f39d680f30587cc2c91c64,CL:1000850,Kidney.macula densa epithelial cell,24,17064,0.14
7c8c57d0d7f39d680f30587cc2c91c64,CL:1000715,Kidney.kidney cortex collecting duct intercalated cell,19,17064,0.11
7c8c57d0d7f39d680f30587cc2c91c64,CL:1000412,Kidney.endothelial cell of arteriole,18,17064,0.11
7c8c57d0d7f39d680f30587cc2c91c64,CL:0000990,Kidney.conventional dendritic cell,15,17064,0.09
7c8c57d0d7f39d680f30587cc2c91c64,CL:0000650,Kidney.mesangial cell,13,17064,0.08
7c8c57d0d7f39d680f30587cc2c91c64,CL:0011031,Kidney.monocyte-derived dendritic cell,7,17064,0.04
7c8c57d0d7f39d680f30587cc2c91c64,CL:4030010,Kidney.epithelial cell of proximal tubule segment 2,5,17064,0.03
7c8c57d0d7f39d680f30587cc2c91c64,CL:0000786,Kidney.plasma cell,5,17064,0.03
7c8c57d0d7f39d680f30587cc2c91c64,CL:1000597,Kidney.papillary tips cell,4,17064,0.02
7c8c57d0d7f39d680f30587cc2c91c64,CL:0000236,Kidney.B cell,3,17064,0.02
7c8c57d0d7f39d680f30587cc2c91c64,CL:0000875,Kidney.non-classical monocyte,3,17064,0.02
7c8c57d0d7f39d680f30587cc2c91c64,CL:0002138,Kidney.endothelial cell of lymphatic vessel,2,17064,0.01
7c8c57d0d7f39d680f30587cc2c91c64,CL:4030020,Kidney.kidney connecting tubule alpha-intercalated cell,2,17064,0.01
7c8c57d0d7f39d680f30587cc2c91c64,CL:0000775,Kidney.neutrophil,2,17064,0.01
dab09765ac710804749b195462381b32,CL:1001109,Kidney.kidney loop of Henle cortical thick ascending limb epithelial cell,10151,22795,44.53
dab09765ac710804749b195462381b32,CL:4030009,Kidney.epithelial cell of proximal tubule segment 1,2939,22795,12.89
dab09765ac710804749b195462381b32,CL:4030011,Kidney.epithelial cell of proximal tubule segment 3,2606,22795,11.43
dab09765ac710804749b195462381b32,CL:0000057,Kidney.kidney interstitial fibroblast,1476,22795,6.48
dab09765ac710804749b195462381b32,CL:4030016,Kidney.epithelial cell of early distal convoluted tubule,1126,22795,4.94
dab09765ac710804749b195462381b32,CL:1000768,Kidney.kidney connecting tubule epithelial cell,669,22795,2.93
dab09765ac710804749b195462381b32,CL:1000714,Kidney.kidney cortex collecting duct principal cell,624,22795,2.74
dab09765ac710804749b195462381b32,CL:0000653,Kidney.podocyte,416,22795,1.82
dab09765ac710804749b195462381b32,CL:1000718,Kidney.kidney inner medulla collecting duct principal cell,347,22795,1.52
dab09765ac710804749b195462381b32,CL:1001318,Kidney.renal interstitial pericyte,281,22795,1.23
dab09765ac710804749b195462381b32,CL:1001033,Kidney.peritubular capillary endothelial cell,264,22795,1.16
dab09765ac710804749b195462381b32,CL:4030012,Kidney.kidney loop of Henle short descending thin limb epithelial cell,256,22795,1.12
dab09765ac710804749b195462381b32,CL:1001005,Kidney.glomerular capillary endothelial cell,208,22795,0.91
dab09765ac710804749b195462381b32,CL:4030013,Kidney.kidney loop of Henle long descending thin limb outer medulla epithelial cell,191,22795,0.84
dab09765ac710804749b195462381b32,CL:1001108,Kidney.kidney loop of Henle medullary thick ascending limb epithelial cell,157,22795,0.69
dab09765ac710804749b195462381b32,CL:1001107,Kidney.kidney loop of Henle thin ascending limb epithelial cell,145,22795,0.64
dab09765ac710804749b195462381b32,CL:0002201,Kidney.renal beta-intercalated cell,140,22795,0.61
dab09765ac710804749b195462381b32,CL:4030017,Kidney.epithelial cell of late distal convoluted tubule,96,22795,0.42
dab09765ac710804749b195462381b32,CL:1000850,Kidney.macula densa epithelial cell,84,22795,0.37
dab09765ac710804749b195462381b32,CL:1001285,Kidney.vasa recta descending limb cell,72,22795,0.32
dab09765ac710804749b195462381b32,CL:1001131,Kidney.vasa recta ascending limb cell,69,22795,0.3
dab09765ac710804749b195462381b32,CL:0000990,Kidney.conventional dendritic cell,62,22795,0.27
dab09765ac710804749b195462381b32,CL:1000717,Kidney.kidney outer medulla collecting duct intercalated cell,60,22795,0.26
dab09765ac710804749b195462381b32,CL:1000698,Kidney.kidney resident macrophage,56,22795,0.25
dab09765ac710804749b195462381b32,CL:4030018,Kidney.kidney connecting tubule principal cell,56,22795,0.25
dab09765ac710804749b195462381b32,CL:1000412,Kidney.endothelial cell of arteriole,54,22795,0.24
dab09765ac710804749b195462381b32,CL:1000715,Kidney.kidney cortex collecting duct intercalated cell,51,22795,0.22
dab09765ac710804749b195462381b32,CL:1000452,Kidney.parietal epithelial cell,48,22795,0.21
dab09765ac710804749b195462381b32,CL:4030022,Kidney.renal medullary fibroblast,20,22795,0.09
dab09765ac710804749b195462381b32,CL:0000650,Kidney.mesangial cell,17,22795,0.07
dab09765ac710804749b195462381b32,CL:1000716,Kidney.kidney outer medulla collecting duct principal cell,16,22795,0.07
dab09765ac710804749b195462381b32,CL:4030014,Kidney.kidney loop of Henle long descending thin limb inner medulla epithelial cell,15,22795,0.07
dab09765ac710804749b195462381b32,CL:0000786,Kidney.plasma cell,8,22795,0.04
dab09765ac710804749b195462381b32,CL:1000597,Kidney.papillary tips cell,4,22795,0.02
dab09765ac710804749b195462381b32,CL:0000097,Kidney.mast cell,2,22795,0.01
dab09765ac710804749b195462381b32,CL:0000084,Kidney.T cell,2,22795,0.01
dab09765ac710804749b195462381b32,CL:0000236,Kidney.B cell,2,22795,0.01
dab09765ac710804749b195462381b32,CL:0000875,Kidney.non-classical monocyte,2,22795,0.01
dab09765ac710804749b195462381b32,CL:0002138,Kidney.endothelial cell of lymphatic vessel,1,22795,0.0
dab09765ac710804749b195462381b32,CL:4030010,Kidney.epithelial cell of proximal tubule segment 2,1,22795,0.0
dab09765ac710804749b195462381b32,CL:0011031,Kidney.monocyte-derived dendritic cell,1,22795,0.0
674116f3bb6c85dc933ea4ce6ffab05f,CL:1001109,Kidney.kidney loop of Henle cortical thick ascending limb epithelial cell,3859,17755,21.73
674116f3bb6c85dc933ea4ce6ffab05f,CL:4030009,Kidney.epithelial cell of proximal tubule segment 1,2684,17755,15.12
674116f3bb6c85dc933ea4ce6ffab05f,CL:4030016,Kidney.epithelial cell of early distal convoluted tubule,1835,17755,10.34
674116f3bb6c85dc933ea4ce6ffab05f,CL:0000057,Kidney.kidney interstitial fibroblast,1598,17755,9.0
674116f3bb6c85dc933ea4ce6ffab05f,CL:4030011,Kidney.epithelial cell of proximal tubule segment 3,1546,17755,8.71
674116f3bb6c85dc933ea4ce6ffab05f,CL:1000768,Kidney.kidney connecting tubule epithelial cell,978,17755,5.51
674116f3bb6c85dc933ea4ce6ffab05f,CL:1000718,Kidney.kidney inner medulla collecting duct principal cell,837,17755,4.71
674116f3bb6c85dc933ea4ce6ffab05f,CL:0000653,Kidney.podocyte,748,17755,4.21
674116f3bb6c85dc933ea4ce6ffab05f,CL:1001108,Kidney.kidney loop of Henle medullary thick ascending limb epithelial cell,572,17755,3.22
674116f3bb6c85dc933ea4ce6ffab05f,CL:1000714,Kidney.kidney cortex collecting duct principal cell,377,17755,2.12
674116f3bb6c85dc933ea4ce6ffab05f,CL:1001131,Kidney.vasa recta ascending limb cell,330,17755,1.86
674116f3bb6c85dc933ea4ce6ffab05f,CL:4030012,Kidney.kidney loop of Henle short descending thin limb epithelial cell,308,17755,1.73
674116f3bb6c85dc933ea4ce6ffab05f,CL:1001005,Kidney.glomerular capillary endothelial cell,262,17755,1.48
674116f3bb6c85dc933ea4ce6ffab05f,CL:1001033,Kidney.peritubular capillary endothelial cell,217,17755,1.22
674116f3bb6c85dc933ea4ce6ffab05f,CL:1000717,Kidney.kidney outer medulla collecting duct intercalated cell,211,17755,1.19
674116f3bb6c85dc933ea4ce6ffab05f,CL:1001318,Kidney.renal interstitial pericyte,204,17755,1.15
674116f3bb6c85dc933ea4ce6ffab05f,CL:1001107,Kidney.kidney loop of Henle thin ascending limb epithelial cell,159,17755,0.9
674116f3bb6c85dc933ea4ce6ffab05f,CL:0000650,Kidney.mesangial cell,158,17755,0.89
674116f3bb6c85dc933ea4ce6ffab05f,CL:1000715,Kidney.kidney cortex collecting duct intercalated cell,115,17755,0.65
674116f3bb6c85dc933ea4ce6ffab05f,CL:4030014,Kidney.kidney loop of Henle long descending thin limb inner medulla epithelial cell,114,17755,0.64
674116f3bb6c85dc933ea4ce6ffab05f,CL:0002201,Kidney.renal beta-intercalated cell,102,17755,0.57
674116f3bb6c85dc933ea4ce6ffab05f,CL:4030017,Kidney.epithelial cell of late distal convoluted tubule,94,17755,0.53
674116f3bb6c85dc933ea4ce6ffab05f,CL:4030013,Kidney.kidney loop of Henle long descending thin limb outer medulla epithelial cell,81,17755,0.46
674116f3bb6c85dc933ea4ce6ffab05f,CL:1000452,Kidney.parietal epithelial cell,63,17755,0.35
674116f3bb6c85dc933ea4ce6ffab05f,CL:1001285,Kidney.vasa recta descending limb cell,58,17755,0.33
674116f3bb6c85dc933ea4ce6ffab05f,CL:1000412,Kidney.endothelial cell of arteriole,51,17755,0.29
674116f3bb6c85dc933ea4ce6ffab05f,CL:1000698,Kidney.kidney resident macrophage,44,17755,0.25
674116f3bb6c85dc933ea4ce6ffab05f,CL:4030018,Kidney.kidney connecting tubule principal cell,42,17755,0.24
674116f3bb6c85dc933ea4ce6ffab05f,CL:4030022,Kidney.renal medullary fibroblast,37,17755,0.21
674116f3bb6c85dc933ea4ce6ffab05f,CL:1000850,Kidney.macula densa epithelial cell,23,17755,0.13
674116f3bb6c85dc933ea4ce6ffab05f,CL:1000716,Kidney.kidney outer medulla collecting duct principal cell,20,17755,0.11
674116f3bb6c85dc933ea4ce6ffab05f,CL:0000990,Kidney.conventional dendritic cell,10,17755,0.06
674116f3bb6c85dc933ea4ce6ffab05f,CL:4030020,Kidney.kidney connecting tubule alpha-intercalated cell,6,17755,0.03
674116f3bb6c85dc933ea4ce6ffab05f,CL:1000597,Kidney.papillary tips cell,3,17755,0.02
674116f3bb6c85dc933ea4ce6ffab05f,CL:0011031,Kidney.monocyte-derived dendritic cell,2,17755,0.01
674116f3bb6c85dc933ea4ce6ffab05f,CL:4030010,Kidney.epithelial cell of proximal tubule segment 2,1,17755,0.01
674116f3bb6c85dc933ea4ce6ffab05f,CL:0000084,Kidney.T cell,1,17755,0.01
674116f3bb6c85dc933ea4ce6ffab05f,CL:0002138,Kidney.endothelial cell of lymphatic vessel,1,17755,0.01
674116f3bb6c85dc933ea4ce6ffab05f,CL:0000875,Kidney.non-classical monocyte,1,17755,0.01
674116f3bb6c85dc933ea4ce6ffab05f,CL:0000814,Kidney.mature NK T cell,1,17755,0.01
674116f3bb6c85dc933ea4ce6ffab05f,CL:0000097,Kidney.mast cell,1,17755,0.01
674116f3bb6c85dc933ea4ce6ffab05f,CL:0000786,Kidney.plasma cell,1,17755,0.01
8464b75a88e33b69027c39b0c3f43b2f,CL:1001109,Kidney.kidney loop of Henle cortical thick ascending limb epithelial cell,6765,18539,36.49
8464b75a88e33b69027c39b0c3f43b2f,CL:4030009,Kidney.epithelial cell of proximal tubule segment 1,2788,18539,15.04
8464b75a88e33b69027c39b0c3f43b2f,CL:4030016,Kidney.epithelial cell of early distal convoluted tubule,1571,18539,8.47
8464b75a88e33b69027c39b0c3f43b2f,CL:0000057,Kidney.kidney interstitial fibroblast,1305,18539,7.04
8464b75a88e33b69027c39b0c3f43b2f,CL:4030011,Kidney.epithelial cell of proximal tubule segment 3,1251,18539,6.75
8464b75a88e33b69027c39b0c3f43b2f,CL:1001108,Kidney.kidney loop of Henle medullary thick ascending limb epithelial cell,611,18539,3.3
8464b75a88e33b69027c39b0c3f43b2f,CL:0000653,Kidney.podocyte,607,18539,3.27
8464b75a88e33b69027c39b0c3f43b2f,CL:1000768,Kidney.kidney connecting tubule epithelial cell,594,18539,3.2
8464b75a88e33b69027c39b0c3f43b2f,CL:1000714,Kidney.kidney cortex collecting duct principal cell,526,18539,2.84
8464b75a88e33b69027c39b0c3f43b2f,CL:1000718,Kidney.kidney inner medulla collecting duct principal cell,421,18539,2.27
8464b75a88e33b69027c39b0c3f43b2f,CL:1001033,Kidney.peritubular capillary endothelial cell,338,18539,1.82
8464b75a88e33b69027c39b0c3f43b2f,CL:1001005,Kidney.glomerular capillary endothelial cell,302,18539,1.63
8464b75a88e33b69027c39b0c3f43b2f,CL:1001318,Kidney.renal interstitial pericyte,174,18539,0.94
8464b75a88e33b69027c39b0c3f43b2f,CL:4030012,Kidney.kidney loop of Henle short descending thin limb epithelial cell,164,18539,0.88
8464b75a88e33b69027c39b0c3f43b2f,CL:1000717,Kidney.kidney outer medulla collecting duct intercalated cell,159,18539,0.86
8464b75a88e33b69027c39b0c3f43b2f,CL:1001131,Kidney.vasa recta ascending limb cell,155,18539,0.84
8464b75a88e33b69027c39b0c3f43b2f,CL:0002201,Kidney.renal beta-intercalated cell,101,18539,0.54
8464b75a88e33b69027c39b0c3f43b2f,CL:4030017,Kidney.epithelial cell of late distal convoluted tubule,99,18539,0.53
8464b75a88e33b69027c39b0c3f43b2f,CL:4030014,Kidney.kidney loop of Henle long descending thin limb inner medulla epithelial cell,79,18539,0.43
8464b75a88e33b69027c39b0c3f43b2f,CL:1001107,Kidney.kidney loop of Henle thin ascending limb epithelial cell,70,18539,0.38
8464b75a88e33b69027c39b0c3f43b2f,CL:4030013,Kidney.kidney loop of Henle long descending thin limb outer medulla epithelial cell,70,18539,0.38
8464b75a88e33b69027c39b0c3f43b2f,CL:1000715,Kidney.kidney cortex collecting duct intercalated cell,65,18539,0.35
8464b75a88e33b69027c39b0c3f43b2f,CL:1001285,Kidney.vasa recta descending limb cell,64,18539,0.35
8464b75a88e33b69027c39b0c3f43b2f,CL:1000698,Kidney.kidney resident macrophage,51,18539,0.28
8464b75a88e33b69027c39b0c3f43b2f,CL:4030018,Kidney.kidney connecting tubule principal cell,42,18539,0.23
8464b75a88e33b69027c39b0c3f43b2f,CL:0000650,Kidney.mesangial cell,36,18539,0.19
8464b75a88e33b69027c39b0c3f43b2f,CL:1000452,Kidney.parietal epithelial cell,29,18539,0.16
8464b75a88e33b69027c39b0c3f43b2f,CL:1000850,Kidney.macula densa epithelial cell,27,18539,0.15
8464b75a88e33b69027c39b0c3f43b2f,CL:4030022,Kidney.renal medullary fibroblast,27,18539,0.15
8464b75a88e33b69027c39b0c3f43b2f,CL:1000716,Kidney.kidney outer medulla collecting duct principal cell,18,18539,0.1
8464b75a88e33b69027c39b0c3f43b2f,CL:1000412,Kidney.endothelial cell of arteriole,12,18539,0.06
8464b75a88e33b69027c39b0c3f43b2f,CL:1000597,Kidney.papillary tips cell,5,18539,0.03
8464b75a88e33b69027c39b0c3f43b2f,CL:0011031,Kidney.monocyte-derived dendritic cell,3,18539,0.02
8464b75a88e33b69027c39b0c3f43b2f,CL:4030020,Kidney.kidney connecting tubule alpha-intercalated cell,3,18539,0.02
8464b75a88e33b69027c39b0c3f43b2f,CL:0000990,Kidney.conventional dendritic cell,2,18539,0.01
8464b75a88e33b69027c39b0c3f43b2f,CL:0000097,Kidney.mast cell,2,18539,0.01
8464b75a88e33b69027c39b0c3f43b2f,CL:0000084,Kidney.T cell,1,18539,0.01
8464b75a88e33b69027c39b0c3f43b2f,CL:4030010,Kidney.epithelial cell of proximal tubule segment 2,1,18539,0.01
8464b75a88e33b69027c39b0c3f43b2f,CL:0000648,Kidney.kidney granular cell,1,18539,0.01
aeaaa0536b87935ad50cf69f1a0c3b1a,CL:1001109,Kidney.kidney loop of Henle cortical thick ascending limb epithelial cell,4206,14276,29.46
aeaaa0536b87935ad50cf69f1a0c3b1a,CL:4030009,Kidney.epithelial cell of proximal tubule segment 1,2072,14276,14.51
aeaaa0536b87935ad50cf69f1a0c3b1a,CL:4030011,Kidney.epithelial cell of proximal tubule segment 3,1107,14276,7.75
aeaaa0536b87935ad50cf69f1a0c3b1a,CL:0000057,Kidney.kidney interstitial fibroblast,1072,14276,7.51
aeaaa0536b87935ad50cf69f1a0c3b1a,CL:4030016,Kidney.epithelial cell of early distal convoluted tubule,997,14276,6.98
aeaaa0536b87935ad50cf69f1a0c3b1a,CL:1000768,Kidney.kidney connecting tubule epithelial cell,800,14276,5.6
aeaaa0536b87935ad50cf69f1a0c3b1a,CL:1000718,Kidney.kidney inner medulla collecting duct principal cell,732,14276,5.13
aeaaa0536b87935ad50cf69f1a0c3b1a,CL:1001108,Kidney.kidney loop of Henle medullary thick ascending limb epithelial cell,483,14276,3.38
aeaaa0536b87935ad50cf69f1a0c3b1a,CL:1000714,Kidney.kidney cortex collecting duct principal cell,473,14276,3.31
aeaaa0536b87935ad50cf69f1a0c3b1a,CL:0000653,Kidney.podocyte,337,14276,2.36
aeaaa0536b87935ad50cf69f1a0c3b1a,CL:4030012,Kidney.kidney loop of Henle short descending thin limb epithelial cell,256,14276,1.79
aeaaa0536b87935ad50cf69f1a0c3b1a,CL:1001033,Kidney.peritubular capillary endothelial cell,190,14276,1.33
aeaaa0536b87935ad50cf69f1a0c3b1a,CL:1000717,Kidney.kidney outer medulla collecting duct intercalated cell,159,14276,1.11
aeaaa0536b87935ad50cf69f1a0c3b1a,CL:1001107,Kidney.kidney loop of Henle thin ascending limb epithelial cell,144,14276,1.01
aeaaa0536b87935ad50cf69f1a0c3b1a,CL:1001318,Kidney.renal interstitial pericyte,138,14276,0.97
aeaaa0536b87935ad50cf69f1a0c3b1a,CL:0002201,Kidney.renal beta-intercalated cell,135,14276,0.95
aeaaa0536b87935ad50cf69f1a0c3b1a,CL:4030013,Kidney.kidney loop of Henle long descending thin limb outer medulla epithelial cell,113,14276,0.79
aeaaa0536b87935ad50cf69f1a0c3b1a,CL:1001005,Kidney.glomerular capillary endothelial cell,112,14276,0.78
aeaaa0536b87935ad50cf69f1a0c3b1a,CL:4030017,Kidney.epithelial cell of late distal convoluted tubule,110,14276,0.77
aeaaa0536b87935ad50cf69f1a0c3b1a,CL:4030010,Kidney.epithelial cell of proximal tubule segment 2,109,14276,0.76
aeaaa0536b87935ad50cf69f1a0c3b1a,CL:1000850,Kidney.macula densa epithelial cell,80,14276,0.56
aeaaa0536b87935ad50cf69f1a0c3b1a,CL:4030018,Kidney.kidney connecting tubule principal cell,71,14276,0.5
aeaaa0536b87935ad50cf69f1a0c3b1a,CL:1001131,Kidney.vasa recta ascending limb cell,64,14276,0.45
aeaaa0536b87935ad50cf69f1a0c3b1a,CL:4030014,Kidney.kidney loop of Henle long descending thin limb inner medulla epithelial cell,50,14276,0.35
aeaaa0536b87935ad50cf69f1a0c3b1a,CL:1001285,Kidney.vasa recta descending limb cell,50,14276,0.35
aeaaa0536b87935ad50cf69f1a0c3b1a,CL:1000698,Kidney.kidney resident macrophage,48,14276,0.34
aeaaa0536b87935ad50cf69f1a0c3b1a,CL:1000715,Kidney.kidney cortex collecting duct intercalated cell,33,14276,0.23
aeaaa0536b87935ad50cf69f1a0c3b1a,CL:1000452,Kidney.parietal epithelial cell,29,14276,0.2
aeaaa0536b87935ad50cf69f1a0c3b1a,CL:0000650,Kidney.mesangial cell,20,14276,0.14
aeaaa0536b87935ad50cf69f1a0c3b1a,CL:4030022,Kidney.renal medullary fibroblast,19,14276,0.13
aeaaa0536b87935ad50cf69f1a0c3b1a,CL:0000990,Kidney.conventional dendritic cell,18,14276,0.13
aeaaa0536b87935ad50cf69f1a0c3b1a,CL:1000716,Kidney.kidney outer medulla collecting duct principal cell,16,14276,0.11
aeaaa0536b87935ad50cf69f1a0c3b1a,CL:1000412,Kidney.endothelial cell of arteriole,13,14276,0.09
aeaaa0536b87935ad50cf69f1a0c3b1a,CL:0011031,Kidney.monocyte-derived dendritic cell,4,14276,0.03
aeaaa0536b87935ad50cf69f1a0c3b1a,CL:0002138,Kidney.endothelial cell of lymphatic vessel,3,14276,0.02
aeaaa0536b87935ad50cf69f1a0c3b1a,CL:0000084,Kidney.T cell,3,14276,0.02
aeaaa0536b87935ad50cf69f1a0c3b1a,CL:0000875,Kidney.non-classical monocyte,3,14276,0.02
aeaaa0536b87935ad50cf69f1a0c3b1a,CL:4030020,Kidney.kidney connecting tubule alpha-intercalated cell,2,14276,0.01
aeaaa0536b87935ad50cf69f1a0c3b1a,CL:1000597,Kidney.papillary tips cell,2,14276,0.01
aeaaa0536b87935ad50cf69f1a0c3b1a,CL:0000814,Kidney.mature NK T cell,1,14276,0.01
aeaaa0536b87935ad50cf69f1a0c3b1a,CL:0000775,Kidney.neutrophil,1,14276,0.01
aeaaa0536b87935ad50cf69f1a0c3b1a,CL:0000786,Kidney.plasma cell,1,14276,0.01
c7beda8afe491243d634e3fd0531489b,CL:1001109,Kidney.kidney loop of Henle cortical thick ascending limb epithelial cell,4377,14726,29.72
c7beda8afe491243d634e3fd0531489b,CL:4030009,Kidney.epithelial cell of proximal tubule segment 1,2316,14726,15.73
c7beda8afe491243d634e3fd0531489b,CL:0000057,Kidney.kidney interstitial fibroblast,1369,14726,9.3
c7beda8afe491243d634e3fd0531489b,CL:4030016,Kidney.epithelial cell of early distal convoluted tubule,1285,14726,8.73
c7beda8afe491243d634e3fd0531489b,CL:4030011,Kidney.epithelial cell of proximal tubule segment 3,1042,14726,7.08
c7beda8afe491243d634e3fd0531489b,CL:1000768,Kidney.kidney connecting tubule epithelial cell,567,14726,3.85
c7beda8afe491243d634e3fd0531489b,CL:1000718,Kidney.kidney inner medulla collecting duct principal cell,565,14726,3.84
c7beda8afe491243d634e3fd0531489b,CL:0000653,Kidney.podocyte,453,14726,3.08
c7beda8afe491243d634e3fd0531489b,CL:1000714,Kidney.kidney cortex collecting duct principal cell,397,14726,2.7
c7beda8afe491243d634e3fd0531489b,CL:1001131,Kidney.vasa recta ascending limb cell,326,14726,2.21
c7beda8afe491243d634e3fd0531489b,CL:1001108,Kidney.kidney loop of Henle medullary thick ascending limb epithelial cell,283,14726,1.92
c7beda8afe491243d634e3fd0531489b,CL:1001033,Kidney.peritubular capillary endothelial cell,239,14726,1.62
c7beda8afe491243d634e3fd0531489b,CL:4030012,Kidney.kidney loop of Henle short descending thin limb epithelial cell,216,14726,1.47
c7beda8afe491243d634e3fd0531489b,CL:1001005,Kidney.glomerular capillary endothelial cell,187,14726,1.27
c7beda8afe491243d634e3fd0531489b,CL:1001318,Kidney.renal interstitial pericyte,105,14726,0.71
c7beda8afe491243d634e3fd0531489b,CL:0002201,Kidney.renal beta-intercalated cell,102,14726,0.69
c7beda8afe491243d634e3fd0531489b,CL:1001107,Kidney.kidney loop of Henle thin ascending limb epithelial cell,96,14726,0.65
c7beda8afe491243d634e3fd0531489b,CL:1000717,Kidney.kidney outer medulla collecting duct intercalated cell,95,14726,0.65
c7beda8afe491243d634e3fd0531489b,CL:4030013,Kidney.kidney loop of Henle long descending thin limb outer medulla epithelial cell,90,14726,0.61
c7beda8afe491243d634e3fd0531489b,CL:4030018,Kidney.kidney connecting tubule principal cell,89,14726,0.6
c7beda8afe491243d634e3fd0531489b,CL:4030017,Kidney.epithelial cell of late distal convoluted tubule,82,14726,0.56
c7beda8afe491243d634e3fd0531489b,CL:1000452,Kidney.parietal epithelial cell,64,14726,0.43
c7beda8afe491243d634e3fd0531489b,CL:1001285,Kidney.vasa recta descending limb cell,62,14726,0.42
c7beda8afe491243d634e3fd0531489b,CL:1000715,Kidney.kidney cortex collecting duct intercalated cell,60,14726,0.41
c7beda8afe491243d634e3fd0531489b,CL:4030022,Kidney.renal medullary fibroblast,55,14726,0.37
c7beda8afe491243d634e3fd0531489b,CL:0000990,Kidney.conventional dendritic cell,46,14726,0.31
c7beda8afe491243d634e3fd0531489b,CL:1000698,Kidney.kidney resident macrophage,43,14726,0.29
c7beda8afe491243d634e3fd0531489b,CL:4030014,Kidney.kidney loop of Henle long descending thin limb inner medulla epithelial cell,32,14726,0.22
c7beda8afe491243d634e3fd0531489b,CL:1000850,Kidney.macula densa epithelial cell,28,14726,0.19
c7beda8afe491243d634e3fd0531489b,CL:1000412,Kidney.endothelial cell of arteriole,16,14726,0.11
c7beda8afe491243d634e3fd0531489b,CL:4030020,Kidney.kidney connecting tubule alpha-intercalated cell,9,14726,0.06
c7beda8afe491243d634e3fd0531489b,CL:0000650,Kidney.mesangial cell,8,14726,0.05
c7beda8afe491243d634e3fd0531489b,CL:1000716,Kidney.kidney outer medulla collecting duct principal cell,5,14726,0.03
c7beda8afe491243d634e3fd0531489b,CL:1000597,Kidney.papillary tips cell,4,14726,0.03
c7beda8afe491243d634e3fd0531489b,CL:0002138,Kidney.endothelial cell of lymphatic vessel,4,14726,0.03
c7beda8afe491243d634e3fd0531489b,CL:0000814,Kidney.mature NK T cell,3,14726,0.02
c7beda8afe491243d634e3fd0531489b,CL:0011031,Kidney.monocyte-derived dendritic cell,3,14726,0.02
c7beda8afe491243d634e3fd0531489b,CL:0000236,Kidney.B cell,1,14726,0.01
c7beda8afe491243d634e3fd0531489b,CL:4030010,Kidney.epithelial cell of proximal tubule segment 2,1,14726,0.01
c7beda8afe491243d634e3fd0531489b,CL:0000097,Kidney.mast cell,1,14726,0.01
fdfa344add5dcf9e8e0f6572efbf9312,CL:1001109,Kidney.kidney loop of Henle cortical thick ascending limb epithelial cell,1669,5300,31.49
fdfa344add5dcf9e8e0f6572efbf9312,CL:4030009,Kidney.epithelial cell of proximal tubule segment 1,901,5300,17.0
fdfa344add5dcf9e8e0f6572efbf9312,CL:4030016,Kidney.epithelial cell of early distal convoluted tubule,428,5300,8.08
fdfa344add5dcf9e8e0f6572efbf9312,CL:4030011,Kidney.epithelial cell of proximal tubule segment 3,403,5300,7.6
fdfa344add5dcf9e8e0f6572efbf9312,CL:1000768,Kidney.kidney connecting tubule epithelial cell,373,5300,7.04
fdfa344add5dcf9e8e0f6572efbf9312,CL:0000057,Kidney.kidney interstitial fibroblast,340,5300,6.42
fdfa344add5dcf9e8e0f6572efbf9312,CL:1000718,Kidney.kidney inner medulla collecting duct principal cell,225,5300,4.25
fdfa344add5dcf9e8e0f6572efbf9312,CL:1000714,Kidney.kidney cortex collecting duct principal cell,163,5300,3.08
fdfa344add5dcf9e8e0f6572efbf9312,CL:0000653,Kidney.podocyte,98,5300,1.85
fdfa344add5dcf9e8e0f6572efbf9312,CL:4030012,Kidney.kidney loop of Henle short descending thin limb epithelial cell,86,5300,1.62
fdfa344add5dcf9e8e0f6572efbf9312,CL:4030013,Kidney.kidney loop of Henle long descending thin limb outer medulla epithelial cell,70,5300,1.32
fdfa344add5dcf9e8e0f6572efbf9312,CL:1001005,Kidney.glomerular capillary endothelial cell,62,5300,1.17
fdfa344add5dcf9e8e0f6572efbf9312,CL:1001107,Kidney.kidney loop of Henle thin ascending limb epithelial cell,52,5300,0.98
fdfa344add5dcf9e8e0f6572efbf9312,CL:1001131,Kidney.vasa recta ascending limb cell,51,5300,0.96
fdfa344add5dcf9e8e0f6572efbf9312,CL:1001033,Kidney.peritubular capillary endothelial cell,47,5300,0.89
fdfa344add5dcf9e8e0f6572efbf9312,CL:4030018,Kidney.kidney connecting tubule principal cell,45,5300,0.85
fdfa344add5dcf9e8e0f6572efbf9312,CL:1001108,Kidney.kidney loop of Henle medullary thick ascending limb epithelial cell,38,5300,0.72
fdfa344add5dcf9e8e0f6572efbf9312,CL:0002201,Kidney.renal beta-intercalated cell,33,5300,0.62
fdfa344add5dcf9e8e0f6572efbf9312,CL:1001318,Kidney.renal interstitial pericyte,33,5300,0.62
fdfa344add5dcf9e8e0f6572efbf9312,CL:1000717,Kidney.kidney outer medulla collecting duct intercalated cell,30,5300,0.57
fdfa344add5dcf9e8e0f6572efbf9312,CL:1000715,Kidney.kidney cortex collecting duct intercalated cell,24,5300,0.45
fdfa344add5dcf9e8e0f6572efbf9312,CL:4030017,Kidney.epithelial cell of late distal convoluted tubule,16,5300,0.3
fdfa344add5dcf9e8e0f6572efbf9312,CL:1001285,Kidney.vasa recta descending limb cell,16,5300,0.3
fdfa344add5dcf9e8e0f6572efbf9312,CL:4030022,Kidney.renal medullary fibroblast,13,5300,0.25
fdfa344add5dcf9e8e0f6572efbf9312,CL:0000650,Kidney.mesangial cell,13,5300,0.25
fdfa344add5dcf9e8e0f6572efbf9312,CL:0000990,Kidney.conventional dendritic cell,13,5300,0.25
fdfa344add5dcf9e8e0f6572efbf9312,CL:1000716,Kidney.kidney outer medulla collecting duct principal cell,12,5300,0.23
fdfa344add5dcf9e8e0f6572efbf9312,CL:1000698,Kidney.kidney resident macrophage,10,5300,0.19
fdfa344add5dcf9e8e0f6572efbf9312,CL:1000850,Kidney.macula densa epithelial cell,8,5300,0.15
fdfa344add5dcf9e8e0f6572efbf9312,CL:1000452,Kidney.parietal epithelial cell,7,5300,0.13
fdfa344add5dcf9e8e0f6572efbf9312,CL:1000412,Kidney.endothelial cell of arteriole,5,5300,0.09
fdfa344add5dcf9e8e0f6572efbf9312,CL:0011031,Kidney.monocyte-derived dendritic cell,4,5300,0.08
fdfa344add5dcf9e8e0f6572efbf9312,CL:4030014,Kidney.kidney loop of Henle long descending thin limb inner medulla epithelial cell,3,5300,0.06
fdfa344add5dcf9e8e0f6572efbf9312,CL:1000597,Kidney.papillary tips cell,3,5300,0.06
fdfa344add5dcf9e8e0f6572efbf9312,CL:4030010,Kidney.epithelial cell of proximal tubule segment 2,2,5300,0.04
fdfa344add5dcf9e8e0f6572efbf9312,CL:4030020,Kidney.kidney connecting tubule alpha-intercalated cell,2,5300,0.04
fdfa344add5dcf9e8e0f6572efbf9312,CL:0002138,Kidney.endothelial cell of lymphatic vessel,1,5300,0.02
fdfa344add5dcf9e8e0f6572efbf9312,CL:0000084,Kidney.T cell,1,5300,0.02
8306f9bdef96312bd36c18b45bd8e141,CL:1001109,Kidney.kidney loop of Henle cortical thick ascending limb epithelial cell,1781,5641,31.57
8306f9bdef96312bd36c18b45bd8e141,CL:4030009,Kidney.epithelial cell of proximal tubule segment 1,914,5641,16.2
8306f9bdef96312bd36c18b45bd8e141,CL:4030016,Kidney.epithelial cell of early distal convoluted tubule,461,5641,8.17
8306f9bdef96312bd36c18b45bd8e141,CL:4030011,Kidney.epithelial cell of proximal tubule segment 3,449,5641,7.96
8306f9bdef96312bd36c18b45bd8e141,CL:0000057,Kidney.kidney interstitial fibroblast,372,5641,6.59
8306f9bdef96312bd36c18b45bd8e141,CL:1000768,Kidney.kidney connecting tubule epithelial cell,288,5641,5.11
8306f9bdef96312bd36c18b45bd8e141,CL:1000718,Kidney.kidney inner medulla collecting duct principal cell,279,5641,4.95
8306f9bdef96312bd36c18b45bd8e141,CL:1000714,Kidney.kidney cortex collecting duct principal cell,175,5641,3.1
8306f9bdef96312bd36c18b45bd8e141,CL:0000653,Kidney.podocyte,125,5641,2.22
8306f9bdef96312bd36c18b45bd8e141,CL:1001108,Kidney.kidney loop of Henle medullary thick ascending limb epithelial cell,105,5641,1.86
8306f9bdef96312bd36c18b45bd8e141,CL:1001005,Kidney.glomerular capillary endothelial cell,81,5641,1.44
8306f9bdef96312bd36c18b45bd8e141,CL:1001131,Kidney.vasa recta ascending limb cell,69,5641,1.22
8306f9bdef96312bd36c18b45bd8e141,CL:1001107,Kidney.kidney loop of Henle thin ascending limb epithelial cell,66,5641,1.17
8306f9bdef96312bd36c18b45bd8e141,CL:1001033,Kidney.peritubular capillary endothelial cell,60,5641,1.06
8306f9bdef96312bd36c18b45bd8e141,CL:4030012,Kidney.kidney loop of Henle short descending thin limb epithelial cell,58,5641,1.03
8306f9bdef96312bd36c18b45bd8e141,CL:1000717,Kidney.kidney outer medulla collecting duct intercalated cell,54,5641,0.96
8306f9bdef96312bd36c18b45bd8e141,CL:4030022,Kidney.renal medullary fibroblast,51,5641,0.9
8306f9bdef96312bd36c18b45bd8e141,CL:1001318,Kidney.renal interstitial pericyte,32,5641,0.57
8306f9bdef96312bd36c18b45bd8e141,CL:0002201,Kidney.renal beta-intercalated cell,29,5641,0.51
8306f9bdef96312bd36c18b45bd8e141,CL:0000990,Kidney.conventional dendritic cell,28,5641,0.5
8306f9bdef96312bd36c18b45bd8e141,CL:4030018,Kidney.kidney connecting tubule principal cell,27,5641,0.48
8306f9bdef96312bd36c18b45bd8e141,CL:4030013,Kidney.kidney loop of Henle long descending thin limb outer medulla epithelial cell,26,5641,0.46
8306f9bdef96312bd36c18b45bd8e141,CL:1000715,Kidney.kidney cortex collecting duct intercalated cell,21,5641,0.37
8306f9bdef96312bd36c18b45bd8e141,CL:1000698,Kidney.kidney resident macrophage,21,5641,0.37
8306f9bdef96312bd36c18b45bd8e141,CL:1001285,Kidney.vasa recta descending limb cell,16,5641,0.28
8306f9bdef96312bd36c18b45bd8e141,CL:4030017,Kidney.epithelial cell of late distal convoluted tubule,13,5641,0.23
8306f9bdef96312bd36c18b45bd8e141,CL:1000716,Kidney.kidney outer medulla collecting duct principal cell,12,5641,0.21
8306f9bdef96312bd36c18b45bd8e141,CL:4030014,Kidney.kidney loop of Henle long descending thin limb inner medulla epithelial cell,8,5641,0.14
8306f9bdef96312bd36c18b45bd8e141,CL:1000452,Kidney.parietal epithelial cell,6,5641,0.11
8306f9bdef96312bd36c18b45bd8e141,CL:1000850,Kidney.macula densa epithelial cell,5,5641,0.09
8306f9bdef96312bd36c18b45bd8e141,CL:0000650,Kidney.mesangial cell,3,5641,0.05
8306f9bdef96312bd36c18b45bd8e141,CL:1000412,Kidney.endothelial cell of arteriole,2,5641,0.04
8306f9bdef96312bd36c18b45bd8e141,CL:0002138,Kidney.endothelial cell of lymphatic vessel,1,5641,0.02
8306f9bdef96312bd36c18b45bd8e141,CL:0000084,Kidney.T cell,1,5641,0.02
8306f9bdef96312bd36c18b45bd8e141,CL:4030010,Kidney.epithelial cell of proximal tubule segment 2,1,5641,0.02
8306f9bdef96312bd36c18b45bd8e141,CL:1000597,Kidney.papillary tips cell,1,5641,0.02
72fd0d8256cd9d9e9d0c75ed7b4431cc,CL:4030009,Kidney.epithelial cell of proximal tubule segment 1,1418,5978,23.72
72fd0d8256cd9d9e9d0c75ed7b4431cc,CL:4030011,Kidney.epithelial cell of proximal tubule segment 3,855,5978,14.3
72fd0d8256cd9d9e9d0c75ed7b4431cc,CL:1001109,Kidney.kidney loop of Henle cortical thick ascending limb epithelial cell,587,5978,9.82
72fd0d8256cd9d9e9d0c75ed7b4431cc,CL:0000057,Kidney.kidney interstitial fibroblast,566,5978,9.47
72fd0d8256cd9d9e9d0c75ed7b4431cc,CL:4030016,Kidney.epithelial cell of early distal convoluted tubule,533,5978,8.92
72fd0d8256cd9d9e9d0c75ed7b4431cc,CL:1000768,Kidney.kidney connecting tubule epithelial cell,415,5978,6.94
72fd0d8256cd9d9e9d0c75ed7b4431cc,CL:1000718,Kidney.kidney inner medulla collecting duct principal cell,381,5978,6.37
72fd0d8256cd9d9e9d0c75ed7b4431cc,CL:0000653,Kidney.podocyte,213,5978,3.56
72fd0d8256cd9d9e9d0c75ed7b4431cc,CL:4030012,Kidney.kidney loop of Henle short descending thin limb epithelial cell,120,5978,2.01
72fd0d8256cd9d9e9d0c75ed7b4431cc,CL:1000714,Kidney.kidney cortex collecting duct principal cell,113,5978,1.89
72fd0d8256cd9d9e9d0c75ed7b4431cc,CL:1001005,Kidney.glomerular capillary endothelial cell,112,5978,1.87
72fd0d8256cd9d9e9d0c75ed7b4431cc,CL:1001033,Kidney.peritubular capillary endothelial cell,87,5978,1.46
72fd0d8256cd9d9e9d0c75ed7b4431cc,CL:1001131,Kidney.vasa recta ascending limb cell,74,5978,1.24
72fd0d8256cd9d9e9d0c75ed7b4431cc,CL:1001108,Kidney.kidney loop of Henle medullary thick ascending limb epithelial cell,55,5978,0.92
72fd0d8256cd9d9e9d0c75ed7b4431cc,CL:1000715,Kidney.kidney cortex collecting duct intercalated cell,54,5978,0.9
72fd0d8256cd9d9e9d0c75ed7b4431cc,CL:4030013,Kidney.kidney loop of Henle long descending thin limb outer medulla epithelial cell,43,5978,0.72
72fd0d8256cd9d9e9d0c75ed7b4431cc,CL:1001107,Kidney.kidney loop of Henle thin ascending limb epithelial cell,42,5978,0.7
72fd0d8256cd9d9e9d0c75ed7b4431cc,CL:1000717,Kidney.kidney outer medulla collecting duct intercalated cell,41,5978,0.69
72fd0d8256cd9d9e9d0c75ed7b4431cc,CL:4030022,Kidney.renal medullary fibroblast,37,5978,0.62
72fd0d8256cd9d9e9d0c75ed7b4431cc,CL:1001318,Kidney.renal interstitial pericyte,31,5978,0.52
72fd0d8256cd9d9e9d0c75ed7b4431cc,CL:0002201,Kidney.renal beta-intercalated cell,29,5978,0.49
72fd0d8256cd9d9e9d0c75ed7b4431cc,CL:1000698,Kidney.kidney resident macrophage,28,5978,0.47
72fd0d8256cd9d9e9d0c75ed7b4431cc,CL:4030018,Kidney.kidney connecting tubule principal cell,21,5978,0.35
72fd0d8256cd9d9e9d0c75ed7b4431cc,CL:0000990,Kidney.conventional dendritic cell,18,5978,0.3
72fd0d8256cd9d9e9d0c75ed7b4431cc,CL:4030017,Kidney.epithelial cell of late distal convoluted tubule,18,5978,0.3
72fd0d8256cd9d9e9d0c75ed7b4431cc,CL:1000412,Kidney.endothelial cell of arteriole,17,5978,0.28
72fd0d8256cd9d9e9d0c75ed7b4431cc,CL:4030014,Kidney.kidney loop of Henle long descending thin limb inner medulla epithelial cell,15,5978,0.25
72fd0d8256cd9d9e9d0c75ed7b4431cc,CL:1000452,Kidney.parietal epithelial cell,14,5978,0.23
72fd0d8256cd9d9e9d0c75ed7b4431cc,CL:1000850,Kidney.macula densa epithelial cell,9,5978,0.15
72fd0d8256cd9d9e9d0c75ed7b4431cc,CL:1001285,Kidney.vasa recta descending limb cell,9,5978,0.15
72fd0d8256cd9d9e9d0c75ed7b4431cc,CL:0000650,Kidney.mesangial cell,7,5978,0.12
72fd0d8256cd9d9e9d0c75ed7b4431cc,CL:0000875,Kidney.non-classical monocyte,5,5978,0.08
72fd0d8256cd9d9e9d0c75ed7b4431cc,CL:0011031,Kidney.monocyte-derived dendritic cell,3,5978,0.05
72fd0d8256cd9d9e9d0c75ed7b4431cc,CL:4030020,Kidney.kidney connecting tubule alpha-intercalated cell,2,5978,0.03
72fd0d8256cd9d9e9d0c75ed7b4431cc,CL:0000084,Kidney.T cell,2,5978,0.03
72fd0d8256cd9d9e9d0c75ed7b4431cc,CL:0002138,Kidney.endothelial cell of lymphatic vessel,1,5978,0.02
72fd0d8256cd9d9e9d0c75ed7b4431cc,CL:4030010,Kidney.epithelial cell of proximal tubule segment 2,1,5978,0.02
72fd0d8256cd9d9e9d0c75ed7b4431cc,CL:1000597,Kidney.papillary tips cell,1,5978,0.02
72fd0d8256cd9d9e9d0c75ed7b4431cc,CL:0000775,Kidney.neutrophil,1,5978,0.02
f0d9d828d7d1e61289d72e52fafafafa,CL:1001109,Kidney.kidney loop of Henle cortical thick ascending limb epithelial cell,2573,5596,45.98
f0d9d828d7d1e61289d72e52fafafafa,CL:4030009,Kidney.epithelial cell of proximal tubule segment 1,615,5596,10.99
f0d9d828d7d1e61289d72e52fafafafa,CL:4030016,Kidney.epithelial cell of early distal convoluted tubule,458,5596,8.18
f0d9d828d7d1e61289d72e52fafafafa,CL:4030011,Kidney.epithelial cell of proximal tubule segment 3,286,5596,5.11
f0d9d828d7d1e61289d72e52fafafafa,CL:0000057,Kidney.kidney interstitial fibroblast,275,5596,4.91
f0d9d828d7d1e61289d72e52fafafafa,CL:1000768,Kidney.kidney connecting tubule epithelial cell,206,5596,3.68
f0d9d828d7d1e61289d72e52fafafafa,CL:1000714,Kidney.kidney cortex collecting duct principal cell,188,5596,3.36
f0d9d828d7d1e61289d72e52fafafafa,CL:1000718,Kidney.kidney inner medulla collecting duct principal cell,112,5596,2.0
f0d9d828d7d1e61289d72e52fafafafa,CL:0000653,Kidney.podocyte,95,5596,1.7
f0d9d828d7d1e61289d72e52fafafafa,CL:1001108,Kidney.kidney loop of Henle medullary thick ascending limb epithelial cell,75,5596,1.34
f0d9d828d7d1e61289d72e52fafafafa,CL:1001033,Kidney.peritubular capillary endothelial cell,70,5596,1.25
f0d9d828d7d1e61289d72e52fafafafa,CL:4030018,Kidney.kidney connecting tubule principal cell,64,5596,1.14
f0d9d828d7d1e61289d72e52fafafafa,CL:1000717,Kidney.kidney outer medulla collecting duct intercalated cell,62,5596,1.11
f0d9d828d7d1e61289d72e52fafafafa,CL:1001005,Kidney.glomerular capillary endothelial cell,57,5596,1.02
f0d9d828d7d1e61289d72e52fafafafa,CL:4030022,Kidney.renal medullary fibroblast,54,5596,0.96
f0d9d828d7d1e61289d72e52fafafafa,CL:1001318,Kidney.renal interstitial pericyte,48,5596,0.86
f0d9d828d7d1e61289d72e52fafafafa,CL:1001131,Kidney.vasa recta ascending limb cell,48,5596,0.86
f0d9d828d7d1e61289d72e52fafafafa,CL:4030012,Kidney.kidney loop of Henle short descending thin limb epithelial cell,46,5596,0.82
f0d9d828d7d1e61289d72e52fafafafa,CL:4030013,Kidney.kidney loop of Henle long descending thin limb outer medulla epithelial cell,45,5596,0.8
f0d9d828d7d1e61289d72e52fafafafa,CL:1001107,Kidney.kidney loop of Henle thin ascending limb epithelial cell,36,5596,0.64
f0d9d828d7d1e61289d72e52fafafafa,CL:4030014,Kidney.kidney loop of Henle long descending thin limb inner medulla epithelial cell,32,5596,0.57
f0d9d828d7d1e61289d72e52fafafafa,CL:1000698,Kidney.kidney resident macrophage,27,5596,0.48
f0d9d828d7d1e61289d72e52fafafafa,CL:1001285,Kidney.vasa recta descending limb cell,24,5596,0.43
f0d9d828d7d1e61289d72e52fafafafa,CL:1000715,Kidney.kidney cortex collecting duct intercalated cell,19,5596,0.34
f0d9d828d7d1e61289d72e52fafafafa,CL:0002201,Kidney.renal beta-intercalated cell,16,5596,0.29
f0d9d828d7d1e61289d72e52fafafafa,CL:0000990,Kidney.conventional dendritic cell,14,5596,0.25
f0d9d828d7d1e61289d72e52fafafafa,CL:1000412,Kidney.endothelial cell of arteriole,11,5596,0.2
f0d9d828d7d1e61289d72e52fafafafa,CL:4030017,Kidney.epithelial cell of late distal convoluted tubule,9,5596,0.16
f0d9d828d7d1e61289d72e52fafafafa,CL:0011031,Kidney.monocyte-derived dendritic cell,6,5596,0.11
f0d9d828d7d1e61289d72e52fafafafa,CL:1000452,Kidney.parietal epithelial cell,4,5596,0.07
f0d9d828d7d1e61289d72e52fafafafa,CL:1000850,Kidney.macula densa epithelial cell,4,5596,0.07
f0d9d828d7d1e61289d72e52fafafafa,CL:4030020,Kidney.kidney connecting tubule alpha-intercalated cell,3,5596,0.05
f0d9d828d7d1e61289d72e52fafafafa,CL:1000716,Kidney.kidney outer medulla collecting duct principal cell,3,5596,0.05
f0d9d828d7d1e61289d72e52fafafafa,CL:1000597,Kidney.papillary tips cell,3,5596,0.05
f0d9d828d7d1e61289d72e52fafafafa,CL:0000786,Kidney.plasma cell,2,5596,0.04
f0d9d828d7d1e61289d72e52fafafafa,CL:4030010,Kidney.epithelial cell of proximal tubule segment 2,2,5596,0.04
f0d9d828d7d1e61289d72e52fafafafa,CL:0002138,Kidney.endothelial cell of lymphatic vessel,1,5596,0.02
f0d9d828d7d1e61289d72e52fafafafa,CL:0000775,Kidney.neutrophil,1,5596,0.02
f0d9d828d7d1e61289d72e52fafafafa,CL:0000814,Kidney.mature NK T cell,1,5596,0.02
f0d9d828d7d1e61289d72e52fafafafa,CL:0000650,Kidney.mesangial cell,1,5596,0.02
d68e7b99290b6b7cca686b54955a2c22,CL:1001109,Kidney.kidney loop of Henle cortical thick ascending limb epithelial cell,1741,6484,26.85
d68e7b99290b6b7cca686b54955a2c22,CL:4030009,Kidney.epithelial cell of proximal tubule segment 1,1045,6484,16.12
d68e7b99290b6b7cca686b54955a2c22,CL:4030011,Kidney.epithelial cell of proximal tubule segment 3,692,6484,10.67
d68e7b99290b6b7cca686b54955a2c22,CL:4030016,Kidney.epithelial cell of early distal convoluted tubule,513,6484,7.91
d68e7b99290b6b7cca686b54955a2c22,CL:1000718,Kidney.kidney inner medulla collecting duct principal cell,495,6484,7.63
d68e7b99290b6b7cca686b54955a2c22,CL:0000057,Kidney.kidney interstitial fibroblast,411,6484,6.34
d68e7b99290b6b7cca686b54955a2c22,CL:1000768,Kidney.kidney connecting tubule epithelial cell,325,6484,5.01
d68e7b99290b6b7cca686b54955a2c22,CL:1000714,Kidney.kidney cortex collecting duct principal cell,213,6484,3.29
d68e7b99290b6b7cca686b54955a2c22,CL:0000653,Kidney.podocyte,124,6484,1.91
d68e7b99290b6b7cca686b54955a2c22,CL:1001108,Kidney.kidney loop of Henle medullary thick ascending limb epithelial cell,112,6484,1.73
d68e7b99290b6b7cca686b54955a2c22,CL:1001033,Kidney.peritubular capillary endothelial cell,83,6484,1.28
d68e7b99290b6b7cca686b54955a2c22,CL:1001131,Kidney.vasa recta ascending limb cell,83,6484,1.28
d68e7b99290b6b7cca686b54955a2c22,CL:1001005,Kidney.glomerular capillary endothelial cell,81,6484,1.25
d68e7b99290b6b7cca686b54955a2c22,CL:4030012,Kidney.kidney loop of Henle short descending thin limb epithelial cell,75,6484,1.16
d68e7b99290b6b7cca686b54955a2c22,CL:4030013,Kidney.kidney loop of Henle long descending thin limb outer medulla epithelial cell,74,6484,1.14
d68e7b99290b6b7cca686b54955a2c22,CL:1001107,Kidney.kidney loop of Henle thin ascending limb epithelial cell,64,6484,0.99
d68e7b99290b6b7cca686b54955a2c22,CL:1001318,Kidney.renal interstitial pericyte,51,6484,0.79
d68e7b99290b6b7cca686b54955a2c22,CL:1000717,Kidney.kidney outer medulla collecting duct intercalated cell,38,6484,0.59
d68e7b99290b6b7cca686b54955a2c22,CL:1000715,Kidney.kidney cortex collecting duct intercalated cell,31,6484,0.48
d68e7b99290b6b7cca686b54955a2c22,CL:4030022,Kidney.renal medullary fibroblast,27,6484,0.42
d68e7b99290b6b7cca686b54955a2c22,CL:0000990,Kidney.conventional dendritic cell,27,6484,0.42
d68e7b99290b6b7cca686b54955a2c22,CL:0002201,Kidney.renal beta-intercalated cell,25,6484,0.39
d68e7b99290b6b7cca686b54955a2c22,CL:1001285,Kidney.vasa recta descending limb cell,22,6484,0.34
d68e7b99290b6b7cca686b54955a2c22,CL:1000698,Kidney.kidney resident macrophage,22,6484,0.34
d68e7b99290b6b7cca686b54955a2c22,CL:4030018,Kidney.kidney connecting tubule principal cell,22,6484,0.34
d68e7b99290b6b7cca686b54955a2c22,CL:4030017,Kidney.epithelial cell of late distal convoluted tubule,16,6484,0.25
d68e7b99290b6b7cca686b54955a2c22,CL:1000412,Kidney.endothelial cell of arteriole,13,6484,0.2
d68e7b99290b6b7cca686b54955a2c22,CL:1000452,Kidney.parietal epithelial cell,11,6484,0.17
d68e7b99290b6b7cca686b54955a2c22,CL:1000850,Kidney.macula densa epithelial cell,10,6484,0.15
d68e7b99290b6b7cca686b54955a2c22,CL:4030020,Kidney.kidney connecting tubule alpha-intercalated cell,9,6484,0.14
d68e7b99290b6b7cca686b54955a2c22,CL:0011031,Kidney.monocyte-derived dendritic cell,6,6484,0.09
d68e7b99290b6b7cca686b54955a2c22,CL:1000716,Kidney.kidney outer medulla collecting duct principal cell,5,6484,0.08
d68e7b99290b6b7cca686b54955a2c22,CL:4030014,Kidney.kidney loop of Henle long descending thin limb inner medulla epithelial cell,5,6484,0.08
d68e7b99290b6b7cca686b54955a2c22,CL:1000597,Kidney.papillary tips cell,4,6484,0.06
d68e7b99290b6b7cca686b54955a2c22,CL:0000650,Kidney.mesangial cell,4,6484,0.06
d68e7b99290b6b7cca686b54955a2c22,CL:4030010,Kidney.epithelial cell of proximal tubule segment 2,2,6484,0.03
d68e7b99290b6b7cca686b54955a2c22,CL:0000875,Kidney.non-classical monocyte,2,6484,0.03
d68e7b99290b6b7cca686b54955a2c22,CL:0000236,Kidney.B cell,1,6484,0.02
2d2356cf5b4eb114d958c31346c3dd2f,CL:1001109,Kidney.kidney loop of Henle cortical thick ascending limb epithelial cell,1542,4016,38.4
2d2356cf5b4eb114d958c31346c3dd2f,CL:4030009,Kidney.epithelial cell of proximal tubule segment 1,546,4016,13.6
2d2356cf5b4eb114d958c31346c3dd2f,CL:4030016,Kidney.epithelial cell of early distal convoluted tubule,299,4016,7.45
2d2356cf5b4eb114d958c31346c3dd2f,CL:1000718,Kidney.kidney inner medulla collecting duct principal cell,220,4016,5.48
2d2356cf5b4eb114d958c31346c3dd2f,CL:1000768,Kidney.kidney connecting tubule epithelial cell,194,4016,4.83
2d2356cf5b4eb114d958c31346c3dd2f,CL:4030011,Kidney.epithelial cell of proximal tubule segment 3,194,4016,4.83
2d2356cf5b4eb114d958c31346c3dd2f,CL:0000057,Kidney.kidney interstitial fibroblast,186,4016,4.63
2d2356cf5b4eb114d958c31346c3dd2f,CL:1000714,Kidney.kidney cortex collecting duct principal cell,148,4016,3.69
2d2356cf5b4eb114d958c31346c3dd2f,CL:0000653,Kidney.podocyte,84,4016,2.09
2d2356cf5b4eb114d958c31346c3dd2f,CL:1001005,Kidney.glomerular capillary endothelial cell,67,4016,1.67
2d2356cf5b4eb114d958c31346c3dd2f,CL:1001033,Kidney.peritubular capillary endothelial cell,55,4016,1.37
2d2356cf5b4eb114d958c31346c3dd2f,CL:1001107,Kidney.kidney loop of Henle thin ascending limb epithelial cell,55,4016,1.37
2d2356cf5b4eb114d958c31346c3dd2f,CL:1001108,Kidney.kidney loop of Henle medullary thick ascending limb epithelial cell,54,4016,1.34
2d2356cf5b4eb114d958c31346c3dd2f,CL:1001318,Kidney.renal interstitial pericyte,50,4016,1.25
2d2356cf5b4eb114d958c31346c3dd2f,CL:0002201,Kidney.renal beta-intercalated cell,41,4016,1.02
2d2356cf5b4eb114d958c31346c3dd2f,CL:4030012,Kidney.kidney loop of Henle short descending thin limb epithelial cell,38,4016,0.95
2d2356cf5b4eb114d958c31346c3dd2f,CL:4030013,Kidney.kidney loop of Henle long descending thin limb outer medulla epithelial cell,38,4016,0.95
2d2356cf5b4eb114d958c31346c3dd2f,CL:1001131,Kidney.vasa recta ascending limb cell,26,4016,0.65
2d2356cf5b4eb114d958c31346c3dd2f,CL:1000717,Kidney.kidney outer medulla collecting duct intercalated cell,25,4016,0.62
2d2356cf5b4eb114d958c31346c3dd2f,CL:1000715,Kidney.kidney cortex collecting duct intercalated cell,21,4016,0.52
2d2356cf5b4eb114d958c31346c3dd2f,CL:4030018,Kidney.kidney connecting tubule principal cell,19,4016,0.47
2d2356cf5b4eb114d958c31346c3dd2f,CL:1001285,Kidney.vasa recta descending limb cell,17,4016,0.42
2d2356cf5b4eb114d958c31346c3dd2f,CL:1000412,Kidney.endothelial cell of arteriole,15,4016,0.37
2d2356cf5b4eb114d958c31346c3dd2f,CL:1000698,Kidney.kidney resident macrophage,12,4016,0.3
2d2356cf5b4eb114d958c31346c3dd2f,CL:4030017,Kidney.epithelial cell of late distal convoluted tubule,11,4016,0.27
2d2356cf5b4eb114d958c31346c3dd2f,CL:4030022,Kidney.renal medullary fibroblast,11,4016,0.27
2d2356cf5b4eb114d958c31346c3dd2f,CL:0000650,Kidney.mesangial cell,10,4016,0.25
2d2356cf5b4eb114d958c31346c3dd2f,CL:4030014,Kidney.kidney loop of Henle long descending thin limb inner medulla epithelial cell,7,4016,0.17
2d2356cf5b4eb114d958c31346c3dd2f,CL:1000850,Kidney.macula densa epithelial cell,7,4016,0.17
2d2356cf5b4eb114d958c31346c3dd2f,CL:0000990,Kidney.conventional dendritic cell,6,4016,0.15
2d2356cf5b4eb114d958c31346c3dd2f,CL:1000716,Kidney.kidney outer medulla collecting duct principal cell,6,4016,0.15
2d2356cf5b4eb114d958c31346c3dd2f,CL:1000452,Kidney.parietal epithelial cell,5,4016,0.12
2d2356cf5b4eb114d958c31346c3dd2f,CL:0000084,Kidney.T cell,3,4016,0.07
2d2356cf5b4eb114d958c31346c3dd2f,CL:4030020,Kidney.kidney connecting tubule alpha-intercalated cell,2,4016,0.05
2d2356cf5b4eb114d958c31346c3dd2f,CL:1000597,Kidney.papillary tips cell,1,4016,0.02
2d2356cf5b4eb114d958c31346c3dd2f,CL:0011031,Kidney.monocyte-derived dendritic cell,1,4016,0.02
fcd7a8d45be34fdccb8fa400ea81a331,CL:1001109,Kidney.kidney loop of Henle cortical thick ascending limb epithelial cell,3088,7509,41.12
fcd7a8d45be34fdccb8fa400ea81a331,CL:4030009,Kidney.epithelial cell of proximal tubule segment 1,1125,7509,14.98
fcd7a8d45be34fdccb8fa400ea81a331,CL:4030011,Kidney.epithelial cell of proximal tubule segment 3,519,7509,6.91
fcd7a8d45be34fdccb8fa400ea81a331,CL:4030016,Kidney.epithelial cell of early distal convoluted tubule,476,7509,6.34
fcd7a8d45be34fdccb8fa400ea81a331,CL:1000718,Kidney.kidney inner medulla collecting duct principal cell,379,7509,5.05
fcd7a8d45be34fdccb8fa400ea81a331,CL:0000057,Kidney.kidney interstitial fibroblast,361,7509,4.81
fcd7a8d45be34fdccb8fa400ea81a331,CL:1000768,Kidney.kidney connecting tubule epithelial cell,297,7509,3.96
fcd7a8d45be34fdccb8fa400ea81a331,CL:1000714,Kidney.kidney cortex collecting duct principal cell,173,7509,2.3
fcd7a8d45be34fdccb8fa400ea81a331,CL:1001108,Kidney.kidney loop of Henle medullary thick ascending limb epithelial cell,115,7509,1.53
fcd7a8d45be34fdccb8fa400ea81a331,CL:4030013,Kidney.kidney loop of Henle long descending thin limb outer medulla epithelial cell,105,7509,1.4
fcd7a8d45be34fdccb8fa400ea81a331,CL:0000653,Kidney.podocyte,95,7509,1.27
fcd7a8d45be34fdccb8fa400ea81a331,CL:4030022,Kidney.renal medullary fibroblast,90,7509,1.2
fcd7a8d45be34fdccb8fa400ea81a331,CL:1001033,Kidney.peritubular capillary endothelial cell,85,7509,1.13
fcd7a8d45be34fdccb8fa400ea81a331,CL:4030012,Kidney.kidney loop of Henle short descending thin limb epithelial cell,83,7509,1.11
fcd7a8d45be34fdccb8fa400ea81a331,CL:1001131,Kidney.vasa recta ascending limb cell,72,7509,0.96
fcd7a8d45be34fdccb8fa400ea81a331,CL:1001107,Kidney.kidney loop of Henle thin ascending limb epithelial cell,71,7509,0.95
fcd7a8d45be34fdccb8fa400ea81a331,CL:1000717,Kidney.kidney outer medulla collecting duct intercalated cell,47,7509,0.63
fcd7a8d45be34fdccb8fa400ea81a331,CL:1001318,Kidney.renal interstitial pericyte,43,7509,0.57
fcd7a8d45be34fdccb8fa400ea81a331,CL:1001005,Kidney.glomerular capillary endothelial cell,40,7509,0.53
fcd7a8d45be34fdccb8fa400ea81a331,CL:1000716,Kidney.kidney outer medulla collecting duct principal cell,33,7509,0.44
fcd7a8d45be34fdccb8fa400ea81a331,CL:0011031,Kidney.monocyte-derived dendritic cell,29,7509,0.39
fcd7a8d45be34fdccb8fa400ea81a331,CL:1000715,Kidney.kidney cortex collecting duct intercalated cell,29,7509,0.39
fcd7a8d45be34fdccb8fa400ea81a331,CL:0000990,Kidney.conventional dendritic cell,26,7509,0.35
fcd7a8d45be34fdccb8fa400ea81a331,CL:0002201,Kidney.renal beta-intercalated cell,23,7509,0.31
fcd7a8d45be34fdccb8fa400ea81a331,CL:4030018,Kidney.kidney connecting tubule principal cell,22,7509,0.29
fcd7a8d45be34fdccb8fa400ea81a331,CL:4030017,Kidney.epithelial cell of late distal convoluted tubule,17,7509,0.23
fcd7a8d45be34fdccb8fa400ea81a331,CL:1000850,Kidney.macula densa epithelial cell,17,7509,0.23
fcd7a8d45be34fdccb8fa400ea81a331,CL:1001285,Kidney.vasa recta descending limb cell,13,7509,0.17
fcd7a8d45be34fdccb8fa400ea81a331,CL:1000698,Kidney.kidney resident macrophage,10,7509,0.13
fcd7a8d45be34fdccb8fa400ea81a331,CL:0000650,Kidney.mesangial cell,8,7509,0.11
fcd7a8d45be34fdccb8fa400ea81a331,CL:4030014,Kidney.kidney loop of Henle long descending thin limb inner medulla epithelial cell,5,7509,0.07
fcd7a8d45be34fdccb8fa400ea81a331,CL:1000412,Kidney.endothelial cell of arteriole,4,7509,0.05
fcd7a8d45be34fdccb8fa400ea81a331,CL:1000452,Kidney.parietal epithelial cell,3,7509,0.04
fcd7a8d45be34fdccb8fa400ea81a331,CL:0000084,Kidney.T cell,2,7509,0.03
fcd7a8d45be34fdccb8fa400ea81a331,CL:0002138,Kidney.endothelial cell of lymphatic vessel,1,7509,0.01
fcd7a8d45be34fdccb8fa400ea81a331,CL:0000875,Kidney.non-classical monocyte,1,7509,0.01
fcd7a8d45be34fdccb8fa400ea81a331,CL:1000597,Kidney.papillary tips cell,1,7509,0.01
fcd7a8d45be34fdccb8fa400ea81a331,CL:0000786,Kidney.plasma cell,1,7509,0.01
cdf9127efdfc96189845c35244d4d8ab,CL:1001109,Kidney.kidney loop of Henle cortical thick ascending limb epithelial cell,2692,9880,27.25
cdf9127efdfc96189845c35244d4d8ab,CL:4030009,Kidney.epithelial cell of proximal tubule segment 1,1708,9880,17.29
cdf9127efdfc96189845c35244d4d8ab,CL:4030016,Kidney.epithelial cell of early distal convoluted tubule,686,9880,6.94
cdf9127efdfc96189845c35244d4d8ab,CL:4030011,Kidney.epithelial cell of proximal tubule segment 3,644,9880,6.52
cdf9127efdfc96189845c35244d4d8ab,CL:0000057,Kidney.kidney interstitial fibroblast,560,9880,5.67
cdf9127efdfc96189845c35244d4d8ab,CL:1000718,Kidney.kidney inner medulla collecting duct principal cell,547,9880,5.54
cdf9127efdfc96189845c35244d4d8ab,CL:1000768,Kidney.kidney connecting tubule epithelial cell,540,9880,5.47
cdf9127efdfc96189845c35244d4d8ab,CL:1000714,Kidney.kidney cortex collecting duct principal cell,278,9880,2.81
cdf9127efdfc96189845c35244d4d8ab,CL:0000653,Kidney.podocyte,242,9880,2.45
cdf9127efdfc96189845c35244d4d8ab,CL:1001108,Kidney.kidney loop of Henle medullary thick ascending limb epithelial cell,227,9880,2.3
cdf9127efdfc96189845c35244d4d8ab,CL:4030012,Kidney.kidney loop of Henle short descending thin limb epithelial cell,214,9880,2.17
cdf9127efdfc96189845c35244d4d8ab,CL:4030013,Kidney.kidney loop of Henle long descending thin limb outer medulla epithelial cell,184,9880,1.86
cdf9127efdfc96189845c35244d4d8ab,CL:1001033,Kidney.peritubular capillary endothelial cell,178,9880,1.8
cdf9127efdfc96189845c35244d4d8ab,CL:1001131,Kidney.vasa recta ascending limb cell,139,9880,1.41
cdf9127efdfc96189845c35244d4d8ab,CL:1001318,Kidney.renal interstitial pericyte,131,9880,1.33
cdf9127efdfc96189845c35244d4d8ab,CL:4030022,Kidney.renal medullary fibroblast,125,9880,1.27
cdf9127efdfc96189845c35244d4d8ab,CL:1001005,Kidney.glomerular capillary endothelial cell,119,9880,1.2
cdf9127efdfc96189845c35244d4d8ab,CL:1000717,Kidney.kidney outer medulla collecting duct intercalated cell,96,9880,0.97
cdf9127efdfc96189845c35244d4d8ab,CL:4030018,Kidney.kidney connecting tubule principal cell,83,9880,0.84
cdf9127efdfc96189845c35244d4d8ab,CL:1001107,Kidney.kidney loop of Henle thin ascending limb epithelial cell,82,9880,0.83
cdf9127efdfc96189845c35244d4d8ab,CL:1000716,Kidney.kidney outer medulla collecting duct principal cell,80,9880,0.81
cdf9127efdfc96189845c35244d4d8ab,CL:1001285,Kidney.vasa recta descending limb cell,54,9880,0.55
cdf9127efdfc96189845c35244d4d8ab,CL:0002201,Kidney.renal beta-intercalated cell,54,9880,0.55
cdf9127efdfc96189845c35244d4d8ab,CL:1000715,Kidney.kidney cortex collecting duct intercalated cell,38,9880,0.38
cdf9127efdfc96189845c35244d4d8ab,CL:4030017,Kidney.epithelial cell of late distal convoluted tubule,35,9880,0.35
cdf9127efdfc96189845c35244d4d8ab,CL:1000698,Kidney.kidney resident macrophage,29,9880,0.29
cdf9127efdfc96189845c35244d4d8ab,CL:1000850,Kidney.macula densa epithelial cell,27,9880,0.27
cdf9127efdfc96189845c35244d4d8ab,CL:0000990,Kidney.conventional dendritic cell,19,9880,0.19
cdf9127efdfc96189845c35244d4d8ab,CL:1000452,Kidney.parietal epithelial cell,16,9880,0.16
cdf9127efdfc96189845c35244d4d8ab,CL:1000412,Kidney.endothelial cell of arteriole,12,9880,0.12
cdf9127efdfc96189845c35244d4d8ab,CL:1000597,Kidney.papillary tips cell,11,9880,0.11
cdf9127efdfc96189845c35244d4d8ab,CL:0011031,Kidney.monocyte-derived dendritic cell,11,9880,0.11
cdf9127efdfc96189845c35244d4d8ab,CL:4030014,Kidney.kidney loop of Henle long descending thin limb inner medulla epithelial cell,8,9880,0.08
cdf9127efdfc96189845c35244d4d8ab,CL:0000650,Kidney.mesangial cell,8,9880,0.08
cdf9127efdfc96189845c35244d4d8ab,CL:0000648,Kidney.kidney granular cell,1,9880,0.01
cdf9127efdfc96189845c35244d4d8ab,CL:4030020,Kidney.kidney connecting tubule alpha-intercalated cell,1,9880,0.01
cdf9127efdfc96189845c35244d4d8ab,CL:0000875,Kidney.non-classical monocyte,1,9880,0.01
a1d17fdd270a69c813b872a927dfa5f3,CL:1001109,Kidney.kidney loop of Henle cortical thick ascending limb epithelial cell,3883,8221,47.23
a1d17fdd270a69c813b872a927dfa5f3,CL:4030009,Kidney.epithelial cell of proximal tubule segment 1,1039,8221,12.64
a1d17fdd270a69c813b872a927dfa5f3,CL:4030016,Kidney.epithelial cell of early distal convoluted tubule,569,8221,6.92
a1d17fdd270a69c813b872a927dfa5f3,CL:4030011,Kidney.epithelial cell of proximal tubule segment 3,523,8221,6.36
a1d17fdd270a69c813b872a927dfa5f3,CL:1000768,Kidney.kidney connecting tubule epithelial cell,324,8221,3.94
a1d17fdd270a69c813b872a927dfa5f3,CL:1000718,Kidney.kidney inner medulla collecting duct principal cell,266,8221,3.24
a1d17fdd270a69c813b872a927dfa5f3,CL:0000057,Kidney.kidney interstitial fibroblast,261,8221,3.17
a1d17fdd270a69c813b872a927dfa5f3,CL:1000714,Kidney.kidney cortex collecting duct principal cell,211,8221,2.57
a1d17fdd270a69c813b872a927dfa5f3,CL:1001108,Kidney.kidney loop of Henle medullary thick ascending limb epithelial cell,159,8221,1.93
a1d17fdd270a69c813b872a927dfa5f3,CL:0000653,Kidney.podocyte,128,8221,1.56
a1d17fdd270a69c813b872a927dfa5f3,CL:1001033,Kidney.peritubular capillary endothelial cell,116,8221,1.41
a1d17fdd270a69c813b872a927dfa5f3,CL:4030012,Kidney.kidney loop of Henle short descending thin limb epithelial cell,71,8221,0.86
a1d17fdd270a69c813b872a927dfa5f3,CL:1001005,Kidney.glomerular capillary endothelial cell,69,8221,0.84
a1d17fdd270a69c813b872a927dfa5f3,CL:1001131,Kidney.vasa recta ascending limb cell,62,8221,0.75
a1d17fdd270a69c813b872a927dfa5f3,CL:1001107,Kidney.kidney loop of Henle thin ascending limb epithelial cell,59,8221,0.72
a1d17fdd270a69c813b872a927dfa5f3,CL:4030013,Kidney.kidney loop of Henle long descending thin limb outer medulla epithelial cell,54,8221,0.66
a1d17fdd270a69c813b872a927dfa5f3,CL:1001318,Kidney.renal interstitial pericyte,52,8221,0.63
a1d17fdd270a69c813b872a927dfa5f3,CL:4030022,Kidney.renal medullary fibroblast,50,8221,0.61
a1d17fdd270a69c813b872a927dfa5f3,CL:0002201,Kidney.renal beta-intercalated cell,47,8221,0.57
a1d17fdd270a69c813b872a927dfa5f3,CL:1000717,Kidney.kidney outer medulla collecting duct intercalated cell,46,8221,0.56
a1d17fdd270a69c813b872a927dfa5f3,CL:4030018,Kidney.kidney connecting tubule principal cell,40,8221,0.49
a1d17fdd270a69c813b872a927dfa5f3,CL:1001285,Kidney.vasa recta descending limb cell,37,8221,0.45
a1d17fdd270a69c813b872a927dfa5f3,CL:4030017,Kidney.epithelial cell of late distal convoluted tubule,34,8221,0.41
a1d17fdd270a69c813b872a927dfa5f3,CL:1000412,Kidney.endothelial cell of arteriole,24,8221,0.29
a1d17fdd270a69c813b872a927dfa5f3,CL:1000850,Kidney.macula densa epithelial cell,20,8221,0.24
a1d17fdd270a69c813b872a927dfa5f3,CL:1000698,Kidney.kidney resident macrophage,19,8221,0.23
a1d17fdd270a69c813b872a927dfa5f3,CL:1000716,Kidney.kidney outer medulla collecting duct principal cell,17,8221,0.21
a1d17fdd270a69c813b872a927dfa5f3,CL:1000715,Kidney.kidney cortex collecting duct intercalated cell,12,8221,0.15
a1d17fdd270a69c813b872a927dfa5f3,CL:0000990,Kidney.conventional dendritic cell,8,8221,0.1
a1d17fdd270a69c813b872a927dfa5f3,CL:1000452,Kidney.parietal epithelial cell,7,8221,0.09
a1d17fdd270a69c813b872a927dfa5f3,CL:0000650,Kidney.mesangial cell,3,8221,0.04
a1d17fdd270a69c813b872a927dfa5f3,CL:0011031,Kidney.monocyte-derived dendritic cell,3,8221,0.04
a1d17fdd270a69c813b872a927dfa5f3,CL:4030014,Kidney.kidney loop of Henle long descending thin limb inner medulla epithelial cell,2,8221,0.02
a1d17fdd270a69c813b872a927dfa5f3,CL:0000236,Kidney.B cell,1,8221,0.01
a1d17fdd270a69c813b872a927dfa5f3,CL:0000084,Kidney.T cell,1,8221,0.01
a1d17fdd270a69c813b872a927dfa5f3,CL:4030020,Kidney.kidney connecting tubule alpha-intercalated cell,1,8221,0.01
a1d17fdd270a69c813b872a927dfa5f3,CL:0000775,Kidney.neutrophil,1,8221,0.01
a1d17fdd270a69c813b872a927dfa5f3,CL:0000875,Kidney.non-classical monocyte,1,8221,0.01
a1d17fdd270a69c813b872a927dfa5f3,CL:0000786,Kidney.plasma cell,1,8221,0.01
615462a0e4aa133d8b19644c404e3eeb,CL:4030012,Kidney.kidney loop of Henle short descending thin limb epithelial cell,3518,15102,23.29
615462a0e4aa133d8b19644c404e3eeb,CL:1001109,Kidney.kidney loop of Henle cortical thick ascending limb epithelial cell,2178,15102,14.42
615462a0e4aa133d8b19644c404e3eeb,CL:1001108,Kidney.kidney loop of Henle medullary thick ascending limb epithelial cell,1576,15102,10.44
615462a0e4aa133d8b19644c404e3eeb,CL:1000718,Kidney.kidney inner medulla collecting duct principal cell,1536,15102,10.17
615462a0e4aa133d8b19644c404e3eeb,CL:1000768,Kidney.kidney connecting tubule epithelial cell,950,15102,6.29
615462a0e4aa133d8b19644c404e3eeb,CL:4030016,Kidney.epithelial cell of early distal convoluted tubule,835,15102,5.53
615462a0e4aa133d8b19644c404e3eeb,CL:4030013,Kidney.kidney loop of Henle long descending thin limb outer medulla epithelial cell,692,15102,4.58
615462a0e4aa133d8b19644c404e3eeb,CL:1000714,Kidney.kidney cortex collecting duct principal cell,643,15102,4.26
615462a0e4aa133d8b19644c404e3eeb,CL:1001033,Kidney.peritubular capillary endothelial cell,334,15102,2.21
615462a0e4aa133d8b19644c404e3eeb,CL:1000850,Kidney.macula densa epithelial cell,318,15102,2.11
615462a0e4aa133d8b19644c404e3eeb,CL:0000057,Kidney.kidney interstitial fibroblast,311,15102,2.06
615462a0e4aa133d8b19644c404e3eeb,CL:1001107,Kidney.kidney loop of Henle thin ascending limb epithelial cell,266,15102,1.76
615462a0e4aa133d8b19644c404e3eeb,CL:1000716,Kidney.kidney outer medulla collecting duct principal cell,249,15102,1.65
615462a0e4aa133d8b19644c404e3eeb,CL:1000452,Kidney.parietal epithelial cell,248,15102,1.64
615462a0e4aa133d8b19644c404e3eeb,CL:4030011,Kidney.epithelial cell of proximal tubule segment 3,174,15102,1.15
615462a0e4aa133d8b19644c404e3eeb,CL:1001005,Kidney.glomerular capillary endothelial cell,160,15102,1.06
615462a0e4aa133d8b19644c404e3eeb,CL:1000717,Kidney.kidney outer medulla collecting duct intercalated cell,131,15102,0.87
615462a0e4aa133d8b19644c404e3eeb,CL:4030014,Kidney.kidney loop of Henle long descending thin limb inner medulla epithelial cell,115,15102,0.76
615462a0e4aa133d8b19644c404e3eeb,CL:1001318,Kidney.renal interstitial pericyte,101,15102,0.67
615462a0e4aa133d8b19644c404e3eeb,CL:1001285,Kidney.vasa recta descending limb cell,98,15102,0.65
615462a0e4aa133d8b19644c404e3eeb,CL:4030022,Kidney.renal medullary fibroblast,95,15102,0.63
615462a0e4aa133d8b19644c404e3eeb,CL:0000084,Kidney.T cell,90,15102,0.6
615462a0e4aa133d8b19644c404e3eeb,CL:0000650,Kidney.mesangial cell,80,15102,0.53
615462a0e4aa133d8b19644c404e3eeb,CL:4030009,Kidney.epithelial cell of proximal tubule segment 1,66,15102,0.44
615462a0e4aa133d8b19644c404e3eeb,CL:0002138,Kidney.endothelial cell of lymphatic vessel,59,15102,0.39
615462a0e4aa133d8b19644c404e3eeb,CL:1001131,Kidney.vasa recta ascending limb cell,56,15102,0.37
615462a0e4aa133d8b19644c404e3eeb,CL:1000698,Kidney.kidney resident macrophage,55,15102,0.36
615462a0e4aa133d8b19644c404e3eeb,CL:1000715,Kidney.kidney cortex collecting duct intercalated cell,43,15102,0.28
615462a0e4aa133d8b19644c404e3eeb,CL:0000653,Kidney.podocyte,25,15102,0.17
615462a0e4aa133d8b19644c404e3eeb,CL:0000236,Kidney.B cell,22,15102,0.15
615462a0e4aa133d8b19644c404e3eeb,CL:0002201,Kidney.renal beta-intercalated cell,21,15102,0.14
615462a0e4aa133d8b19644c404e3eeb,CL:0011031,Kidney.monocyte-derived dendritic cell,18,15102,0.12
615462a0e4aa133d8b19644c404e3eeb,CL:1000412,Kidney.endothelial cell of arteriole,11,15102,0.07
615462a0e4aa133d8b19644c404e3eeb,CL:0000990,Kidney.conventional dendritic cell,9,15102,0.06
615462a0e4aa133d8b19644c404e3eeb,CL:4030018,Kidney.kidney connecting tubule principal cell,7,15102,0.05
615462a0e4aa133d8b19644c404e3eeb,CL:0000097,Kidney.mast cell,4,15102,0.03
615462a0e4aa133d8b19644c404e3eeb,CL:4030017,Kidney.epithelial cell of late distal convoluted tubule,3,15102,0.02
615462a0e4aa133d8b19644c404e3eeb,CL:4030010,Kidney.epithelial cell of proximal tubule segment 2,3,15102,0.02
615462a0e4aa133d8b19644c404e3eeb,CL:0000875,Kidney.non-classical monocyte,1,15102,0.01
615462a0e4aa133d8b19644c404e3eeb,CL:0000814,Kidney.mature NK T cell,1,15102,0.01
c14b104f9e44511ddf82697bce0d1901,CL:1001109,Kidney.kidney loop of Henle cortical thick ascending limb epithelial cell,4709,16267,28.95
c14b104f9e44511ddf82697bce0d1901,CL:1001108,Kidney.kidney loop of Henle medullary thick ascending limb epithelial cell,2405,16267,14.78
c14b104f9e44511ddf82697bce0d1901,CL:4030012,Kidney.kidney loop of Henle short descending thin limb epithelial cell,1466,16267,9.01
c14b104f9e44511ddf82697bce0d1901,CL:4030016,Kidney.epithelial cell of early distal convoluted tubule,845,16267,5.19
c14b104f9e44511ddf82697bce0d1901,CL:1001107,Kidney.kidney loop of Henle thin ascending limb epithelial cell,822,16267,5.05
c14b104f9e44511ddf82697bce0d1901,CL:4030013,Kidney.kidney loop of Henle long descending thin limb outer medulla epithelial cell,818,16267,5.03
c14b104f9e44511ddf82697bce0d1901,CL:1000768,Kidney.kidney connecting tubule epithelial cell,684,16267,4.2
c14b104f9e44511ddf82697bce0d1901,CL:0000650,Kidney.mesangial cell,572,16267,3.52
c14b104f9e44511ddf82697bce0d1901,CL:1000714,Kidney.kidney cortex collecting duct principal cell,444,16267,2.73
c14b104f9e44511ddf82697bce0d1901,CL:1000718,Kidney.kidney inner medulla collecting duct principal cell,384,16267,2.36
c14b104f9e44511ddf82697bce0d1901,CL:1001033,Kidney.peritubular capillary endothelial cell,365,16267,2.24
c14b104f9e44511ddf82697bce0d1901,CL:0000057,Kidney.kidney interstitial fibroblast,332,16267,2.04
c14b104f9e44511ddf82697bce0d1901,CL:1000716,Kidney.kidney outer medulla collecting duct principal cell,257,16267,1.58
c14b104f9e44511ddf82697bce0d1901,CL:1001005,Kidney.glomerular capillary endothelial cell,242,16267,1.49
c14b104f9e44511ddf82697bce0d1901,CL:1000452,Kidney.parietal epithelial cell,221,16267,1.36
c14b104f9e44511ddf82697bce0d1901,CL:0000084,Kidney.T cell,195,16267,1.2
c14b104f9e44511ddf82697bce0d1901,CL:1000850,Kidney.macula densa epithelial cell,185,16267,1.14
c14b104f9e44511ddf82697bce0d1901,CL:4030011,Kidney.epithelial cell of proximal tubule segment 3,180,16267,1.11
c14b104f9e44511ddf82697bce0d1901,CL:4030009,Kidney.epithelial cell of proximal tubule segment 1,156,16267,0.96
c14b104f9e44511ddf82697bce0d1901,CL:4030022,Kidney.renal medullary fibroblast,143,16267,0.88
c14b104f9e44511ddf82697bce0d1901,CL:0000236,Kidney.B cell,108,16267,0.66
c14b104f9e44511ddf82697bce0d1901,CL:1001318,Kidney.renal interstitial pericyte,107,16267,0.66
c14b104f9e44511ddf82697bce0d1901,CL:4030014,Kidney.kidney loop of Henle long descending thin limb inner medulla epithelial cell,104,16267,0.64
c14b104f9e44511ddf82697bce0d1901,CL:1000715,Kidney.kidney cortex collecting duct intercalated cell,91,16267,0.56
c14b104f9e44511ddf82697bce0d1901,CL:1000717,Kidney.kidney outer medulla collecting duct intercalated cell,82,16267,0.5
c14b104f9e44511ddf82697bce0d1901,CL:1001285,Kidney.vasa recta descending limb cell,76,16267,0.47
c14b104f9e44511ddf82697bce0d1901,CL:1000698,Kidney.kidney resident macrophage,73,16267,0.45
c14b104f9e44511ddf82697bce0d1901,CL:0002201,Kidney.renal beta-intercalated cell,39,16267,0.24
c14b104f9e44511ddf82697bce0d1901,CL:1001131,Kidney.vasa recta ascending limb cell,34,16267,0.21
c14b104f9e44511ddf82697bce0d1901,CL:0000653,Kidney.podocyte,29,16267,0.18
c14b104f9e44511ddf82697bce0d1901,CL:0011031,Kidney.monocyte-derived dendritic cell,25,16267,0.15
c14b104f9e44511ddf82697bce0d1901,CL:0002138,Kidney.endothelial cell of lymphatic vessel,24,16267,0.15
c14b104f9e44511ddf82697bce0d1901,CL:0000990,Kidney.conventional dendritic cell,11,16267,0.07
c14b104f9e44511ddf82697bce0d1901,CL:1000412,Kidney.endothelial cell of arteriole,11,16267,0.07
c14b104f9e44511ddf82697bce0d1901,CL:0000097,Kidney.mast cell,9,16267,0.06
c14b104f9e44511ddf82697bce0d1901,CL:0000875,Kidney.non-classical monocyte,8,16267,0.05
c14b104f9e44511ddf82697bce0d1901,CL:4030018,Kidney.kidney connecting tubule principal cell,8,16267,0.05
c14b104f9e44511ddf82697bce0d1901,CL:4030010,Kidney.epithelial cell of proximal tubule segment 2,2,16267,0.01
c14b104f9e44511ddf82697bce0d1901,CL:4030017,Kidney.epithelial cell of late distal convoluted tubule,1,16267,0.01
0804a7a9e430e6adfbc56f339d787211,CL:1001108,Kidney.kidney loop of Henle medullary thick ascending limb epithelial cell,7492,33254,22.53
0804a7a9e430e6adfbc56f339d787211,CL:1001109,Kidney.kidney loop of Henle cortical thick ascending limb epithelial cell,4415,33254,13.28
0804a7a9e430e6adfbc56f339d787211,CL:1000714,Kidney.kidney cortex collecting duct principal cell,4217,33254,12.68
0804a7a9e430e6adfbc56f339d787211,CL:4030012,Kidney.kidney loop of Henle short descending thin limb epithelial cell,2844,33254,8.55
0804a7a9e430e6adfbc56f339d787211,CL:4030016,Kidney.epithelial cell of early distal convoluted tubule,2007,33254,6.04
0804a7a9e430e6adfbc56f339d787211,CL:1000768,Kidney.kidney connecting tubule epithelial cell,1694,33254,5.09
0804a7a9e430e6adfbc56f339d787211,CL:1001107,Kidney.kidney loop of Henle thin ascending limb epithelial cell,1639,33254,4.93
0804a7a9e430e6adfbc56f339d787211,CL:1000718,Kidney.kidney inner medulla collecting duct principal cell,1492,33254,4.49
0804a7a9e430e6adfbc56f339d787211,CL:1000716,Kidney.kidney outer medulla collecting duct principal cell,1012,33254,3.04
0804a7a9e430e6adfbc56f339d787211,CL:4030013,Kidney.kidney loop of Henle long descending thin limb outer medulla epithelial cell,790,33254,2.38
0804a7a9e430e6adfbc56f339d787211,CL:0000057,Kidney.kidney interstitial fibroblast,756,33254,2.27
0804a7a9e430e6adfbc56f339d787211,CL:1000452,Kidney.parietal epithelial cell,752,33254,2.26
0804a7a9e430e6adfbc56f339d787211,CL:4030022,Kidney.renal medullary fibroblast,639,33254,1.92
0804a7a9e430e6adfbc56f339d787211,CL:1001033,Kidney.peritubular capillary endothelial cell,477,33254,1.43
0804a7a9e430e6adfbc56f339d787211,CL:1000717,Kidney.kidney outer medulla collecting duct intercalated cell,364,33254,1.09
0804a7a9e430e6adfbc56f339d787211,CL:1001131,Kidney.vasa recta ascending limb cell,330,33254,0.99
0804a7a9e430e6adfbc56f339d787211,CL:1000850,Kidney.macula densa epithelial cell,309,33254,0.93
0804a7a9e430e6adfbc56f339d787211,CL:4030014,Kidney.kidney loop of Henle long descending thin limb inner medulla epithelial cell,234,33254,0.7
0804a7a9e430e6adfbc56f339d787211,CL:0002201,Kidney.renal beta-intercalated cell,207,33254,0.62
0804a7a9e430e6adfbc56f339d787211,CL:0002138,Kidney.endothelial cell of lymphatic vessel,183,33254,0.55
0804a7a9e430e6adfbc56f339d787211,CL:0000084,Kidney.T cell,174,33254,0.52
0804a7a9e430e6adfbc56f339d787211,CL:4030011,Kidney.epithelial cell of proximal tubule segment 3,168,33254,0.51
0804a7a9e430e6adfbc56f339d787211,CL:1000715,Kidney.kidney cortex collecting duct intercalated cell,155,33254,0.47
0804a7a9e430e6adfbc56f339d787211,CL:1001318,Kidney.renal interstitial pericyte,149,33254,0.45
0804a7a9e430e6adfbc56f339d787211,CL:1001285,Kidney.vasa recta descending limb cell,145,33254,0.44
0804a7a9e430e6adfbc56f339d787211,CL:1001005,Kidney.glomerular capillary endothelial cell,118,33254,0.35
0804a7a9e430e6adfbc56f339d787211,CL:0000650,Kidney.mesangial cell,115,33254,0.35
0804a7a9e430e6adfbc56f339d787211,CL:1000698,Kidney.kidney resident macrophage,101,33254,0.3
0804a7a9e430e6adfbc56f339d787211,CL:4030009,Kidney.epithelial cell of proximal tubule segment 1,97,33254,0.29
0804a7a9e430e6adfbc56f339d787211,CL:0011031,Kidney.monocyte-derived dendritic cell,58,33254,0.17
0804a7a9e430e6adfbc56f339d787211,CL:0000236,Kidney.B cell,45,33254,0.14
0804a7a9e430e6adfbc56f339d787211,CL:0000653,Kidney.podocyte,42,33254,0.13
0804a7a9e430e6adfbc56f339d787211,CL:0000990,Kidney.conventional dendritic cell,14,33254,0.04
0804a7a9e430e6adfbc56f339d787211,CL:1000412,Kidney.endothelial cell of arteriole,9,33254,0.03
0804a7a9e430e6adfbc56f339d787211,CL:4030018,Kidney.kidney connecting tubule principal cell,5,33254,0.02
0804a7a9e430e6adfbc56f339d787211,CL:4030010,Kidney.epithelial cell of proximal tubule segment 2,2,33254,0.01
0804a7a9e430e6adfbc56f339d787211,CL:1000597,Kidney.papillary tips cell,2,33254,0.01
0804a7a9e430e6adfbc56f339d787211,CL:0000814,Kidney.mature NK T cell,1,33254,0.0
0804a7a9e430e6adfbc56f339d787211,CL:0000097,Kidney.mast cell,1,33254,0.0
a39fed027b51d97f83cec90c63c44744,CL:4028006,Lung.alveolar type 2 fibroblast cell,7925,25329,31.29
a39fed027b51d97f83cec90c63c44744,CL:0002144,Lung.capillary endothelial cell,5253,25329,20.74
a39fed027b51d97f83cec90c63c44744,CL:0005012,Lung.multi-ciliated epithelial cell:non-nasal,2581,25329,10.19
a39fed027b51d97f83cec90c63c44744,CL:4028004,Lung.alveolar type 1 fibroblast cell,2327,25329,9.19
a39fed027b51d97f83cec90c63c44744,CL:0000192,Lung.smooth muscle cell,1563,25329,6.17
a39fed027b51d97f83cec90c63c44744,CL:0002553,Lung.fibroblast of lung:alveolar,1040,25329,4.11
a39fed027b51d97f83cec90c63c44744,CL:0000913,"Lung.effector memory CD8-positive, alpha-beta T cell",686,25329,2.71
a39fed027b51d97f83cec90c63c44744,CL:0000492,Lung.CD4-positive helper T cell,513,25329,2.03
a39fed027b51d97f83cec90c63c44744,other,Lung.other,505,25329,1.99
a39fed027b51d97f83cec90c63c44744,CL:0002399,Lung.CD1c-positive myeloid dendritic cell,460,25329,1.82
a39fed027b51d97f83cec90c63c44744,CL:0002553,Lung.fibroblast of lung:adventitial,306,25329,1.21
a39fed027b51d97f83cec90c63c44744,CL:0000576,Lung.monocyte,290,25329,1.14
a39fed027b51d97f83cec90c63c44744,CL:1000413,Lung.endothelial cell of artery,270,25329,1.07
a39fed027b51d97f83cec90c63c44744,CL:0009089,Lung.lung pericyte,239,25329,0.94
a39fed027b51d97f83cec90c63c44744,CL:0000583,Lung.alveolar macrophage,214,25329,0.84
a39fed027b51d97f83cec90c63c44744,CL:0002633,Lung.respiratory basal cell,206,25329,0.81
a39fed027b51d97f83cec90c63c44744,CL:0005006,Lung.ionocyte,170,25329,0.67
a39fed027b51d97f83cec90c63c44744,CL:0009086,Lung.endothelial cell of lymphatic vessel:mature,154,25329,0.61
a39fed027b51d97f83cec90c63c44744,CL:0002144,Lung.capillary endothelial cell:aerocyte,129,25329,0.51
a39fed027b51d97f83cec90c63c44744,CL:1000414,Lung.endothelial cell of venule:pulmonary,117,25329,0.46
a39fed027b51d97f83cec90c63c44744,CL:0000236,Lung.B cell,114,25329,0.45
a39fed027b51d97f83cec90c63c44744,CL:1000414,Lung.endothelial cell of venule,99,25329,0.39
a39fed027b51d97f83cec90c63c44744,CL:0000097,Lung.mast cell,45,25329,0.18
a39fed027b51d97f83cec90c63c44744,CL:0000186,Lung.myofibroblast cell,37,25329,0.15
a39fed027b51d97f83cec90c63c44744,CL:0000786,Lung.plasma cell,23,25329,0.09
a39fed027b51d97f83cec90c63c44744,CL:0000158,Lung.club cell:nasal,13,25329,0.05
a39fed027b51d97f83cec90c63c44744,CL:0002480,Lung.nasal mucosa goblet cell,13,25329,0.05
a39fed027b51d97f83cec90c63c44744,CL:0001058,"Lung.plasmacytoid dendritic cell, human",12,25329,0.05
a39fed027b51d97f83cec90c63c44744,CL:0000158,Lung.club cell:non-nasal,9,25329,0.04
a39fed027b51d97f83cec90c63c44744,CL:0019032,Lung.intestinal tuft cell,7,25329,0.03
a39fed027b51d97f83cec90c63c44744,CL:0009086,Lung.endothelial cell of lymphatic vessel:differentiating,5,25329,0.02
a39fed027b51d97f83cec90c63c44744,CL:0000068,Lung.duct epithelial cell,1,25329,0.0
a39fed027b51d97f83cec90c63c44744,CL:4028006,Lung.alveolar type 2 fibroblast cell:proliferating,1,25329,0.0
a39fed027b51d97f83cec90c63c44744,CL:0002241,Lung.pulmonary interstitial fibroblast,1,25329,0.0
a39fed027b51d97f83cec90c63c44744,CL:0000313,Lung.serous secreting cell:nasal,1,25329,0.0
176edb4b0e16059522f6f087576fbeec,CL:0002144,Lung.capillary endothelial cell,17674,58925,29.99
176edb4b0e16059522f6f087576fbeec,CL:4028004,Lung.alveolar type 1 fibroblast cell,10548,58925,17.9
176edb4b0e16059522f6f087576fbeec,CL:4028006,Lung.alveolar type 2 fibroblast cell,6498,58925,11.03
176edb4b0e16059522f6f087576fbeec,CL:0000913,"Lung.effector memory CD8-positive, alpha-beta T cell",5502,58925,9.34
176edb4b0e16059522f6f087576fbeec,CL:0005012,Lung.multi-ciliated epithelial cell:non-nasal,4050,58925,6.87
176edb4b0e16059522f6f087576fbeec,CL:0002553,Lung.fibroblast of lung:alveolar,2222,58925,3.77
176edb4b0e16059522f6f087576fbeec,CL:0000492,Lung.CD4-positive helper T cell,2216,58925,3.76
176edb4b0e16059522f6f087576fbeec,CL:0002553,Lung.fibroblast of lung:adventitial,1321,58925,2.24
176edb4b0e16059522f6f087576fbeec,CL:0002633,Lung.respiratory basal cell,1037,58925,1.76
176edb4b0e16059522f6f087576fbeec,CL:1000413,Lung.endothelial cell of artery,901,58925,1.53
176edb4b0e16059522f6f087576fbeec,CL:0002480,Lung.nasal mucosa goblet cell,778,58925,1.32
176edb4b0e16059522f6f087576fbeec,CL:0009086,Lung.endothelial cell of lymphatic vessel:mature,738,58925,1.25
176edb4b0e16059522f6f087576fbeec,CL:1000414,Lung.endothelial cell of venule,734,58925,1.25
176edb4b0e16059522f6f087576fbeec,CL:0009089,Lung.lung pericyte,657,58925,1.11
176edb4b0e16059522f6f087576fbeec,CL:0000192,Lung.smooth muscle cell,602,58925,1.02
176edb4b0e16059522f6f087576fbeec,CL:0005006,Lung.ionocyte,512,58925,0.87
176edb4b0e16059522f6f087576fbeec,CL:1000414,Lung.endothelial cell of venule:pulmonary,474,58925,0.8
176edb4b0e16059522f6f087576fbeec,CL:0000236,Lung.B cell,396,58925,0.67
176edb4b0e16059522f6f087576fbeec,CL:0000576,Lung.monocyte,357,58925,0.61
176edb4b0e16059522f6f087576fbeec,other,Lung.other,287,58925,0.49
176edb4b0e16059522f6f087576fbeec,CL:0002144,Lung.capillary endothelial cell:aerocyte,243,58925,0.41
176edb4b0e16059522f6f087576fbeec,CL:0002399,Lung.CD1c-positive myeloid dendritic cell,217,58925,0.37
176edb4b0e16059522f6f087576fbeec,CL:0009086,Lung.endothelial cell of lymphatic vessel:differentiating,177,58925,0.3
176edb4b0e16059522f6f087576fbeec,CL:0000158,Lung.club cell:nasal,148,58925,0.25
176edb4b0e16059522f6f087576fbeec,CL:0019003,Lung.tracheobronchial goblet cell,134,58925,0.23
176edb4b0e16059522f6f087576fbeec,CL:0001058,"Lung.plasmacytoid dendritic cell, human",92,58925,0.16
176edb4b0e16059522f6f087576fbeec,CL:0000097,Lung.mast cell,90,58925,0.15
176edb4b0e16059522f6f087576fbeec,CL:0019032,Lung.intestinal tuft cell,85,58925,0.14
176edb4b0e16059522f6f087576fbeec,CL:0005012,Lung.multi-ciliated epithelial cell:deuterosomal,37,58925,0.06
176edb4b0e16059522f6f087576fbeec,CL:0005012,Lung.multi-ciliated epithelial cell:nasal,36,58925,0.06
176edb4b0e16059522f6f087576fbeec,CL:0000186,Lung.myofibroblast cell,34,58925,0.06
176edb4b0e16059522f6f087576fbeec,CL:0000313,Lung.serous secreting cell:bronchial,29,58925,0.05
176edb4b0e16059522f6f087576fbeec,CL:0000786,Lung.plasma cell,27,58925,0.05
176edb4b0e16059522f6f087576fbeec,CL:0000068,Lung.duct epithelial cell,26,58925,0.04
176edb4b0e16059522f6f087576fbeec,CL:0000583,Lung.alveolar macrophage,16,58925,0.03
176edb4b0e16059522f6f087576fbeec,CL:0000651,Lung.mucous neck cell,13,58925,0.02
176edb4b0e16059522f6f087576fbeec,CL:4028006,Lung.alveolar type 2 fibroblast cell:proliferating,7,58925,0.01
176edb4b0e16059522f6f087576fbeec,CL:0000158,Lung.club cell:non-nasal,6,58925,0.01
176edb4b0e16059522f6f087576fbeec,CL:0000313,Lung.serous secreting cell:nasal,2,58925,0.0
176edb4b0e16059522f6f087576fbeec,CL:0000084,Lung.T cell:proliferating,1,58925,0.0
176edb4b0e16059522f6f087576fbeec,CL:0000623,Lung.natural killer cell,1,58925,0.0
4369a119a9c06ea304003a5c3cb3a2e0,CL:0002144,Lung.capillary endothelial cell,31659,74915,42.26
4369a119a9c06ea304003a5c3cb3a2e0,CL:4028004,Lung.alveolar type 1 fibroblast cell,9143,74915,12.2
4369a119a9c06ea304003a5c3cb3a2e0,CL:4028006,Lung.alveolar type 2 fibroblast cell,9067,74915,12.1
4369a119a9c06ea304003a5c3cb3a2e0,CL:0000492,Lung.CD4-positive helper T cell,4540,74915,6.06
4369a119a9c06ea304003a5c3cb3a2e0,CL:0005012,Lung.multi-ciliated epithelial cell:non-nasal,4257,74915,5.68
4369a119a9c06ea304003a5c3cb3a2e0,CL:0002553,Lung.fibroblast of lung:alveolar,3122,74915,4.17
4369a119a9c06ea304003a5c3cb3a2e0,CL:0000913,"Lung.effector memory CD8-positive, alpha-beta T cell",2049,74915,2.74
4369a119a9c06ea304003a5c3cb3a2e0,CL:0000576,Lung.monocyte,1487,74915,1.98
4369a119a9c06ea304003a5c3cb3a2e0,CL:1000414,Lung.endothelial cell of venule,1217,74915,1.62
4369a119a9c06ea304003a5c3cb3a2e0,CL:0009089,Lung.lung pericyte,1134,74915,1.51
4369a119a9c06ea304003a5c3cb3a2e0,CL:0002553,Lung.fibroblast of lung:adventitial,842,74915,1.12
4369a119a9c06ea304003a5c3cb3a2e0,CL:0005006,Lung.ionocyte,821,74915,1.1
4369a119a9c06ea304003a5c3cb3a2e0,CL:0002633,Lung.respiratory basal cell,616,74915,0.82
4369a119a9c06ea304003a5c3cb3a2e0,CL:0000192,Lung.smooth muscle cell,608,74915,0.81
4369a119a9c06ea304003a5c3cb3a2e0,CL:1000413,Lung.endothelial cell of artery,590,74915,0.79
4369a119a9c06ea304003a5c3cb3a2e0,CL:0000236,Lung.B cell,514,74915,0.69
4369a119a9c06ea304003a5c3cb3a2e0,CL:0002144,Lung.capillary endothelial cell:aerocyte,460,74915,0.61
4369a119a9c06ea304003a5c3cb3a2e0,CL:0002399,Lung.CD1c-positive myeloid dendritic cell,444,74915,0.59
4369a119a9c06ea304003a5c3cb3a2e0,other,Lung.other,423,74915,0.56
4369a119a9c06ea304003a5c3cb3a2e0,CL:0009086,Lung.endothelial cell of lymphatic vessel:mature,364,74915,0.49
4369a119a9c06ea304003a5c3cb3a2e0,CL:1000414,Lung.endothelial cell of venule:pulmonary,351,74915,0.47
4369a119a9c06ea304003a5c3cb3a2e0,CL:0001058,"Lung.plasmacytoid dendritic cell, human",326,74915,0.44
4369a119a9c06ea304003a5c3cb3a2e0,CL:0000097,Lung.mast cell,176,74915,0.23
4369a119a9c06ea304003a5c3cb3a2e0,CL:4028006,Lung.alveolar type 2 fibroblast cell:proliferating,145,74915,0.19
4369a119a9c06ea304003a5c3cb3a2e0,CL:0009086,Lung.endothelial cell of lymphatic vessel:differentiating,128,74915,0.17
4369a119a9c06ea304003a5c3cb3a2e0,CL:0002480,Lung.nasal mucosa goblet cell,95,74915,0.13
4369a119a9c06ea304003a5c3cb3a2e0,CL:0000786,Lung.plasma cell,85,74915,0.11
4369a119a9c06ea304003a5c3cb3a2e0,CL:0000864,Lung.tissue-resident macrophage,84,74915,0.11
4369a119a9c06ea304003a5c3cb3a2e0,CL:0000186,Lung.myofibroblast cell,50,74915,0.07
4369a119a9c06ea304003a5c3cb3a2e0,CL:0000583,Lung.alveolar macrophage,42,74915,0.06
4369a119a9c06ea304003a5c3cb3a2e0,CL:0000158,Lung.club cell:nasal,22,74915,0.03
4369a119a9c06ea304003a5c3cb3a2e0,CL:0005012,Lung.multi-ciliated epithelial cell:deuterosomal,14,74915,0.02
4369a119a9c06ea304003a5c3cb3a2e0,CL:0000158,Lung.club cell:non-nasal,12,74915,0.02
4369a119a9c06ea304003a5c3cb3a2e0,CL:0019003,Lung.tracheobronchial goblet cell,8,74915,0.01
4369a119a9c06ea304003a5c3cb3a2e0,CL:0000068,Lung.duct epithelial cell,6,74915,0.01
4369a119a9c06ea304003a5c3cb3a2e0,CL:0002241,Lung.pulmonary interstitial fibroblast,5,74915,0.01
4369a119a9c06ea304003a5c3cb3a2e0,CL:0019032,Lung.intestinal tuft cell,4,74915,0.01
4369a119a9c06ea304003a5c3cb3a2e0,CL:0000313,Lung.serous secreting cell:activated,2,74915,0.0
4369a119a9c06ea304003a5c3cb3a2e0,,Lung.mesothelial cell of pleura,1,74915,0.0
4369a119a9c06ea304003a5c3cb3a2e0,CL:0000623,Lung.natural killer cell,1,74915,0.0
4369a119a9c06ea304003a5c3cb3a2e0,CL:0000313,Lung.serous secreting cell:bronchial,1,74915,0.0
dd648e4648238b25a7d1062669ea89af,CL:4028004,Lung.alveolar type 1 fibroblast cell,20381,57411,35.5
dd648e4648238b25a7d1062669ea89af,CL:0002144,Lung.capillary endothelial cell,10644,57411,18.54
dd648e4648238b25a7d1062669ea89af,CL:4028006,Lung.alveolar type 2 fibroblast cell,7812,57411,13.61
dd648e4648238b25a7d1062669ea89af,CL:0000913,"Lung.effector memory CD8-positive, alpha-beta T cell",7412,57411,12.91
dd648e4648238b25a7d1062669ea89af,CL:0005012,Lung.multi-ciliated epithelial cell:non-nasal,3448,57411,6.01
dd648e4648238b25a7d1062669ea89af,CL:0000492,Lung.CD4-positive helper T cell,2106,57411,3.67
dd648e4648238b25a7d1062669ea89af,CL:0002553,Lung.fibroblast of lung:alveolar,1705,57411,2.97
dd648e4648238b25a7d1062669ea89af,CL:0002553,Lung.fibroblast of lung:adventitial,971,57411,1.69
dd648e4648238b25a7d1062669ea89af,other,Lung.other,683,57411,1.19
dd648e4648238b25a7d1062669ea89af,CL:0005006,Lung.ionocyte,357,57411,0.62
dd648e4648238b25a7d1062669ea89af,CL:0000236,Lung.B cell,339,57411,0.59
dd648e4648238b25a7d1062669ea89af,CL:0009086,Lung.endothelial cell of lymphatic vessel:mature,317,57411,0.55
dd648e4648238b25a7d1062669ea89af,CL:0002633,Lung.respiratory basal cell,272,57411,0.47
dd648e4648238b25a7d1062669ea89af,CL:0009089,Lung.lung pericyte,221,57411,0.38
dd648e4648238b25a7d1062669ea89af,CL:0002399,Lung.CD1c-positive myeloid dendritic cell,127,57411,0.22
dd648e4648238b25a7d1062669ea89af,CL:0000576,Lung.monocyte,99,57411,0.17
dd648e4648238b25a7d1062669ea89af,CL:0000192,Lung.smooth muscle cell,89,57411,0.16
dd648e4648238b25a7d1062669ea89af,CL:0000097,Lung.mast cell,62,57411,0.11
dd648e4648238b25a7d1062669ea89af,CL:1000414,Lung.endothelial cell of venule:pulmonary,61,57411,0.11
dd648e4648238b25a7d1062669ea89af,CL:1000413,Lung.endothelial cell of artery,60,57411,0.1
dd648e4648238b25a7d1062669ea89af,CL:0000158,Lung.club cell:non-nasal,52,57411,0.09
dd648e4648238b25a7d1062669ea89af,CL:0000786,Lung.plasma cell,43,57411,0.07
dd648e4648238b25a7d1062669ea89af,CL:0002480,Lung.nasal mucosa goblet cell,32,57411,0.06
dd648e4648238b25a7d1062669ea89af,CL:0000158,Lung.club cell:nasal,21,57411,0.04
dd648e4648238b25a7d1062669ea89af,CL:0002144,Lung.capillary endothelial cell:aerocyte,20,57411,0.03
dd648e4648238b25a7d1062669ea89af,CL:0005012,Lung.multi-ciliated epithelial cell:deuterosomal,15,57411,0.03
dd648e4648238b25a7d1062669ea89af,CL:0000186,Lung.myofibroblast cell,15,57411,0.03
dd648e4648238b25a7d1062669ea89af,CL:0019032,Lung.intestinal tuft cell,10,57411,0.02
dd648e4648238b25a7d1062669ea89af,CL:0009086,Lung.endothelial cell of lymphatic vessel:differentiating,9,57411,0.02
dd648e4648238b25a7d1062669ea89af,CL:1000414,Lung.endothelial cell of venule,5,57411,0.01
dd648e4648238b25a7d1062669ea89af,CL:0002241,Lung.pulmonary interstitial fibroblast,4,57411,0.01
dd648e4648238b25a7d1062669ea89af,CL:0000068,Lung.duct epithelial cell,4,57411,0.01
dd648e4648238b25a7d1062669ea89af,CL:0000583,Lung.alveolar macrophage,3,57411,0.01
dd648e4648238b25a7d1062669ea89af,CL:0000084,Lung.T cell:proliferating,3,57411,0.01
dd648e4648238b25a7d1062669ea89af,CL:0000651,Lung.mucous neck cell,3,57411,0.01
dd648e4648238b25a7d1062669ea89af,CL:4028006,Lung.alveolar type 2 fibroblast cell:proliferating,2,57411,0.0
dd648e4648238b25a7d1062669ea89af,CL:0001058,"Lung.plasmacytoid dendritic cell, human",2,57411,0.0
dd648e4648238b25a7d1062669ea89af,CL:0019003,Lung.tracheobronchial goblet cell,2,57411,0.0
973253708151ec15c683964b569be734,CL:4028002,Lung.alveolar capillary type 1 endothelial cell,1977,8950,22.09
973253708151ec15c683964b569be734,CL:0002062,Lung.type I pneumocyte,1443,8950,16.12
973253708151ec15c683964b569be734,CL:0002063,Lung.type II pneumocyte,1321,8950,14.76
973253708151ec15c683964b569be734,CL:4028004,Lung.alveolar fibroblast,778,8950,8.69
973253708151ec15c683964b569be734,CL:0002145,Lung.ciliated columnar cell of tracheobronchial tree:non-nasal,585,8950,6.54
973253708151ec15c683964b569be734,CL:4033008,Lung.vein endothelial cell of respiratory system,387,8950,4.32
973253708151ec15c683964b569be734,CL:4028003,Lung.alveolar capillary type 2 endothelial cell,362,8950,4.04
973253708151ec15c683964b569be734,CL:0000625,"Lung.CD8-positive, alpha-beta T cell",293,8950,3.27
973253708151ec15c683964b569be734,other,Lung.other,263,8950,2.94
973253708151ec15c683964b569be734,CL:0009089,Lung.lung pericyte,213,8950,2.38
973253708151ec15c683964b569be734,CL:0002633,Lung.respiratory basal cell,187,8950,2.09
973253708151ec15c683964b569be734,CL:0000624,"Lung.CD4-positive, alpha-beta T cell",186,8950,2.08
973253708151ec15c683964b569be734,CL:1001568,Lung.pulmonary artery endothelial cell,129,8950,1.44
973253708151ec15c683964b569be734,CL:0000192,Lung.smooth muscle cell,117,8950,1.31
973253708151ec15c683964b569be734,CL:0000186,Lung.myofibroblast cell,102,8950,1.14
973253708151ec15c683964b569be734,CL:4028006,Lung.adventitial fibroblast,94,8950,1.05
973253708151ec15c683964b569be734,CL:0000236,Lung.B cell,71,8950,0.79
973253708151ec15c683964b569be734,CL:0009086,Lung.endothelial cell of lymphatic vessel:differentiating,67,8950,0.75
973253708151ec15c683964b569be734,CL:0000860,Lung.classical monocyte,44,8950,0.49
973253708151ec15c683964b569be734,CL:0017000,Lung.pulmonary ionocyte,44,8950,0.49
973253708151ec15c683964b569be734,CL:0002399,Lung.CD1c-positive myeloid dendritic cell,42,8950,0.47
973253708151ec15c683964b569be734,CL:0000786,Lung.plasma cell,38,8950,0.42
973253708151ec15c683964b569be734,CL:4033005,Lung.serous secreting cell of bronchus submucosal gland,37,8950,0.41
973253708151ec15c683964b569be734,CL:0000097,Lung.mast cell,35,8950,0.39
973253708151ec15c683964b569be734,CL:0000158,Lung.club cell:non-nasal,34,8950,0.38
973253708151ec15c683964b569be734,CL:0000192,Lung.smooth muscle cell:activated,24,8950,0.27
973253708151ec15c683964b569be734,CL:0009086,Lung.endothelial cell of lymphatic vessel:mature,18,8950,0.2
973253708151ec15c683964b569be734,CL:0000623,Lung.natural killer cell,16,8950,0.18
973253708151ec15c683964b569be734,CL:4033023,Lung.airway submucosal gland collecting duct epithelial cell,13,8950,0.15
973253708151ec15c683964b569be734,CL:4033043,Lung.lung interstitial macrophage,13,8950,0.15
973253708151ec15c683964b569be734,CL:0002063,Lung.type II pneumocyte:proliferating,8,8950,0.09
973253708151ec15c683964b569be734,CL:4033048,Lung.respiratory suprabasal cell,6,8950,0.07
973253708151ec15c683964b569be734,CL:0000583,Lung.alveolar macrophage,2,8950,0.02
973253708151ec15c683964b569be734,CL:0000084,Lung.T cell:proliferating,1,8950,0.01
13bc02307be3a4660bee86299c91e095,CL:4028002,Lung.alveolar capillary type 1 endothelial cell,2931,9996,29.32
13bc02307be3a4660bee86299c91e095,CL:1001568,Lung.pulmonary artery endothelial cell,1025,9996,10.25
13bc02307be3a4660bee86299c91e095,CL:0002063,Lung.type II pneumocyte,792,9996,7.92
13bc02307be3a4660bee86299c91e095,CL:0002062,Lung.type I pneumocyte,759,9996,7.59
13bc02307be3a4660bee86299c91e095,CL:4028004,Lung.alveolar fibroblast,702,9996,7.02
13bc02307be3a4660bee86299c91e095,other,Lung.other,610,9996,6.1
13bc02307be3a4660bee86299c91e095,CL:4033008,Lung.vein endothelial cell of respiratory system,602,9996,6.02
13bc02307be3a4660bee86299c91e095,CL:0000624,"Lung.CD4-positive, alpha-beta T cell",571,9996,5.71
13bc02307be3a4660bee86299c91e095,CL:0002145,Lung.ciliated columnar cell of tracheobronchial tree:non-nasal,527,9996,5.27
13bc02307be3a4660bee86299c91e095,CL:0000625,"Lung.CD8-positive, alpha-beta T cell",258,9996,2.58
13bc02307be3a4660bee86299c91e095,CL:0009089,Lung.lung pericyte,204,9996,2.04
13bc02307be3a4660bee86299c91e095,CL:0000186,Lung.myofibroblast cell,171,9996,1.71
13bc02307be3a4660bee86299c91e095,CL:0009086,Lung.endothelial cell of lymphatic vessel:differentiating,95,9996,0.95
13bc02307be3a4660bee86299c91e095,CL:0002399,Lung.CD1c-positive myeloid dendritic cell,92,9996,0.92
13bc02307be3a4660bee86299c91e095,CL:0000236,Lung.B cell,79,9996,0.79
13bc02307be3a4660bee86299c91e095,CL:0000192,Lung.smooth muscle cell,69,9996,0.69
13bc02307be3a4660bee86299c91e095,CL:0000158,Lung.club cell:non-nasal,64,9996,0.64
13bc02307be3a4660bee86299c91e095,CL:0002633,Lung.respiratory basal cell,62,9996,0.62
13bc02307be3a4660bee86299c91e095,CL:0000097,Lung.mast cell,55,9996,0.55
13bc02307be3a4660bee86299c91e095,CL:4033043,Lung.lung interstitial macrophage,51,9996,0.51
13bc02307be3a4660bee86299c91e095,CL:0017000,Lung.pulmonary ionocyte,50,9996,0.5
13bc02307be3a4660bee86299c91e095,CL:4028003,Lung.alveolar capillary type 2 endothelial cell,48,9996,0.48
13bc02307be3a4660bee86299c91e095,CL:0000786,Lung.plasma cell,44,9996,0.44
13bc02307be3a4660bee86299c91e095,CL:0000583,Lung.alveolar macrophage,36,9996,0.36
13bc02307be3a4660bee86299c91e095,CL:0000192,Lung.smooth muscle cell:activated,33,9996,0.33
13bc02307be3a4660bee86299c91e095,CL:0000623,Lung.natural killer cell,26,9996,0.26
13bc02307be3a4660bee86299c91e095,CL:0000860,Lung.classical monocyte,17,9996,0.17
13bc02307be3a4660bee86299c91e095,CL:4028006,Lung.adventitial fibroblast,14,9996,0.14
13bc02307be3a4660bee86299c91e095,CL:0009086,Lung.endothelial cell of lymphatic vessel:mature,6,9996,0.06
13bc02307be3a4660bee86299c91e095,CL:0000084,Lung.T cell:proliferating,2,9996,0.02
13bc02307be3a4660bee86299c91e095,CL:0002241,Lung.pulmonary interstitial fibroblast,1,9996,0.01
f5ce0bfcef8d17a18e0a3911fb2b2726,CL:4028002,Lung.alveolar capillary type 1 endothelial cell,2211,7657,28.88
f5ce0bfcef8d17a18e0a3911fb2b2726,CL:4028004,Lung.alveolar fibroblast,897,7657,11.71
f5ce0bfcef8d17a18e0a3911fb2b2726,CL:0002062,Lung.type I pneumocyte,889,7657,11.61
f5ce0bfcef8d17a18e0a3911fb2b2726,CL:0002063,Lung.type II pneumocyte,749,7657,9.78
f5ce0bfcef8d17a18e0a3911fb2b2726,CL:0000625,"Lung.CD8-positive, alpha-beta T cell",414,7657,5.41
f5ce0bfcef8d17a18e0a3911fb2b2726,other,Lung.other,395,7657,5.16
f5ce0bfcef8d17a18e0a3911fb2b2726,CL:4028003,Lung.alveolar capillary type 2 endothelial cell,311,7657,4.06
f5ce0bfcef8d17a18e0a3911fb2b2726,CL:0002145,Lung.ciliated columnar cell of tracheobronchial tree:non-nasal,295,7657,3.85
f5ce0bfcef8d17a18e0a3911fb2b2726,CL:4033008,Lung.vein endothelial cell of respiratory system,217,7657,2.83
f5ce0bfcef8d17a18e0a3911fb2b2726,CL:0009089,Lung.lung pericyte,209,7657,2.73
f5ce0bfcef8d17a18e0a3911fb2b2726,CL:1001568,Lung.pulmonary artery endothelial cell,171,7657,2.23
f5ce0bfcef8d17a18e0a3911fb2b2726,CL:0000624,"Lung.CD4-positive, alpha-beta T cell",168,7657,2.19
f5ce0bfcef8d17a18e0a3911fb2b2726,CL:4028006,Lung.adventitial fibroblast,114,7657,1.49
f5ce0bfcef8d17a18e0a3911fb2b2726,CL:0000192,Lung.smooth muscle cell,109,7657,1.42
f5ce0bfcef8d17a18e0a3911fb2b2726,CL:0000236,Lung.B cell,90,7657,1.18
f5ce0bfcef8d17a18e0a3911fb2b2726,CL:0000186,Lung.myofibroblast cell,88,7657,1.15
f5ce0bfcef8d17a18e0a3911fb2b2726,CL:0002399,Lung.CD1c-positive myeloid dendritic cell,48,7657,0.63
f5ce0bfcef8d17a18e0a3911fb2b2726,CL:0000860,Lung.classical monocyte,48,7657,0.63
f5ce0bfcef8d17a18e0a3911fb2b2726,CL:0009086,Lung.endothelial cell of lymphatic vessel:mature,43,7657,0.56
f5ce0bfcef8d17a18e0a3911fb2b2726,CL:0017000,Lung.pulmonary ionocyte,33,7657,0.43
f5ce0bfcef8d17a18e0a3911fb2b2726,CL:0000192,Lung.smooth muscle cell:activated,32,7657,0.42
f5ce0bfcef8d17a18e0a3911fb2b2726,CL:0000097,Lung.mast cell,32,7657,0.42
f5ce0bfcef8d17a18e0a3911fb2b2726,CL:0000786,Lung.plasma cell,32,7657,0.42
f5ce0bfcef8d17a18e0a3911fb2b2726,CL:0000158,Lung.club cell:non-nasal,25,7657,0.33
f5ce0bfcef8d17a18e0a3911fb2b2726,CL:0009086,Lung.endothelial cell of lymphatic vessel:differentiating,19,7657,0.25
f5ce0bfcef8d17a18e0a3911fb2b2726,CL:0000784,Lung.plasmacytoid dendritic cell,6,7657,0.08
f5ce0bfcef8d17a18e0a3911fb2b2726,CL:4033043,Lung.lung interstitial macrophage,4,7657,0.05
f5ce0bfcef8d17a18e0a3911fb2b2726,CL:4033044,Lung.deuterosomal cell,2,7657,0.03
f5ce0bfcef8d17a18e0a3911fb2b2726,CL:0000623,Lung.natural killer cell,2,7657,0.03
f5ce0bfcef8d17a18e0a3911fb2b2726,CL:0002633,Lung.respiratory basal cell,2,7657,0.03
f5ce0bfcef8d17a18e0a3911fb2b2726,CL:0019003,Lung.tracheobronchial goblet cell,2,7657,0.03
d62f040dfe28ea7d40e1095ba086e2e5,CL:4028002,Lung.alveolar capillary type 1 endothelial cell,3396,7575,44.83
d62f040dfe28ea7d40e1095ba086e2e5,CL:0002063,Lung.type II pneumocyte,1510,7575,19.93
d62f040dfe28ea7d40e1095ba086e2e5,CL:0002062,Lung.type I pneumocyte,869,7575,11.47
d62f040dfe28ea7d40e1095ba086e2e5,CL:4028004,Lung.alveolar fibroblast,492,7575,6.5
d62f040dfe28ea7d40e1095ba086e2e5,CL:0000625,"Lung.CD8-positive, alpha-beta T cell",218,7575,2.88
d62f040dfe28ea7d40e1095ba086e2e5,CL:0000236,Lung.B cell,169,7575,2.23
d62f040dfe28ea7d40e1095ba086e2e5,CL:4028003,Lung.alveolar capillary type 2 endothelial cell,143,7575,1.89
d62f040dfe28ea7d40e1095ba086e2e5,CL:0009089,Lung.lung pericyte,141,7575,1.86
d62f040dfe28ea7d40e1095ba086e2e5,CL:4033008,Lung.vein endothelial cell of respiratory system,112,7575,1.48
d62f040dfe28ea7d40e1095ba086e2e5,other,Lung.other,109,7575,1.44
d62f040dfe28ea7d40e1095ba086e2e5,CL:0017000,Lung.pulmonary ionocyte,87,7575,1.15
d62f040dfe28ea7d40e1095ba086e2e5,CL:0000624,"Lung.CD4-positive, alpha-beta T cell",64,7575,0.84
d62f040dfe28ea7d40e1095ba086e2e5,CL:1001568,Lung.pulmonary artery endothelial cell,50,7575,0.66
d62f040dfe28ea7d40e1095ba086e2e5,CL:4028006,Lung.adventitial fibroblast,35,7575,0.46
d62f040dfe28ea7d40e1095ba086e2e5,CL:0000186,Lung.myofibroblast cell,32,7575,0.42
d62f040dfe28ea7d40e1095ba086e2e5,CL:0000192,Lung.smooth muscle cell,24,7575,0.32
d62f040dfe28ea7d40e1095ba086e2e5,CL:0002145,Lung.ciliated columnar cell of tracheobronchial tree:non-nasal,20,7575,0.26
d62f040dfe28ea7d40e1095ba086e2e5,CL:0009086,Lung.endothelial cell of lymphatic vessel:differentiating,18,7575,0.24
d62f040dfe28ea7d40e1095ba086e2e5,CL:0000786,Lung.plasma cell,17,7575,0.22
d62f040dfe28ea7d40e1095ba086e2e5,CL:0000097,Lung.mast cell,17,7575,0.22
d62f040dfe28ea7d40e1095ba086e2e5,CL:0000784,Lung.plasmacytoid dendritic cell,13,7575,0.17
d62f040dfe28ea7d40e1095ba086e2e5,CL:0002399,Lung.CD1c-positive myeloid dendritic cell,13,7575,0.17
d62f040dfe28ea7d40e1095ba086e2e5,CL:0000192,Lung.smooth muscle cell:activated,13,7575,0.17
d62f040dfe28ea7d40e1095ba086e2e5,CL:0000860,Lung.classical monocyte,6,7575,0.08
d62f040dfe28ea7d40e1095ba086e2e5,CL:0009086,Lung.endothelial cell of lymphatic vessel:mature,6,7575,0.08
d62f040dfe28ea7d40e1095ba086e2e5,CL:0000158,Lung.club cell:non-nasal,1,7575,0.01
c09c90ea0b366f91537e91c7ee196d22,CL:4028002,Lung.alveolar capillary type 1 endothelial cell,2228,10980,20.29
c09c90ea0b366f91537e91c7ee196d22,CL:0002062,Lung.type I pneumocyte,2103,10980,19.15
c09c90ea0b366f91537e91c7ee196d22,CL:4028004,Lung.alveolar fibroblast,1613,10980,14.69
c09c90ea0b366f91537e91c7ee196d22,CL:0002063,Lung.type II pneumocyte,1439,10980,13.11
c09c90ea0b366f91537e91c7ee196d22,other,Lung.other,499,10980,4.54
c09c90ea0b366f91537e91c7ee196d22,CL:4033008,Lung.vein endothelial cell of respiratory system,475,10980,4.33
c09c90ea0b366f91537e91c7ee196d22,CL:1001568,Lung.pulmonary artery endothelial cell,450,10980,4.1
c09c90ea0b366f91537e91c7ee196d22,CL:0000625,"Lung.CD8-positive, alpha-beta T cell",404,10980,3.68
c09c90ea0b366f91537e91c7ee196d22,CL:0002145,Lung.ciliated columnar cell of tracheobronchial tree:non-nasal,372,10980,3.39
c09c90ea0b366f91537e91c7ee196d22,CL:0000624,"Lung.CD4-positive, alpha-beta T cell",283,10980,2.58
c09c90ea0b366f91537e91c7ee196d22,CL:0009089,Lung.lung pericyte,225,10980,2.05
c09c90ea0b366f91537e91c7ee196d22,CL:4028003,Lung.alveolar capillary type 2 endothelial cell,211,10980,1.92
c09c90ea0b366f91537e91c7ee196d22,CL:0000186,Lung.myofibroblast cell,166,10980,1.51
c09c90ea0b366f91537e91c7ee196d22,CL:0017000,Lung.pulmonary ionocyte,92,10980,0.84
c09c90ea0b366f91537e91c7ee196d22,CL:0000097,Lung.mast cell,88,10980,0.8
c09c90ea0b366f91537e91c7ee196d22,CL:0009086,Lung.endothelial cell of lymphatic vessel:differentiating,78,10980,0.71
c09c90ea0b366f91537e91c7ee196d22,CL:0000192,Lung.smooth muscle cell,78,10980,0.71
c09c90ea0b366f91537e91c7ee196d22,CL:0002399,Lung.CD1c-positive myeloid dendritic cell,67,10980,0.61
c09c90ea0b366f91537e91c7ee196d22,CL:4028006,Lung.adventitial fibroblast,31,10980,0.28
c09c90ea0b366f91537e91c7ee196d22,CL:0009086,Lung.endothelial cell of lymphatic vessel:mature,26,10980,0.24
c09c90ea0b366f91537e91c7ee196d22,CL:0000236,Lung.B cell,12,10980,0.11
c09c90ea0b366f91537e91c7ee196d22,CL:0000860,Lung.classical monocyte,11,10980,0.1
c09c90ea0b366f91537e91c7ee196d22,CL:4033043,Lung.lung interstitial macrophage,9,10980,0.08
c09c90ea0b366f91537e91c7ee196d22,CL:0000192,Lung.smooth muscle cell:activated,8,10980,0.07
c09c90ea0b366f91537e91c7ee196d22,CL:0000583,Lung.alveolar macrophage,6,10980,0.05
c09c90ea0b366f91537e91c7ee196d22,CL:0000786,Lung.plasma cell,4,10980,0.04
c09c90ea0b366f91537e91c7ee196d22,CL:0002633,Lung.respiratory basal cell,2,10980,0.02
e488c9a612abf6fedef3cea5e7bb6141,CL:4028002,Lung.alveolar capillary type 1 endothelial cell,1444,6491,22.25
e488c9a612abf6fedef3cea5e7bb6141,CL:0002145,Lung.ciliated columnar cell of tracheobronchial tree:non-nasal,948,6491,14.6
e488c9a612abf6fedef3cea5e7bb6141,CL:4028004,Lung.alveolar fibroblast,597,6491,9.2
e488c9a612abf6fedef3cea5e7bb6141,CL:0002063,Lung.type II pneumocyte,575,6491,8.86
e488c9a612abf6fedef3cea5e7bb6141,CL:0002062,Lung.type I pneumocyte,467,6491,7.19
e488c9a612abf6fedef3cea5e7bb6141,CL:0000625,"Lung.CD8-positive, alpha-beta T cell",368,6491,5.67
e488c9a612abf6fedef3cea5e7bb6141,CL:4028003,Lung.alveolar capillary type 2 endothelial cell,232,6491,3.57
e488c9a612abf6fedef3cea5e7bb6141,CL:4033008,Lung.vein endothelial cell of respiratory system,228,6491,3.51
e488c9a612abf6fedef3cea5e7bb6141,CL:0002633,Lung.respiratory basal cell,210,6491,3.24
e488c9a612abf6fedef3cea5e7bb6141,CL:1001568,Lung.pulmonary artery endothelial cell,192,6491,2.96
e488c9a612abf6fedef3cea5e7bb6141,CL:4028006,Lung.adventitial fibroblast,184,6491,2.83
e488c9a612abf6fedef3cea5e7bb6141,CL:0009089,Lung.lung pericyte,173,6491,2.67
e488c9a612abf6fedef3cea5e7bb6141,CL:0000192,Lung.smooth muscle cell,167,6491,2.57
e488c9a612abf6fedef3cea5e7bb6141,other,Lung.other,138,6491,2.13
e488c9a612abf6fedef3cea5e7bb6141,CL:0000186,Lung.myofibroblast cell,137,6491,2.11
e488c9a612abf6fedef3cea5e7bb6141,CL:0000624,"Lung.CD4-positive, alpha-beta T cell",85,6491,1.31
e488c9a612abf6fedef3cea5e7bb6141,CL:4033005,Lung.serous secreting cell of bronchus submucosal gland,60,6491,0.92
e488c9a612abf6fedef3cea5e7bb6141,CL:0000236,Lung.B cell,57,6491,0.88
e488c9a612abf6fedef3cea5e7bb6141,CL:0000158,Lung.club cell:non-nasal,40,6491,0.62
e488c9a612abf6fedef3cea5e7bb6141,CL:0000097,Lung.mast cell,39,6491,0.6
e488c9a612abf6fedef3cea5e7bb6141,CL:0009086,Lung.endothelial cell of lymphatic vessel:mature,30,6491,0.46
e488c9a612abf6fedef3cea5e7bb6141,CL:0017000,Lung.pulmonary ionocyte,26,6491,0.4
e488c9a612abf6fedef3cea5e7bb6141,CL:0009086,Lung.endothelial cell of lymphatic vessel:differentiating,23,6491,0.35
e488c9a612abf6fedef3cea5e7bb6141,CL:0000786,Lung.plasma cell,16,6491,0.25
e488c9a612abf6fedef3cea5e7bb6141,CL:4033023,Lung.airway submucosal gland collecting duct epithelial cell,16,6491,0.25
e488c9a612abf6fedef3cea5e7bb6141,CL:0000860,Lung.classical monocyte,11,6491,0.17
e488c9a612abf6fedef3cea5e7bb6141,CL:0002399,Lung.CD1c-positive myeloid dendritic cell,10,6491,0.15
e488c9a612abf6fedef3cea5e7bb6141,CL:0000158,Lung.club cell:nasal,6,6491,0.09
e488c9a612abf6fedef3cea5e7bb6141,CL:0002075,Lung.brush cell of trachebronchial tree,5,6491,0.08
e488c9a612abf6fedef3cea5e7bb6141,CL:4033048,Lung.respiratory suprabasal cell,2,6491,0.03
e488c9a612abf6fedef3cea5e7bb6141,CL:0000583,Lung.alveolar macrophage,1,6491,0.02
e488c9a612abf6fedef3cea5e7bb6141,CL:0002241,Lung.pulmonary interstitial fibroblast,1,6491,0.02
e488c9a612abf6fedef3cea5e7bb6141,CL:0002480,Lung.nasal mucosa goblet cell,1,6491,0.02
e488c9a612abf6fedef3cea5e7bb6141,CL:0000192,Lung.smooth muscle cell:activated,1,6491,0.02
e488c9a612abf6fedef3cea5e7bb6141,CL:0002063,Lung.type II pneumocyte:proliferating,1,6491,0.02
665240df9b955c015cc89823fae976b5,CL:4028002,Lung.alveolar capillary type 1 endothelial cell,3526,12992,27.14
665240df9b955c015cc89823fae976b5,CL:4028004,Lung.alveolar fibroblast,1701,12992,13.09
665240df9b955c015cc89823fae976b5,CL:0002062,Lung.type I pneumocyte,1447,12992,11.14
665240df9b955c015cc89823fae976b5,CL:0002063,Lung.type II pneumocyte,1241,12992,9.55
665240df9b955c015cc89823fae976b5,CL:0002145,Lung.ciliated columnar cell of tracheobronchial tree:non-nasal,1057,12992,8.14
665240df9b955c015cc89823fae976b5,CL:0000625,"Lung.CD8-positive, alpha-beta T cell",700,12992,5.39
665240df9b955c015cc89823fae976b5,CL:4028003,Lung.alveolar capillary type 2 endothelial cell,585,12992,4.5
665240df9b955c015cc89823fae976b5,CL:4033008,Lung.vein endothelial cell of respiratory system,549,12992,4.23
665240df9b955c015cc89823fae976b5,CL:0000186,Lung.myofibroblast cell,359,12992,2.76
665240df9b955c015cc89823fae976b5,CL:0009089,Lung.lung pericyte,295,12992,2.27
665240df9b955c015cc89823fae976b5,other,Lung.other,261,12992,2.01
665240df9b955c015cc89823fae976b5,CL:1001568,Lung.pulmonary artery endothelial cell,229,12992,1.76
665240df9b955c015cc89823fae976b5,CL:0000624,"Lung.CD4-positive, alpha-beta T cell",172,12992,1.32
665240df9b955c015cc89823fae976b5,CL:0002633,Lung.respiratory basal cell,166,12992,1.28
665240df9b955c015cc89823fae976b5,CL:0000192,Lung.smooth muscle cell:activated,115,12992,0.89
665240df9b955c015cc89823fae976b5,CL:0000192,Lung.smooth muscle cell,94,12992,0.72
665240df9b955c015cc89823fae976b5,CL:0002399,Lung.CD1c-positive myeloid dendritic cell,91,12992,0.7
665240df9b955c015cc89823fae976b5,CL:0009086,Lung.endothelial cell of lymphatic vessel:differentiating,82,12992,0.63
665240df9b955c015cc89823fae976b5,CL:4028006,Lung.adventitial fibroblast,65,12992,0.5
665240df9b955c015cc89823fae976b5,CL:0000097,Lung.mast cell,56,12992,0.43
665240df9b955c015cc89823fae976b5,CL:0017000,Lung.pulmonary ionocyte,56,12992,0.43
665240df9b955c015cc89823fae976b5,CL:0000236,Lung.B cell,40,12992,0.31
665240df9b955c015cc89823fae976b5,CL:4033043,Lung.lung interstitial macrophage,34,12992,0.26
665240df9b955c015cc89823fae976b5,CL:0000158,Lung.club cell:non-nasal,25,12992,0.19
665240df9b955c015cc89823fae976b5,CL:0000583,Lung.alveolar macrophage,16,12992,0.12
665240df9b955c015cc89823fae976b5,CL:0000786,Lung.plasma cell,9,12992,0.07
665240df9b955c015cc89823fae976b5,CL:0000860,Lung.classical monocyte,8,12992,0.06
665240df9b955c015cc89823fae976b5,CL:0009086,Lung.endothelial cell of lymphatic vessel:mature,7,12992,0.05
665240df9b955c015cc89823fae976b5,CL:0000623,Lung.natural killer cell,5,12992,0.04
665240df9b955c015cc89823fae976b5,CL:0002480,Lung.nasal mucosa goblet cell,1,12992,0.01
95099136c78367d5d55a215fc220d7a8,CL:4028002,Lung.alveolar capillary type 1 endothelial cell,2187,11901,18.38
95099136c78367d5d55a215fc220d7a8,CL:0002063,Lung.type II pneumocyte,1956,11901,16.44
95099136c78367d5d55a215fc220d7a8,CL:0002062,Lung.type I pneumocyte,1362,11901,11.44
95099136c78367d5d55a215fc220d7a8,CL:4028004,Lung.alveolar fibroblast,1348,11901,11.33
95099136c78367d5d55a215fc220d7a8,CL:0000625,"Lung.CD8-positive, alpha-beta T cell",787,11901,6.61
95099136c78367d5d55a215fc220d7a8,CL:0000624,"Lung.CD4-positive, alpha-beta T cell",551,11901,4.63
95099136c78367d5d55a215fc220d7a8,other,Lung.other,464,11901,3.9
95099136c78367d5d55a215fc220d7a8,CL:0002145,Lung.ciliated columnar cell of tracheobronchial tree:non-nasal,417,11901,3.5
95099136c78367d5d55a215fc220d7a8,CL:4028003,Lung.alveolar capillary type 2 endothelial cell,401,11901,3.37
95099136c78367d5d55a215fc220d7a8,CL:0000186,Lung.myofibroblast cell,325,11901,2.73
95099136c78367d5d55a215fc220d7a8,CL:0009089,Lung.lung pericyte,265,11901,2.23
95099136c78367d5d55a215fc220d7a8,CL:4033008,Lung.vein endothelial cell of respiratory system,251,11901,2.11
95099136c78367d5d55a215fc220d7a8,CL:1001568,Lung.pulmonary artery endothelial cell,248,11901,2.08
95099136c78367d5d55a215fc220d7a8,CL:0002399,Lung.CD1c-positive myeloid dendritic cell,200,11901,1.68
95099136c78367d5d55a215fc220d7a8,CL:0000860,Lung.classical monocyte,199,11901,1.67
95099136c78367d5d55a215fc220d7a8,CL:0000097,Lung.mast cell,136,11901,1.14
95099136c78367d5d55a215fc220d7a8,CL:4028006,Lung.adventitial fibroblast,115,11901,0.97
95099136c78367d5d55a215fc220d7a8,CL:0000192,Lung.smooth muscle cell:activated,107,11901,0.9
95099136c78367d5d55a215fc220d7a8,CL:0009086,Lung.endothelial cell of lymphatic vessel:differentiating,104,11901,0.87
95099136c78367d5d55a215fc220d7a8,CL:0017000,Lung.pulmonary ionocyte,103,11901,0.87
95099136c78367d5d55a215fc220d7a8,CL:0002633,Lung.respiratory basal cell,87,11901,0.73
95099136c78367d5d55a215fc220d7a8,CL:0000236,Lung.B cell,80,11901,0.67
95099136c78367d5d55a215fc220d7a8,CL:0000192,Lung.smooth muscle cell,63,11901,0.53
95099136c78367d5d55a215fc220d7a8,CL:4033043,Lung.lung interstitial macrophage,44,11901,0.37
95099136c78367d5d55a215fc220d7a8,CL:0000158,Lung.club cell:non-nasal,34,11901,0.29
95099136c78367d5d55a215fc220d7a8,CL:0002063,Lung.type II pneumocyte:proliferating,20,11901,0.17
95099136c78367d5d55a215fc220d7a8,CL:0000623,Lung.natural killer cell,17,11901,0.14
95099136c78367d5d55a215fc220d7a8,CL:0000786,Lung.plasma cell,12,11901,0.1
95099136c78367d5d55a215fc220d7a8,CL:0000583,Lung.alveolar macrophage,6,11901,0.05
95099136c78367d5d55a215fc220d7a8,CL:0009086,Lung.endothelial cell of lymphatic vessel:mature,5,11901,0.04
95099136c78367d5d55a215fc220d7a8,CL:0000158,Lung.club cell:nasal,3,11901,0.03
95099136c78367d5d55a215fc220d7a8,CL:0002480,Lung.nasal mucosa goblet cell,2,11901,0.02
95099136c78367d5d55a215fc220d7a8,CL:4033023,Lung.airway submucosal gland collecting duct epithelial cell,1,11901,0.01
95099136c78367d5d55a215fc220d7a8,CL:0002241,Lung.pulmonary interstitial fibroblast,1,11901,0.01
4c031c4aba3b656a07a5ab14a305cbba,CL:0002063,Lung.type II pneumocyte,2979,10989,27.11
4c031c4aba3b656a07a5ab14a305cbba,CL:4028002,Lung.alveolar capillary type 1 endothelial cell,2419,10989,22.01
4c031c4aba3b656a07a5ab14a305cbba,CL:0002062,Lung.type I pneumocyte,1602,10989,14.58
4c031c4aba3b656a07a5ab14a305cbba,CL:4028004,Lung.alveolar fibroblast,1045,10989,9.51
4c031c4aba3b656a07a5ab14a305cbba,CL:0000625,"Lung.CD8-positive, alpha-beta T cell",642,10989,5.84
4c031c4aba3b656a07a5ab14a305cbba,CL:0000624,"Lung.CD4-positive, alpha-beta T cell",385,10989,3.5
4c031c4aba3b656a07a5ab14a305cbba,CL:4033008,Lung.vein endothelial cell of respiratory system,248,10989,2.26
4c031c4aba3b656a07a5ab14a305cbba,CL:0009089,Lung.lung pericyte,200,10989,1.82
4c031c4aba3b656a07a5ab14a305cbba,other,Lung.other,174,10989,1.58
4c031c4aba3b656a07a5ab14a305cbba,CL:0002145,Lung.ciliated columnar cell of tracheobronchial tree:non-nasal,171,10989,1.56
4c031c4aba3b656a07a5ab14a305cbba,CL:0017000,Lung.pulmonary ionocyte,167,10989,1.52
4c031c4aba3b656a07a5ab14a305cbba,CL:0000860,Lung.classical monocyte,147,10989,1.34
4c031c4aba3b656a07a5ab14a305cbba,CL:4028003,Lung.alveolar capillary type 2 endothelial cell,135,10989,1.23
4c031c4aba3b656a07a5ab14a305cbba,CL:0000186,Lung.myofibroblast cell,114,10989,1.04
4c031c4aba3b656a07a5ab14a305cbba,CL:1001568,Lung.pulmonary artery endothelial cell,110,10989,1.0
4c031c4aba3b656a07a5ab14a305cbba,CL:0002399,Lung.CD1c-positive myeloid dendritic cell,91,10989,0.83
4c031c4aba3b656a07a5ab14a305cbba,CL:0000236,Lung.B cell,90,10989,0.82
4c031c4aba3b656a07a5ab14a305cbba,CL:4028006,Lung.adventitial fibroblast,62,10989,0.56
4c031c4aba3b656a07a5ab14a305cbba,CL:0000097,Lung.mast cell,51,10989,0.46
4c031c4aba3b656a07a5ab14a305cbba,CL:0009086,Lung.endothelial cell of lymphatic vessel:mature,45,10989,0.41
4c031c4aba3b656a07a5ab14a305cbba,CL:0009086,Lung.endothelial cell of lymphatic vessel:differentiating,38,10989,0.35
4c031c4aba3b656a07a5ab14a305cbba,CL:0000192,Lung.smooth muscle cell:activated,24,10989,0.22
4c031c4aba3b656a07a5ab14a305cbba,CL:0000786,Lung.plasma cell,21,10989,0.19
4c031c4aba3b656a07a5ab14a305cbba,CL:0000192,Lung.smooth muscle cell,20,10989,0.18
4c031c4aba3b656a07a5ab14a305cbba,CL:0000583,Lung.alveolar macrophage,3,10989,0.03
4c031c4aba3b656a07a5ab14a305cbba,CL:0002633,Lung.respiratory basal cell,3,10989,0.03
4c031c4aba3b656a07a5ab14a305cbba,CL:0000784,Lung.plasmacytoid dendritic cell,1,10989,0.01
4c031c4aba3b656a07a5ab14a305cbba,CL:4033048,Lung.respiratory suprabasal cell,1,10989,0.01
4c031c4aba3b656a07a5ab14a305cbba,CL:0002063,Lung.type II pneumocyte:proliferating,1,10989,0.01
2e5d99a013d0478aa07e33090bd86946,CL:0002063,Lung.type II pneumocyte,3175,8981,35.35
2e5d99a013d0478aa07e33090bd86946,CL:4028002,Lung.alveolar capillary type 1 endothelial cell,1281,8981,14.26
2e5d99a013d0478aa07e33090bd86946,CL:4028004,Lung.alveolar fibroblast,801,8981,8.92
2e5d99a013d0478aa07e33090bd86946,other,Lung.other,734,8981,8.17
2e5d99a013d0478aa07e33090bd86946,CL:0002062,Lung.type I pneumocyte,701,8981,7.81
2e5d99a013d0478aa07e33090bd86946,CL:4028003,Lung.alveolar capillary type 2 endothelial cell,288,8981,3.21
2e5d99a013d0478aa07e33090bd86946,CL:0000625,"Lung.CD8-positive, alpha-beta T cell",260,8981,2.9
2e5d99a013d0478aa07e33090bd86946,CL:0000624,"Lung.CD4-positive, alpha-beta T cell",236,8981,2.63
2e5d99a013d0478aa07e33090bd86946,CL:0002145,Lung.ciliated columnar cell of tracheobronchial tree:non-nasal,192,8981,2.14
2e5d99a013d0478aa07e33090bd86946,CL:4033008,Lung.vein endothelial cell of respiratory system,178,8981,1.98
2e5d99a013d0478aa07e33090bd86946,CL:1001568,Lung.pulmonary artery endothelial cell,135,8981,1.5
2e5d99a013d0478aa07e33090bd86946,CL:0002633,Lung.respiratory basal cell,127,8981,1.41
2e5d99a013d0478aa07e33090bd86946,CL:0002399,Lung.CD1c-positive myeloid dendritic cell,123,8981,1.37
2e5d99a013d0478aa07e33090bd86946,CL:0000186,Lung.myofibroblast cell,117,8981,1.3
2e5d99a013d0478aa07e33090bd86946,CL:4028006,Lung.adventitial fibroblast,107,8981,1.19
2e5d99a013d0478aa07e33090bd86946,CL:0009089,Lung.lung pericyte,95,8981,1.06
2e5d99a013d0478aa07e33090bd86946,CL:0009086,Lung.endothelial cell of lymphatic vessel:differentiating,78,8981,0.87
2e5d99a013d0478aa07e33090bd86946,CL:0000192,Lung.smooth muscle cell,77,8981,0.86
2e5d99a013d0478aa07e33090bd86946,CL:0002063,Lung.type II pneumocyte:proliferating,73,8981,0.81
2e5d99a013d0478aa07e33090bd86946,CL:0000860,Lung.classical monocyte,37,8981,0.41
2e5d99a013d0478aa07e33090bd86946,CL:4033043,Lung.lung interstitial macrophage,30,8981,0.33
2e5d99a013d0478aa07e33090bd86946,CL:0000583,Lung.alveolar macrophage,28,8981,0.31
2e5d99a013d0478aa07e33090bd86946,CL:0017000,Lung.pulmonary ionocyte,25,8981,0.28
2e5d99a013d0478aa07e33090bd86946,CL:0002241,Lung.pulmonary interstitial fibroblast,24,8981,0.27
2e5d99a013d0478aa07e33090bd86946,CL:0000236,Lung.B cell,21,8981,0.23
2e5d99a013d0478aa07e33090bd86946,CL:0000097,Lung.mast cell,18,8981,0.2
2e5d99a013d0478aa07e33090bd86946,CL:0000158,Lung.club cell:non-nasal,14,8981,0.16
2e5d99a013d0478aa07e33090bd86946,CL:0000786,Lung.plasma cell,3,8981,0.03
2e5d99a013d0478aa07e33090bd86946,CL:0009086,Lung.endothelial cell of lymphatic vessel:mature,3,8981,0.03
d36873ebd1b3c848746b64122808b6d5,CL:4028002,Lung.alveolar capillary type 1 endothelial cell,1770,8920,19.84
d36873ebd1b3c848746b64122808b6d5,CL:0002063,Lung.type II pneumocyte,1168,8920,13.09
d36873ebd1b3c848746b64122808b6d5,CL:0002062,Lung.type I pneumocyte,1045,8920,11.72
d36873ebd1b3c848746b64122808b6d5,CL:4028004,Lung.alveolar fibroblast,807,8920,9.05
d36873ebd1b3c848746b64122808b6d5,CL:0002145,Lung.ciliated columnar cell of tracheobronchial tree:non-nasal,664,8920,7.44
d36873ebd1b3c848746b64122808b6d5,CL:0000625,"Lung.CD8-positive, alpha-beta T cell",540,8920,6.05
d36873ebd1b3c848746b64122808b6d5,CL:4028003,Lung.alveolar capillary type 2 endothelial cell,370,8920,4.15
d36873ebd1b3c848746b64122808b6d5,CL:0000624,"Lung.CD4-positive, alpha-beta T cell",355,8920,3.98
d36873ebd1b3c848746b64122808b6d5,CL:0000236,Lung.B cell,255,8920,2.86
d36873ebd1b3c848746b64122808b6d5,other,Lung.other,239,8920,2.68
d36873ebd1b3c848746b64122808b6d5,CL:4033008,Lung.vein endothelial cell of respiratory system,238,8920,2.67
d36873ebd1b3c848746b64122808b6d5,CL:0002633,Lung.respiratory basal cell,205,8920,2.3
d36873ebd1b3c848746b64122808b6d5,CL:0000186,Lung.myofibroblast cell,199,8920,2.23
d36873ebd1b3c848746b64122808b6d5,CL:0009089,Lung.lung pericyte,178,8920,2.0
d36873ebd1b3c848746b64122808b6d5,CL:0000192,Lung.smooth muscle cell,139,8920,1.56
d36873ebd1b3c848746b64122808b6d5,CL:4028006,Lung.adventitial fibroblast,132,8920,1.48
d36873ebd1b3c848746b64122808b6d5,CL:0017000,Lung.pulmonary ionocyte,89,8920,1.0
d36873ebd1b3c848746b64122808b6d5,CL:0002399,Lung.CD1c-positive myeloid dendritic cell,82,8920,0.92
d36873ebd1b3c848746b64122808b6d5,CL:1001568,Lung.pulmonary artery endothelial cell,82,8920,0.92
d36873ebd1b3c848746b64122808b6d5,CL:0000158,Lung.club cell:non-nasal,77,8920,0.86
d36873ebd1b3c848746b64122808b6d5,CL:0000786,Lung.plasma cell,74,8920,0.83
d36873ebd1b3c848746b64122808b6d5,CL:0009086,Lung.endothelial cell of lymphatic vessel:differentiating,62,8920,0.7
d36873ebd1b3c848746b64122808b6d5,CL:0000860,Lung.classical monocyte,28,8920,0.31
d36873ebd1b3c848746b64122808b6d5,CL:4033005,Lung.serous secreting cell of bronchus submucosal gland,25,8920,0.28
d36873ebd1b3c848746b64122808b6d5,CL:0000097,Lung.mast cell,24,8920,0.27
d36873ebd1b3c848746b64122808b6d5,CL:0000623,Lung.natural killer cell,18,8920,0.2
d36873ebd1b3c848746b64122808b6d5,CL:0019003,Lung.tracheobronchial goblet cell,10,8920,0.11
d36873ebd1b3c848746b64122808b6d5,CL:4033048,Lung.respiratory suprabasal cell,9,8920,0.1
d36873ebd1b3c848746b64122808b6d5,CL:0000192,Lung.smooth muscle cell:activated,8,8920,0.09
d36873ebd1b3c848746b64122808b6d5,CL:0000784,Lung.plasmacytoid dendritic cell,6,8920,0.07
d36873ebd1b3c848746b64122808b6d5,CL:4033023,Lung.airway submucosal gland collecting duct epithelial cell,6,8920,0.07
d36873ebd1b3c848746b64122808b6d5,CL:0009086,Lung.endothelial cell of lymphatic vessel:mature,4,8920,0.04
d36873ebd1b3c848746b64122808b6d5,CL:4033043,Lung.lung interstitial macrophage,4,8920,0.04
d36873ebd1b3c848746b64122808b6d5,CL:0000583,Lung.alveolar macrophage,2,8920,0.02
d36873ebd1b3c848746b64122808b6d5,CL:0002063,Lung.type II pneumocyte:proliferating,2,8920,0.02
d36873ebd1b3c848746b64122808b6d5,CL:0000158,Lung.club cell:nasal,2,8920,0.02
d36873ebd1b3c848746b64122808b6d5,CL:0000084,Lung.T cell:proliferating,1,8920,0.01
d36873ebd1b3c848746b64122808b6d5,CL:0005012,Lung.multi-ciliated epithelial cell:nasal,1,8920,0.01
146b7acebdca53ce2ba64c4234215195,CL:4028002,Lung.alveolar capillary type 1 endothelial cell,2417,9227,26.19
146b7acebdca53ce2ba64c4234215195,CL:0002062,Lung.type I pneumocyte,1321,9227,14.32
146b7acebdca53ce2ba64c4234215195,CL:0002063,Lung.type II pneumocyte,907,9227,9.83
146b7acebdca53ce2ba64c4234215195,CL:0000625,"Lung.CD8-positive, alpha-beta T cell",905,9227,9.81
146b7acebdca53ce2ba64c4234215195,CL:4028004,Lung.alveolar fibroblast,878,9227,9.52
146b7acebdca53ce2ba64c4234215195,CL:4028006,Lung.adventitial fibroblast,537,9227,5.82
146b7acebdca53ce2ba64c4234215195,CL:4033008,Lung.vein endothelial cell of respiratory system,291,9227,3.15
146b7acebdca53ce2ba64c4234215195,CL:0002145,Lung.ciliated columnar cell of tracheobronchial tree:non-nasal,288,9227,3.12
146b7acebdca53ce2ba64c4234215195,CL:4028003,Lung.alveolar capillary type 2 endothelial cell,257,9227,2.79
146b7acebdca53ce2ba64c4234215195,CL:0009089,Lung.lung pericyte,233,9227,2.53
146b7acebdca53ce2ba64c4234215195,CL:0000860,Lung.classical monocyte,200,9227,2.17
146b7acebdca53ce2ba64c4234215195,CL:0000236,Lung.B cell,113,9227,1.22
146b7acebdca53ce2ba64c4234215195,CL:0000624,"Lung.CD4-positive, alpha-beta T cell",111,9227,1.2
146b7acebdca53ce2ba64c4234215195,CL:1001568,Lung.pulmonary artery endothelial cell,107,9227,1.16
146b7acebdca53ce2ba64c4234215195,CL:0000192,Lung.smooth muscle cell,107,9227,1.16
146b7acebdca53ce2ba64c4234215195,CL:0000186,Lung.myofibroblast cell,100,9227,1.08
146b7acebdca53ce2ba64c4234215195,CL:0002633,Lung.respiratory basal cell,81,9227,0.88
146b7acebdca53ce2ba64c4234215195,CL:0002399,Lung.CD1c-positive myeloid dendritic cell,77,9227,0.83
146b7acebdca53ce2ba64c4234215195,CL:0017000,Lung.pulmonary ionocyte,67,9227,0.73
146b7acebdca53ce2ba64c4234215195,CL:0009086,Lung.endothelial cell of lymphatic vessel:differentiating,46,9227,0.5
146b7acebdca53ce2ba64c4234215195,other,Lung.other,43,9227,0.47
146b7acebdca53ce2ba64c4234215195,CL:0002241,Lung.pulmonary interstitial fibroblast,30,9227,0.33
146b7acebdca53ce2ba64c4234215195,CL:0000097,Lung.mast cell,29,9227,0.31
146b7acebdca53ce2ba64c4234215195,CL:0009086,Lung.endothelial cell of lymphatic vessel:mature,26,9227,0.28
146b7acebdca53ce2ba64c4234215195,CL:4033005,Lung.serous secreting cell of bronchus submucosal gland,18,9227,0.2
146b7acebdca53ce2ba64c4234215195,CL:0000158,Lung.club cell:non-nasal,13,9227,0.14
146b7acebdca53ce2ba64c4234215195,CL:0000784,Lung.plasmacytoid dendritic cell,9,9227,0.1
146b7acebdca53ce2ba64c4234215195,CL:0000786,Lung.plasma cell,6,9227,0.07
146b7acebdca53ce2ba64c4234215195,CL:4033044,Lung.deuterosomal cell,3,9227,0.03
146b7acebdca53ce2ba64c4234215195,CL:0000158,Lung.club cell:nasal,2,9227,0.02
146b7acebdca53ce2ba64c4234215195,CL:4033043,Lung.lung interstitial macrophage,2,9227,0.02
146b7acebdca53ce2ba64c4234215195,CL:0000583,Lung.alveolar macrophage,1,9227,0.01
146b7acebdca53ce2ba64c4234215195,CL:4033023,Lung.airway submucosal gland collecting duct epithelial cell,1,9227,0.01
146b7acebdca53ce2ba64c4234215195,CL:0000623,Lung.natural killer cell,1,9227,0.01
f189d4257178cd8370a4d2f376420c49,CL:4028002,Lung.alveolar capillary type 1 endothelial cell,2077,4950,41.96
f189d4257178cd8370a4d2f376420c49,CL:4028004,Lung.alveolar fibroblast,409,4950,8.26
f189d4257178cd8370a4d2f376420c49,other,Lung.other,348,4950,7.03
f189d4257178cd8370a4d2f376420c49,CL:0000625,"Lung.CD8-positive, alpha-beta T cell",298,4950,6.02
f189d4257178cd8370a4d2f376420c49,CL:0002145,Lung.ciliated columnar cell of tracheobronchial tree:non-nasal,286,4950,5.78
f189d4257178cd8370a4d2f376420c49,CL:0002063,Lung.type II pneumocyte,231,4950,4.67
f189d4257178cd8370a4d2f376420c49,CL:0009089,Lung.lung pericyte,200,4950,4.04
f189d4257178cd8370a4d2f376420c49,CL:0002062,Lung.type I pneumocyte,172,4950,3.47
f189d4257178cd8370a4d2f376420c49,CL:0000860,Lung.classical monocyte,145,4950,2.93
f189d4257178cd8370a4d2f376420c49,CL:4028003,Lung.alveolar capillary type 2 endothelial cell,142,4950,2.87
f189d4257178cd8370a4d2f376420c49,CL:4033008,Lung.vein endothelial cell of respiratory system,137,4950,2.77
f189d4257178cd8370a4d2f376420c49,CL:1001568,Lung.pulmonary artery endothelial cell,121,4950,2.44
f189d4257178cd8370a4d2f376420c49,CL:0000192,Lung.smooth muscle cell,76,4950,1.54
f189d4257178cd8370a4d2f376420c49,CL:4028006,Lung.adventitial fibroblast,69,4950,1.39
f189d4257178cd8370a4d2f376420c49,CL:0000186,Lung.myofibroblast cell,39,4950,0.79
f189d4257178cd8370a4d2f376420c49,CL:0009086,Lung.endothelial cell of lymphatic vessel:mature,31,4950,0.63
f189d4257178cd8370a4d2f376420c49,CL:0000624,"Lung.CD4-positive, alpha-beta T cell",31,4950,0.63
f189d4257178cd8370a4d2f376420c49,CL:0002633,Lung.respiratory basal cell,20,4950,0.4
f189d4257178cd8370a4d2f376420c49,CL:0019003,Lung.tracheobronchial goblet cell,19,4950,0.38
f189d4257178cd8370a4d2f376420c49,CL:0000097,Lung.mast cell,14,4950,0.28
f189d4257178cd8370a4d2f376420c49,CL:0000158,Lung.club cell:non-nasal,13,4950,0.26
f189d4257178cd8370a4d2f376420c49,CL:0000192,Lung.smooth muscle cell:activated,12,4950,0.24
f189d4257178cd8370a4d2f376420c49,CL:0009086,Lung.endothelial cell of lymphatic vessel:differentiating,11,4950,0.22
f189d4257178cd8370a4d2f376420c49,CL:0000786,Lung.plasma cell,11,4950,0.22
f189d4257178cd8370a4d2f376420c49,CL:0017000,Lung.pulmonary ionocyte,11,4950,0.22
f189d4257178cd8370a4d2f376420c49,CL:0000236,Lung.B cell,10,4950,0.2
f189d4257178cd8370a4d2f376420c49,CL:0002480,Lung.nasal mucosa goblet cell,9,4950,0.18
f189d4257178cd8370a4d2f376420c49,CL:0002399,Lung.CD1c-positive myeloid dendritic cell,5,4950,0.1
f189d4257178cd8370a4d2f376420c49,CL:0000583,Lung.alveolar macrophage,1,4950,0.02
f189d4257178cd8370a4d2f376420c49,CL:0000784,Lung.plasmacytoid dendritic cell,1,4950,0.02
f189d4257178cd8370a4d2f376420c49,CL:4033005,Lung.serous secreting cell of bronchus submucosal gland,1,4950,0.02
ab3942cee59a994d73f6f89f8f5eb84a,CL:4028002,Lung.alveolar capillary type 1 endothelial cell,2834,11980,23.66
ab3942cee59a994d73f6f89f8f5eb84a,CL:0002062,Lung.type I pneumocyte,2175,11980,18.16
ab3942cee59a994d73f6f89f8f5eb84a,CL:0002063,Lung.type II pneumocyte,1846,11980,15.41
ab3942cee59a994d73f6f89f8f5eb84a,CL:4028004,Lung.alveolar fibroblast,1562,11980,13.04
ab3942cee59a994d73f6f89f8f5eb84a,other,Lung.other,519,11980,4.33
ab3942cee59a994d73f6f89f8f5eb84a,CL:4033008,Lung.vein endothelial cell of respiratory system,366,11980,3.06
ab3942cee59a994d73f6f89f8f5eb84a,CL:0000624,"Lung.CD4-positive, alpha-beta T cell",341,11980,2.85
ab3942cee59a994d73f6f89f8f5eb84a,CL:1001568,Lung.pulmonary artery endothelial cell,332,11980,2.77
ab3942cee59a994d73f6f89f8f5eb84a,CL:4028003,Lung.alveolar capillary type 2 endothelial cell,302,11980,2.52
ab3942cee59a994d73f6f89f8f5eb84a,CL:0000186,Lung.myofibroblast cell,286,11980,2.39
ab3942cee59a994d73f6f89f8f5eb84a,CL:0000625,"Lung.CD8-positive, alpha-beta T cell",232,11980,1.94
ab3942cee59a994d73f6f89f8f5eb84a,CL:0009089,Lung.lung pericyte,231,11980,1.93
ab3942cee59a994d73f6f89f8f5eb84a,CL:0002145,Lung.ciliated columnar cell of tracheobronchial tree:non-nasal,226,11980,1.89
ab3942cee59a994d73f6f89f8f5eb84a,CL:0009086,Lung.endothelial cell of lymphatic vessel:differentiating,116,11980,0.97
ab3942cee59a994d73f6f89f8f5eb84a,CL:0000097,Lung.mast cell,115,11980,0.96
ab3942cee59a994d73f6f89f8f5eb84a,CL:0000192,Lung.smooth muscle cell,79,11980,0.66
ab3942cee59a994d73f6f89f8f5eb84a,CL:0017000,Lung.pulmonary ionocyte,74,11980,0.62
ab3942cee59a994d73f6f89f8f5eb84a,CL:0002399,Lung.CD1c-positive myeloid dendritic cell,69,11980,0.58
ab3942cee59a994d73f6f89f8f5eb84a,CL:0000583,Lung.alveolar macrophage,55,11980,0.46
ab3942cee59a994d73f6f89f8f5eb84a,CL:0000192,Lung.smooth muscle cell:activated,52,11980,0.43
ab3942cee59a994d73f6f89f8f5eb84a,CL:4033043,Lung.lung interstitial macrophage,43,11980,0.36
ab3942cee59a994d73f6f89f8f5eb84a,CL:0002633,Lung.respiratory basal cell,42,11980,0.35
ab3942cee59a994d73f6f89f8f5eb84a,CL:4028006,Lung.adventitial fibroblast,30,11980,0.25
ab3942cee59a994d73f6f89f8f5eb84a,CL:0009086,Lung.endothelial cell of lymphatic vessel:mature,20,11980,0.17
ab3942cee59a994d73f6f89f8f5eb84a,CL:0000860,Lung.classical monocyte,17,11980,0.14
ab3942cee59a994d73f6f89f8f5eb84a,CL:0000236,Lung.B cell,10,11980,0.08
ab3942cee59a994d73f6f89f8f5eb84a,CL:0000158,Lung.club cell:non-nasal,4,11980,0.03
ab3942cee59a994d73f6f89f8f5eb84a,CL:0000786,Lung.plasma cell,2,11980,0.02
2de7b69ad82967808cfb149374940f28,CL:4028002,Lung.alveolar capillary type 1 endothelial cell,4282,19998,21.41
2de7b69ad82967808cfb149374940f28,CL:4028004,Lung.alveolar fibroblast,3158,19998,15.79
2de7b69ad82967808cfb149374940f28,CL:0002063,Lung.type II pneumocyte,2033,19998,10.17
2de7b69ad82967808cfb149374940f28,CL:0002062,Lung.type I pneumocyte,1677,19998,8.39
2de7b69ad82967808cfb149374940f28,CL:0002145,Lung.ciliated columnar cell of tracheobronchial tree:non-nasal,1647,19998,8.24
2de7b69ad82967808cfb149374940f28,CL:4033008,Lung.vein endothelial cell of respiratory system,1328,19998,6.64
2de7b69ad82967808cfb149374940f28,CL:0000186,Lung.myofibroblast cell,957,19998,4.79
2de7b69ad82967808cfb149374940f28,CL:4028003,Lung.alveolar capillary type 2 endothelial cell,894,19998,4.47
2de7b69ad82967808cfb149374940f28,CL:0000625,"Lung.CD8-positive, alpha-beta T cell",860,19998,4.3
2de7b69ad82967808cfb149374940f28,CL:1001568,Lung.pulmonary artery endothelial cell,737,19998,3.69
2de7b69ad82967808cfb149374940f28,CL:0009089,Lung.lung pericyte,648,19998,3.24
2de7b69ad82967808cfb149374940f28,other,Lung.other,280,19998,1.4
2de7b69ad82967808cfb149374940f28,CL:0000624,"Lung.CD4-positive, alpha-beta T cell",242,19998,1.21
2de7b69ad82967808cfb149374940f28,CL:0000192,Lung.smooth muscle cell,223,19998,1.12
2de7b69ad82967808cfb149374940f28,CL:0009086,Lung.endothelial cell of lymphatic vessel:differentiating,219,19998,1.1
2de7b69ad82967808cfb149374940f28,CL:0000192,Lung.smooth muscle cell:activated,144,19998,0.72
2de7b69ad82967808cfb149374940f28,CL:0017000,Lung.pulmonary ionocyte,129,19998,0.65
2de7b69ad82967808cfb149374940f28,CL:0002399,Lung.CD1c-positive myeloid dendritic cell,97,19998,0.49
2de7b69ad82967808cfb149374940f28,CL:0000097,Lung.mast cell,92,19998,0.46
2de7b69ad82967808cfb149374940f28,CL:0000236,Lung.B cell,81,19998,0.41
2de7b69ad82967808cfb149374940f28,CL:0002633,Lung.respiratory basal cell,75,19998,0.38
2de7b69ad82967808cfb149374940f28,CL:4028006,Lung.adventitial fibroblast,63,19998,0.32
2de7b69ad82967808cfb149374940f28,CL:0009086,Lung.endothelial cell of lymphatic vessel:mature,30,19998,0.15
2de7b69ad82967808cfb149374940f28,CL:4033043,Lung.lung interstitial macrophage,26,19998,0.13
2de7b69ad82967808cfb149374940f28,CL:0000158,Lung.club cell:non-nasal,24,19998,0.12
2de7b69ad82967808cfb149374940f28,CL:4033044,Lung.deuterosomal cell,18,19998,0.09
2de7b69ad82967808cfb149374940f28,CL:0000860,Lung.classical monocyte,16,19998,0.08
2de7b69ad82967808cfb149374940f28,CL:0000786,Lung.plasma cell,9,19998,0.05
2de7b69ad82967808cfb149374940f28,CL:0000583,Lung.alveolar macrophage,7,19998,0.04
2de7b69ad82967808cfb149374940f28,CL:0000084,Lung.T cell:proliferating,1,19998,0.01
2de7b69ad82967808cfb149374940f28,CL:0000784,Lung.plasmacytoid dendritic cell,1,19998,0.01
c539c3b74724edb20bdd72c137c92f12,CL:4028002,Lung.alveolar capillary type 1 endothelial cell,1461,6238,23.42
c539c3b74724edb20bdd72c137c92f12,CL:0002063,Lung.type II pneumocyte,781,6238,12.52
c539c3b74724edb20bdd72c137c92f12,CL:4028004,Lung.alveolar fibroblast,598,6238,9.59
c539c3b74724edb20bdd72c137c92f12,CL:0002062,Lung.type I pneumocyte,556,6238,8.91
c539c3b74724edb20bdd72c137c92f12,CL:0002145,Lung.ciliated columnar cell of tracheobronchial tree:non-nasal,470,6238,7.53
c539c3b74724edb20bdd72c137c92f12,CL:0000625,"Lung.CD8-positive, alpha-beta T cell",325,6238,5.21
c539c3b74724edb20bdd72c137c92f12,CL:4033008,Lung.vein endothelial cell of respiratory system,239,6238,3.83
c539c3b74724edb20bdd72c137c92f12,CL:1001568,Lung.pulmonary artery endothelial cell,235,6238,3.77
c539c3b74724edb20bdd72c137c92f12,CL:4028003,Lung.alveolar capillary type 2 endothelial cell,204,6238,3.27
c539c3b74724edb20bdd72c137c92f12,CL:0009089,Lung.lung pericyte,183,6238,2.93
c539c3b74724edb20bdd72c137c92f12,other,Lung.other,178,6238,2.85
c539c3b74724edb20bdd72c137c92f12,CL:0000186,Lung.myofibroblast cell,176,6238,2.82
c539c3b74724edb20bdd72c137c92f12,CL:0000624,"Lung.CD4-positive, alpha-beta T cell",134,6238,2.15
c539c3b74724edb20bdd72c137c92f12,CL:4028006,Lung.adventitial fibroblast,128,6238,2.05
c539c3b74724edb20bdd72c137c92f12,CL:0002399,Lung.CD1c-positive myeloid dendritic cell,96,6238,1.54
c539c3b74724edb20bdd72c137c92f12,CL:0002633,Lung.respiratory basal cell,93,6238,1.49
c539c3b74724edb20bdd72c137c92f12,CL:0000192,Lung.smooth muscle cell,82,6238,1.31
c539c3b74724edb20bdd72c137c92f12,CL:0000097,Lung.mast cell,76,6238,1.22
c539c3b74724edb20bdd72c137c92f12,CL:0009086,Lung.endothelial cell of lymphatic vessel:differentiating,68,6238,1.09
c539c3b74724edb20bdd72c137c92f12,CL:0000158,Lung.club cell:non-nasal,42,6238,0.67
c539c3b74724edb20bdd72c137c92f12,CL:0000236,Lung.B cell,27,6238,0.43
c539c3b74724edb20bdd72c137c92f12,CL:0000786,Lung.plasma cell,18,6238,0.29
c539c3b74724edb20bdd72c137c92f12,CL:0017000,Lung.pulmonary ionocyte,15,6238,0.24
c539c3b74724edb20bdd72c137c92f12,CL:0002063,Lung.type II pneumocyte:proliferating,13,6238,0.21
c539c3b74724edb20bdd72c137c92f12,CL:0000623,Lung.natural killer cell,10,6238,0.16
c539c3b74724edb20bdd72c137c92f12,CL:0009086,Lung.endothelial cell of lymphatic vessel:mature,9,6238,0.14
c539c3b74724edb20bdd72c137c92f12,CL:0002480,Lung.nasal mucosa goblet cell,6,6238,0.1
c539c3b74724edb20bdd72c137c92f12,CL:0000084,Lung.T cell:proliferating,5,6238,0.08
c539c3b74724edb20bdd72c137c92f12,CL:0000860,Lung.classical monocyte,4,6238,0.06
c539c3b74724edb20bdd72c137c92f12,CL:0000158,Lung.club cell:nasal,2,6238,0.03
c539c3b74724edb20bdd72c137c92f12,CL:0000583,Lung.alveolar macrophage,1,6238,0.02
c539c3b74724edb20bdd72c137c92f12,CL:4033023,Lung.airway submucosal gland collecting duct epithelial cell,1,6238,0.02
c539c3b74724edb20bdd72c137c92f12,CL:0002241,Lung.pulmonary interstitial fibroblast,1,6238,0.02
c539c3b74724edb20bdd72c137c92f12,CL:0000192,Lung.smooth muscle cell:activated,1,6238,0.02
d180f9da167041f9b4da91ec6f72cdcf,CL:4028002,Lung.alveolar capillary type 1 endothelial cell,1721,5904,29.15
d180f9da167041f9b4da91ec6f72cdcf,CL:4028004,Lung.alveolar fibroblast,688,5904,11.65
d180f9da167041f9b4da91ec6f72cdcf,CL:0002145,Lung.ciliated columnar cell of tracheobronchial tree:non-nasal,665,5904,11.26
d180f9da167041f9b4da91ec6f72cdcf,CL:0002062,Lung.type I pneumocyte,635,5904,10.76
d180f9da167041f9b4da91ec6f72cdcf,CL:0000625,"Lung.CD8-positive, alpha-beta T cell",226,5904,3.83
d180f9da167041f9b4da91ec6f72cdcf,CL:0002063,Lung.type II pneumocyte,219,5904,3.71
d180f9da167041f9b4da91ec6f72cdcf,CL:4028006,Lung.adventitial fibroblast,214,5904,3.62
d180f9da167041f9b4da91ec6f72cdcf,CL:0000192,Lung.smooth muscle cell,209,5904,3.54
d180f9da167041f9b4da91ec6f72cdcf,other,Lung.other,193,5904,3.27
d180f9da167041f9b4da91ec6f72cdcf,CL:4033008,Lung.vein endothelial cell of respiratory system,161,5904,2.73
d180f9da167041f9b4da91ec6f72cdcf,CL:4028003,Lung.alveolar capillary type 2 endothelial cell,159,5904,2.69
d180f9da167041f9b4da91ec6f72cdcf,CL:0009089,Lung.lung pericyte,147,5904,2.49
d180f9da167041f9b4da91ec6f72cdcf,CL:0002633,Lung.respiratory basal cell,144,5904,2.44
d180f9da167041f9b4da91ec6f72cdcf,CL:0000186,Lung.myofibroblast cell,131,5904,2.22
d180f9da167041f9b4da91ec6f72cdcf,CL:1001568,Lung.pulmonary artery endothelial cell,90,5904,1.52
d180f9da167041f9b4da91ec6f72cdcf,CL:0000624,"Lung.CD4-positive, alpha-beta T cell",59,5904,1.0
d180f9da167041f9b4da91ec6f72cdcf,CL:0000158,Lung.club cell:non-nasal,51,5904,0.86
d180f9da167041f9b4da91ec6f72cdcf,CL:0000192,Lung.smooth muscle cell:activated,45,5904,0.76
d180f9da167041f9b4da91ec6f72cdcf,CL:0002399,Lung.CD1c-positive myeloid dendritic cell,36,5904,0.61
d180f9da167041f9b4da91ec6f72cdcf,CL:0009086,Lung.endothelial cell of lymphatic vessel:mature,30,5904,0.51
d180f9da167041f9b4da91ec6f72cdcf,CL:0009086,Lung.endothelial cell of lymphatic vessel:differentiating,18,5904,0.3
d180f9da167041f9b4da91ec6f72cdcf,CL:0017000,Lung.pulmonary ionocyte,17,5904,0.29
d180f9da167041f9b4da91ec6f72cdcf,CL:4033005,Lung.serous secreting cell of bronchus submucosal gland,13,5904,0.22
d180f9da167041f9b4da91ec6f72cdcf,CL:4033023,Lung.airway submucosal gland collecting duct epithelial cell,12,5904,0.2
d180f9da167041f9b4da91ec6f72cdcf,CL:0000236,Lung.B cell,7,5904,0.12
d180f9da167041f9b4da91ec6f72cdcf,CL:0000097,Lung.mast cell,4,5904,0.07
d180f9da167041f9b4da91ec6f72cdcf,CL:0000158,Lung.club cell:nasal,3,5904,0.05
d180f9da167041f9b4da91ec6f72cdcf,CL:4033043,Lung.lung interstitial macrophage,3,5904,0.05
d180f9da167041f9b4da91ec6f72cdcf,CL:4033044,Lung.deuterosomal cell,1,5904,0.02
d180f9da167041f9b4da91ec6f72cdcf,CL:0000860,Lung.classical monocyte,1,5904,0.02
d180f9da167041f9b4da91ec6f72cdcf,CL:0000786,Lung.plasma cell,1,5904,0.02
d180f9da167041f9b4da91ec6f72cdcf,CL:4033048,Lung.respiratory suprabasal cell,1,5904,0.02
0079f009c4e1c5a1920250937ea8ac94,CL:0002063,Lung.type II pneumocyte,2188,10933,20.01
0079f009c4e1c5a1920250937ea8ac94,CL:4028002,Lung.alveolar capillary type 1 endothelial cell,1659,10933,15.17
0079f009c4e1c5a1920250937ea8ac94,CL:0002062,Lung.type I pneumocyte,1033,10933,9.45
0079f009c4e1c5a1920250937ea8ac94,CL:4028004,Lung.alveolar fibroblast,942,10933,8.62
0079f009c4e1c5a1920250937ea8ac94,CL:0002145,Lung.ciliated columnar cell of tracheobronchial tree:non-nasal,785,10933,7.18
0079f009c4e1c5a1920250937ea8ac94,CL:0000625,"Lung.CD8-positive, alpha-beta T cell",605,10933,5.53
0079f009c4e1c5a1920250937ea8ac94,CL:0000624,"Lung.CD4-positive, alpha-beta T cell",579,10933,5.3
0079f009c4e1c5a1920250937ea8ac94,other,Lung.other,439,10933,4.02
0079f009c4e1c5a1920250937ea8ac94,CL:0000860,Lung.classical monocyte,335,10933,3.06
0079f009c4e1c5a1920250937ea8ac94,CL:4033008,Lung.vein endothelial cell of respiratory system,296,10933,2.71
0079f009c4e1c5a1920250937ea8ac94,CL:0000186,Lung.myofibroblast cell,295,10933,2.7
0079f009c4e1c5a1920250937ea8ac94,CL:0002633,Lung.respiratory basal cell,273,10933,2.5
0079f009c4e1c5a1920250937ea8ac94,CL:4028003,Lung.alveolar capillary type 2 endothelial cell,263,10933,2.41
0079f009c4e1c5a1920250937ea8ac94,CL:0009089,Lung.lung pericyte,181,10933,1.66
0079f009c4e1c5a1920250937ea8ac94,CL:4028006,Lung.adventitial fibroblast,129,10933,1.18
0079f009c4e1c5a1920250937ea8ac94,CL:1001568,Lung.pulmonary artery endothelial cell,118,10933,1.08
0079f009c4e1c5a1920250937ea8ac94,CL:0000192,Lung.smooth muscle cell,116,10933,1.06
0079f009c4e1c5a1920250937ea8ac94,CL:0000236,Lung.B cell,97,10933,0.89
0079f009c4e1c5a1920250937ea8ac94,CL:0002399,Lung.CD1c-positive myeloid dendritic cell,90,10933,0.82
0079f009c4e1c5a1920250937ea8ac94,CL:0009086,Lung.endothelial cell of lymphatic vessel:differentiating,83,10933,0.76
0079f009c4e1c5a1920250937ea8ac94,CL:0017000,Lung.pulmonary ionocyte,59,10933,0.54
0079f009c4e1c5a1920250937ea8ac94,CL:4033043,Lung.lung interstitial macrophage,55,10933,0.5
0079f009c4e1c5a1920250937ea8ac94,CL:0000097,Lung.mast cell,54,10933,0.49
0079f009c4e1c5a1920250937ea8ac94,CL:0000158,Lung.club cell:non-nasal,41,10933,0.38
0079f009c4e1c5a1920250937ea8ac94,CL:0009086,Lung.endothelial cell of lymphatic vessel:mature,32,10933,0.29
0079f009c4e1c5a1920250937ea8ac94,CL:0000583,Lung.alveolar macrophage,31,10933,0.28
0079f009c4e1c5a1920250937ea8ac94,CL:0000786,Lung.plasma cell,24,10933,0.22
0079f009c4e1c5a1920250937ea8ac94,CL:0000623,Lung.natural killer cell,23,10933,0.21
0079f009c4e1c5a1920250937ea8ac94,CL:0002063,Lung.type II pneumocyte:proliferating,21,10933,0.19
0079f009c4e1c5a1920250937ea8ac94,CL:0000192,Lung.smooth muscle cell:activated,20,10933,0.18
0079f009c4e1c5a1920250937ea8ac94,CL:0000158,Lung.club cell:nasal,18,10933,0.16
0079f009c4e1c5a1920250937ea8ac94,CL:4033023,Lung.airway submucosal gland collecting duct epithelial cell,17,10933,0.16
0079f009c4e1c5a1920250937ea8ac94,CL:4033044,Lung.deuterosomal cell,10,10933,0.09
0079f009c4e1c5a1920250937ea8ac94,CL:4033005,Lung.serous secreting cell of bronchus submucosal gland,10,10933,0.09
0079f009c4e1c5a1920250937ea8ac94,CL:4033048,Lung.respiratory suprabasal cell,6,10933,0.05
0079f009c4e1c5a1920250937ea8ac94,CL:0000084,Lung.T cell:proliferating,1,10933,0.01
0079f009c4e1c5a1920250937ea8ac94,CL:0002075,Lung.brush cell of trachebronchial tree,1,10933,0.01
0079f009c4e1c5a1920250937ea8ac94,CL:0002480,Lung.nasal mucosa goblet cell,1,10933,0.01
0079f009c4e1c5a1920250937ea8ac94,CL:0000784,Lung.plasmacytoid dendritic cell,1,10933,0.01
0079f009c4e1c5a1920250937ea8ac94,CL:0002241,Lung.pulmonary interstitial fibroblast,1,10933,0.01
0079f009c4e1c5a1920250937ea8ac94,CL:0019003,Lung.tracheobronchial goblet cell,1,10933,0.01
d54c01d63b41e05a316101a30465555e,CL:4028002,Lung.alveolar capillary type 1 endothelial cell,2454,11877,20.66
d54c01d63b41e05a316101a30465555e,CL:0002063,Lung.type II pneumocyte,2200,11877,18.52
d54c01d63b41e05a316101a30465555e,CL:0002062,Lung.type I pneumocyte,1364,11877,11.48
d54c01d63b41e05a316101a30465555e,CL:4028004,Lung.alveolar fibroblast,1121,11877,9.44
d54c01d63b41e05a316101a30465555e,CL:0000625,"Lung.CD8-positive, alpha-beta T cell",790,11877,6.65
d54c01d63b41e05a316101a30465555e,CL:0000624,"Lung.CD4-positive, alpha-beta T cell",680,11877,5.73
d54c01d63b41e05a316101a30465555e,other,Lung.other,508,11877,4.28
d54c01d63b41e05a316101a30465555e,CL:0002145,Lung.ciliated columnar cell of tracheobronchial tree:non-nasal,370,11877,3.12
d54c01d63b41e05a316101a30465555e,CL:4028003,Lung.alveolar capillary type 2 endothelial cell,252,11877,2.12
d54c01d63b41e05a316101a30465555e,CL:4033008,Lung.vein endothelial cell of respiratory system,238,11877,2.0
d54c01d63b41e05a316101a30465555e,CL:0009089,Lung.lung pericyte,230,11877,1.94
d54c01d63b41e05a316101a30465555e,CL:0000860,Lung.classical monocyte,191,11877,1.61
d54c01d63b41e05a316101a30465555e,CL:0000186,Lung.myofibroblast cell,182,11877,1.53
d54c01d63b41e05a316101a30465555e,CL:0002399,Lung.CD1c-positive myeloid dendritic cell,179,11877,1.51
d54c01d63b41e05a316101a30465555e,CL:1001568,Lung.pulmonary artery endothelial cell,167,11877,1.41
d54c01d63b41e05a316101a30465555e,CL:0000097,Lung.mast cell,135,11877,1.14
d54c01d63b41e05a316101a30465555e,CL:0002633,Lung.respiratory basal cell,116,11877,0.98
d54c01d63b41e05a316101a30465555e,CL:0017000,Lung.pulmonary ionocyte,116,11877,0.98
d54c01d63b41e05a316101a30465555e,CL:0009086,Lung.endothelial cell of lymphatic vessel:differentiating,91,11877,0.77
d54c01d63b41e05a316101a30465555e,CL:0000192,Lung.smooth muscle cell:activated,85,11877,0.72
d54c01d63b41e05a316101a30465555e,CL:0000236,Lung.B cell,83,11877,0.7
d54c01d63b41e05a316101a30465555e,CL:4028006,Lung.adventitial fibroblast,78,11877,0.66
d54c01d63b41e05a316101a30465555e,CL:0000158,Lung.club cell:non-nasal,76,11877,0.64
d54c01d63b41e05a316101a30465555e,CL:0000192,Lung.smooth muscle cell,48,11877,0.4
d54c01d63b41e05a316101a30465555e,CL:0009086,Lung.endothelial cell of lymphatic vessel:mature,43,11877,0.36
d54c01d63b41e05a316101a30465555e,CL:4033043,Lung.lung interstitial macrophage,15,11877,0.13
d54c01d63b41e05a316101a30465555e,CL:0002063,Lung.type II pneumocyte:proliferating,15,11877,0.13
d54c01d63b41e05a316101a30465555e,CL:0000786,Lung.plasma cell,13,11877,0.11
d54c01d63b41e05a316101a30465555e,CL:4033023,Lung.airway submucosal gland collecting duct epithelial cell,9,11877,0.08
d54c01d63b41e05a316101a30465555e,CL:0000583,Lung.alveolar macrophage,8,11877,0.07
d54c01d63b41e05a316101a30465555e,CL:0000623,Lung.natural killer cell,8,11877,0.07
d54c01d63b41e05a316101a30465555e,CL:0002480,Lung.nasal mucosa goblet cell,6,11877,0.05
d54c01d63b41e05a316101a30465555e,CL:4033044,Lung.deuterosomal cell,3,11877,0.03
d54c01d63b41e05a316101a30465555e,CL:0000784,Lung.plasmacytoid dendritic cell,3,11877,0.03
d5fe1d775e2f5ea978a160f34e4cec96,CL:0002063,Lung.type II pneumocyte,3368,11841,28.44
d5fe1d775e2f5ea978a160f34e4cec96,CL:4028002,Lung.alveolar capillary type 1 endothelial cell,1405,11841,11.87
d5fe1d775e2f5ea978a160f34e4cec96,CL:0002062,Lung.type I pneumocyte,1393,11841,11.76
d5fe1d775e2f5ea978a160f34e4cec96,other,Lung.other,1334,11841,11.27
d5fe1d775e2f5ea978a160f34e4cec96,CL:4028004,Lung.alveolar fibroblast,1105,11841,9.33
d5fe1d775e2f5ea978a160f34e4cec96,CL:4028003,Lung.alveolar capillary type 2 endothelial cell,513,11841,4.33
d5fe1d775e2f5ea978a160f34e4cec96,CL:0000625,"Lung.CD8-positive, alpha-beta T cell",415,11841,3.5
d5fe1d775e2f5ea978a160f34e4cec96,CL:0000624,"Lung.CD4-positive, alpha-beta T cell",249,11841,2.1
d5fe1d775e2f5ea978a160f34e4cec96,CL:1001568,Lung.pulmonary artery endothelial cell,213,11841,1.8
d5fe1d775e2f5ea978a160f34e4cec96,CL:0000192,Lung.smooth muscle cell,190,11841,1.6
d5fe1d775e2f5ea978a160f34e4cec96,CL:0002145,Lung.ciliated columnar cell of tracheobronchial tree:non-nasal,188,11841,1.59
d5fe1d775e2f5ea978a160f34e4cec96,CL:0000583,Lung.alveolar macrophage,166,11841,1.4
d5fe1d775e2f5ea978a160f34e4cec96,CL:4033043,Lung.lung interstitial macrophage,157,11841,1.33
d5fe1d775e2f5ea978a160f34e4cec96,CL:4033008,Lung.vein endothelial cell of respiratory system,151,11841,1.28
d5fe1d775e2f5ea978a160f34e4cec96,CL:0002399,Lung.CD1c-positive myeloid dendritic cell,147,11841,1.24
d5fe1d775e2f5ea978a160f34e4cec96,CL:0000860,Lung.classical monocyte,146,11841,1.23
d5fe1d775e2f5ea978a160f34e4cec96,CL:0000186,Lung.myofibroblast cell,132,11841,1.11
d5fe1d775e2f5ea978a160f34e4cec96,CL:0002063,Lung.type II pneumocyte:proliferating,126,11841,1.06
d5fe1d775e2f5ea978a160f34e4cec96,CL:0009089,Lung.lung pericyte,93,11841,0.79
d5fe1d775e2f5ea978a160f34e4cec96,CL:0009086,Lung.endothelial cell of lymphatic vessel:differentiating,74,11841,0.62
d5fe1d775e2f5ea978a160f34e4cec96,CL:0017000,Lung.pulmonary ionocyte,50,11841,0.42
d5fe1d775e2f5ea978a160f34e4cec96,CL:4028006,Lung.adventitial fibroblast,49,11841,0.41
d5fe1d775e2f5ea978a160f34e4cec96,CL:0000236,Lung.B cell,32,11841,0.27
d5fe1d775e2f5ea978a160f34e4cec96,CL:0000158,Lung.club cell:non-nasal,28,11841,0.24
d5fe1d775e2f5ea978a160f34e4cec96,CL:0002241,Lung.pulmonary interstitial fibroblast,22,11841,0.19
d5fe1d775e2f5ea978a160f34e4cec96,CL:0002633,Lung.respiratory basal cell,20,11841,0.17
d5fe1d775e2f5ea978a160f34e4cec96,CL:1000223,Lung.lung neuroendocrine cell,19,11841,0.16
d5fe1d775e2f5ea978a160f34e4cec96,CL:0000786,Lung.plasma cell,17,11841,0.14
d5fe1d775e2f5ea978a160f34e4cec96,CL:0000623,Lung.natural killer cell,16,11841,0.14
d5fe1d775e2f5ea978a160f34e4cec96,CL:0000097,Lung.mast cell,13,11841,0.11
d5fe1d775e2f5ea978a160f34e4cec96,CL:0000084,Lung.T cell:proliferating,3,11841,0.03
d5fe1d775e2f5ea978a160f34e4cec96,CL:0000583,Lung.alveolar macrophage:proliferating,2,11841,0.02
d5fe1d775e2f5ea978a160f34e4cec96,CL:0009086,Lung.endothelial cell of lymphatic vessel:mature,2,11841,0.02
d5fe1d775e2f5ea978a160f34e4cec96,CL:0002480,Lung.nasal mucosa goblet cell,1,11841,0.01
d5fe1d775e2f5ea978a160f34e4cec96,CL:0005012,Lung.multi-ciliated epithelial cell:nasal,1,11841,0.01
d5fe1d775e2f5ea978a160f34e4cec96,CL:4033048,Lung.respiratory suprabasal cell,1,11841,0.01
d1719464341c88c7d4b78867c32b6d92,CL:0002063,Lung.type II pneumocyte,3251,9946,32.69
d1719464341c88c7d4b78867c32b6d92,CL:4028002,Lung.alveolar capillary type 1 endothelial cell,1333,9946,13.4
d1719464341c88c7d4b78867c32b6d92,other,Lung.other,859,9946,8.64
d1719464341c88c7d4b78867c32b6d92,CL:0002062,Lung.type I pneumocyte,848,9946,8.53
d1719464341c88c7d4b78867c32b6d92,CL:4028004,Lung.alveolar fibroblast,838,9946,8.43
d1719464341c88c7d4b78867c32b6d92,CL:0002145,Lung.ciliated columnar cell of tracheobronchial tree:non-nasal,418,9946,4.2
d1719464341c88c7d4b78867c32b6d92,CL:0000625,"Lung.CD8-positive, alpha-beta T cell",277,9946,2.79
d1719464341c88c7d4b78867c32b6d92,CL:4028003,Lung.alveolar capillary type 2 endothelial cell,266,9946,2.67
d1719464341c88c7d4b78867c32b6d92,CL:0000624,"Lung.CD4-positive, alpha-beta T cell",246,9946,2.47
d1719464341c88c7d4b78867c32b6d92,CL:4033008,Lung.vein endothelial cell of respiratory system,218,9946,2.19
d1719464341c88c7d4b78867c32b6d92,CL:0000186,Lung.myofibroblast cell,178,9946,1.79
d1719464341c88c7d4b78867c32b6d92,CL:0000192,Lung.smooth muscle cell,166,9946,1.67
d1719464341c88c7d4b78867c32b6d92,CL:1001568,Lung.pulmonary artery endothelial cell,142,9946,1.43
d1719464341c88c7d4b78867c32b6d92,CL:4028006,Lung.adventitial fibroblast,139,9946,1.4
d1719464341c88c7d4b78867c32b6d92,CL:0002399,Lung.CD1c-positive myeloid dendritic cell,126,9946,1.27
d1719464341c88c7d4b78867c32b6d92,CL:0002063,Lung.type II pneumocyte:proliferating,98,9946,0.99
d1719464341c88c7d4b78867c32b6d92,CL:0009086,Lung.endothelial cell of lymphatic vessel:differentiating,95,9946,0.96
d1719464341c88c7d4b78867c32b6d92,CL:0002633,Lung.respiratory basal cell,79,9946,0.79
d1719464341c88c7d4b78867c32b6d92,CL:0009089,Lung.lung pericyte,77,9946,0.77
d1719464341c88c7d4b78867c32b6d92,CL:4033043,Lung.lung interstitial macrophage,61,9946,0.61
d1719464341c88c7d4b78867c32b6d92,CL:0000860,Lung.classical monocyte,53,9946,0.53
d1719464341c88c7d4b78867c32b6d92,CL:0000158,Lung.club cell:non-nasal,45,9946,0.45
d1719464341c88c7d4b78867c32b6d92,CL:0000583,Lung.alveolar macrophage,43,9946,0.43
d1719464341c88c7d4b78867c32b6d92,CL:0000236,Lung.B cell,28,9946,0.28
d1719464341c88c7d4b78867c32b6d92,CL:0017000,Lung.pulmonary ionocyte,14,9946,0.14
d1719464341c88c7d4b78867c32b6d92,CL:0000786,Lung.plasma cell,13,9946,0.13
d1719464341c88c7d4b78867c32b6d92,CL:0002241,Lung.pulmonary interstitial fibroblast,9,9946,0.09
d1719464341c88c7d4b78867c32b6d92,CL:0000097,Lung.mast cell,7,9946,0.07
d1719464341c88c7d4b78867c32b6d92,CL:4033044,Lung.deuterosomal cell,6,9946,0.06
d1719464341c88c7d4b78867c32b6d92,CL:0009086,Lung.endothelial cell of lymphatic vessel:mature,6,9946,0.06
d1719464341c88c7d4b78867c32b6d92,CL:1000223,Lung.lung neuroendocrine cell,4,9946,0.04
d1719464341c88c7d4b78867c32b6d92,CL:0000084,Lung.T cell:proliferating,2,9946,0.02
d1719464341c88c7d4b78867c32b6d92,CL:0005012,Lung.multi-ciliated epithelial cell:nasal,1,9946,0.01
4de0f783e9ba5fc7a93b061718e9b975,CL:0002063,Lung.type II pneumocyte,5073,10937,46.38
4de0f783e9ba5fc7a93b061718e9b975,other,Lung.other,971,10937,8.88
4de0f783e9ba5fc7a93b061718e9b975,CL:4028002,Lung.alveolar capillary type 1 endothelial cell,923,10937,8.44
4de0f783e9ba5fc7a93b061718e9b975,CL:4028004,Lung.alveolar fibroblast,835,10937,7.63
4de0f783e9ba5fc7a93b061718e9b975,CL:0002062,Lung.type I pneumocyte,741,10937,6.78
4de0f783e9ba5fc7a93b061718e9b975,CL:0000624,"Lung.CD4-positive, alpha-beta T cell",287,10937,2.62
4de0f783e9ba5fc7a93b061718e9b975,CL:1001568,Lung.pulmonary artery endothelial cell,224,10937,2.05
4de0f783e9ba5fc7a93b061718e9b975,CL:4028003,Lung.alveolar capillary type 2 endothelial cell,197,10937,1.8
4de0f783e9ba5fc7a93b061718e9b975,CL:0002063,Lung.type II pneumocyte:proliferating,197,10937,1.8
4de0f783e9ba5fc7a93b061718e9b975,CL:0009089,Lung.lung pericyte,163,10937,1.49
4de0f783e9ba5fc7a93b061718e9b975,CL:0000583,Lung.alveolar macrophage,159,10937,1.45
4de0f783e9ba5fc7a93b061718e9b975,CL:4028006,Lung.adventitial fibroblast,145,10937,1.33
4de0f783e9ba5fc7a93b061718e9b975,CL:0002145,Lung.ciliated columnar cell of tracheobronchial tree:non-nasal,139,10937,1.27
4de0f783e9ba5fc7a93b061718e9b975,CL:4033008,Lung.vein endothelial cell of respiratory system,137,10937,1.25
4de0f783e9ba5fc7a93b061718e9b975,CL:0000625,"Lung.CD8-positive, alpha-beta T cell",122,10937,1.12
4de0f783e9ba5fc7a93b061718e9b975,CL:0000186,Lung.myofibroblast cell,117,10937,1.07
4de0f783e9ba5fc7a93b061718e9b975,CL:0000860,Lung.classical monocyte,101,10937,0.92
4de0f783e9ba5fc7a93b061718e9b975,CL:0000192,Lung.smooth muscle cell,86,10937,0.79
4de0f783e9ba5fc7a93b061718e9b975,CL:0009086,Lung.endothelial cell of lymphatic vessel:differentiating,70,10937,0.64
4de0f783e9ba5fc7a93b061718e9b975,CL:0000623,Lung.natural killer cell,62,10937,0.57
4de0f783e9ba5fc7a93b061718e9b975,CL:4033043,Lung.lung interstitial macrophage,50,10937,0.46
4de0f783e9ba5fc7a93b061718e9b975,CL:0000236,Lung.B cell,27,10937,0.25
4de0f783e9ba5fc7a93b061718e9b975,CL:0002633,Lung.respiratory basal cell,24,10937,0.22
4de0f783e9ba5fc7a93b061718e9b975,CL:0002399,Lung.CD1c-positive myeloid dendritic cell,19,10937,0.17
4de0f783e9ba5fc7a93b061718e9b975,CL:0002241,Lung.pulmonary interstitial fibroblast,18,10937,0.16
4de0f783e9ba5fc7a93b061718e9b975,CL:0000786,Lung.plasma cell,17,10937,0.16
4de0f783e9ba5fc7a93b061718e9b975,CL:0000084,Lung.T cell:proliferating,9,10937,0.08
4de0f783e9ba5fc7a93b061718e9b975,CL:0009086,Lung.endothelial cell of lymphatic vessel:mature,9,10937,0.08
4de0f783e9ba5fc7a93b061718e9b975,CL:0017000,Lung.pulmonary ionocyte,8,10937,0.07
4de0f783e9ba5fc7a93b061718e9b975,CL:0000192,Lung.smooth muscle cell:activated,5,10937,0.05
4de0f783e9ba5fc7a93b061718e9b975,CL:0000097,Lung.mast cell,2,10937,0.02
c643ed5d97472b6e6f5d55f475e0d5a7,CL:4028002,Lung.alveolar capillary type 1 endothelial cell,2814,9955,28.27
c643ed5d97472b6e6f5d55f475e0d5a7,CL:0002062,Lung.type I pneumocyte,1954,9955,19.63
c643ed5d97472b6e6f5d55f475e0d5a7,CL:0002063,Lung.type II pneumocyte,1464,9955,14.71
c643ed5d97472b6e6f5d55f475e0d5a7,CL:4028004,Lung.alveolar fibroblast,1079,9955,10.84
c643ed5d97472b6e6f5d55f475e0d5a7,CL:0002145,Lung.ciliated columnar cell of tracheobronchial tree:non-nasal,349,9955,3.51
c643ed5d97472b6e6f5d55f475e0d5a7,other,Lung.other,289,9955,2.9
c643ed5d97472b6e6f5d55f475e0d5a7,CL:0009089,Lung.lung pericyte,275,9955,2.76
c643ed5d97472b6e6f5d55f475e0d5a7,CL:0000625,"Lung.CD8-positive, alpha-beta T cell",275,9955,2.76
c643ed5d97472b6e6f5d55f475e0d5a7,CL:4028003,Lung.alveolar capillary type 2 endothelial cell,263,9955,2.64
c643ed5d97472b6e6f5d55f475e0d5a7,CL:4033008,Lung.vein endothelial cell of respiratory system,247,9955,2.48
c643ed5d97472b6e6f5d55f475e0d5a7,CL:1001568,Lung.pulmonary artery endothelial cell,162,9955,1.63
c643ed5d97472b6e6f5d55f475e0d5a7,CL:0000624,"Lung.CD4-positive, alpha-beta T cell",108,9955,1.08
c643ed5d97472b6e6f5d55f475e0d5a7,CL:0000192,Lung.smooth muscle cell,81,9955,0.81
c643ed5d97472b6e6f5d55f475e0d5a7,CL:0000097,Lung.mast cell,81,9955,0.81
c643ed5d97472b6e6f5d55f475e0d5a7,CL:4028006,Lung.adventitial fibroblast,78,9955,0.78
c643ed5d97472b6e6f5d55f475e0d5a7,CL:0002399,Lung.CD1c-positive myeloid dendritic cell,73,9955,0.73
c643ed5d97472b6e6f5d55f475e0d5a7,CL:0000186,Lung.myofibroblast cell,72,9955,0.72
c643ed5d97472b6e6f5d55f475e0d5a7,CL:0017000,Lung.pulmonary ionocyte,61,9955,0.61
c643ed5d97472b6e6f5d55f475e0d5a7,CL:0009086,Lung.endothelial cell of lymphatic vessel:differentiating,49,9955,0.49
c643ed5d97472b6e6f5d55f475e0d5a7,CL:0000860,Lung.classical monocyte,36,9955,0.36
c643ed5d97472b6e6f5d55f475e0d5a7,CL:0002633,Lung.respiratory basal cell,36,9955,0.36
c643ed5d97472b6e6f5d55f475e0d5a7,CL:0000158,Lung.club cell:non-nasal,25,9955,0.25
c643ed5d97472b6e6f5d55f475e0d5a7,CL:0000192,Lung.smooth muscle cell:activated,22,9955,0.22
c643ed5d97472b6e6f5d55f475e0d5a7,CL:0009086,Lung.endothelial cell of lymphatic vessel:mature,13,9955,0.13
c643ed5d97472b6e6f5d55f475e0d5a7,CL:0000583,Lung.alveolar macrophage,13,9955,0.13
c643ed5d97472b6e6f5d55f475e0d5a7,CL:0000786,Lung.plasma cell,13,9955,0.13
c643ed5d97472b6e6f5d55f475e0d5a7,CL:4033043,Lung.lung interstitial macrophage,10,9955,0.1
c643ed5d97472b6e6f5d55f475e0d5a7,CL:4033023,Lung.airway submucosal gland collecting duct epithelial cell,10,9955,0.1
c643ed5d97472b6e6f5d55f475e0d5a7,CL:0000236,Lung.B cell,2,9955,0.02
c643ed5d97472b6e6f5d55f475e0d5a7,CL:0000784,Lung.plasmacytoid dendritic cell,1,9955,0.01
abd5391036708fffe60e904d3ada3251,CL:4028002,Lung.alveolar capillary type 1 endothelial cell,2449,8969,27.31
abd5391036708fffe60e904d3ada3251,CL:4028004,Lung.alveolar fibroblast,1244,8969,13.87
abd5391036708fffe60e904d3ada3251,CL:0002062,Lung.type I pneumocyte,975,8969,10.87
abd5391036708fffe60e904d3ada3251,CL:0002063,Lung.type II pneumocyte,863,8969,9.62
abd5391036708fffe60e904d3ada3251,CL:4028003,Lung.alveolar capillary type 2 endothelial cell,713,8969,7.95
abd5391036708fffe60e904d3ada3251,CL:1001568,Lung.pulmonary artery endothelial cell,458,8969,5.11
abd5391036708fffe60e904d3ada3251,CL:4033008,Lung.vein endothelial cell of respiratory system,413,8969,4.6
abd5391036708fffe60e904d3ada3251,CL:0009089,Lung.lung pericyte,307,8969,3.42
abd5391036708fffe60e904d3ada3251,CL:0000625,"Lung.CD8-positive, alpha-beta T cell",290,8969,3.23
abd5391036708fffe60e904d3ada3251,CL:0000186,Lung.myofibroblast cell,260,8969,2.9
abd5391036708fffe60e904d3ada3251,CL:0000624,"Lung.CD4-positive, alpha-beta T cell",236,8969,2.63
abd5391036708fffe60e904d3ada3251,other,Lung.other,226,8969,2.52
abd5391036708fffe60e904d3ada3251,CL:0000097,Lung.mast cell,150,8969,1.67
abd5391036708fffe60e904d3ada3251,CL:0009086,Lung.endothelial cell of lymphatic vessel:differentiating,87,8969,0.97
abd5391036708fffe60e904d3ada3251,CL:0002399,Lung.CD1c-positive myeloid dendritic cell,79,8969,0.88
abd5391036708fffe60e904d3ada3251,CL:0000192,Lung.smooth muscle cell,48,8969,0.54
abd5391036708fffe60e904d3ada3251,CL:0000236,Lung.B cell,38,8969,0.42
abd5391036708fffe60e904d3ada3251,CL:4028006,Lung.adventitial fibroblast,26,8969,0.29
abd5391036708fffe60e904d3ada3251,CL:0002145,Lung.ciliated columnar cell of tracheobronchial tree:non-nasal,26,8969,0.29
abd5391036708fffe60e904d3ada3251,CL:0000192,Lung.smooth muscle cell:activated,21,8969,0.23
abd5391036708fffe60e904d3ada3251,CL:0017000,Lung.pulmonary ionocyte,13,8969,0.14
abd5391036708fffe60e904d3ada3251,CL:0000860,Lung.classical monocyte,13,8969,0.14
abd5391036708fffe60e904d3ada3251,CL:0009086,Lung.endothelial cell of lymphatic vessel:mature,11,8969,0.12
abd5391036708fffe60e904d3ada3251,CL:4033043,Lung.lung interstitial macrophage,11,8969,0.12
abd5391036708fffe60e904d3ada3251,CL:0000786,Lung.plasma cell,11,8969,0.12
abd5391036708fffe60e904d3ada3251,CL:0000084,Lung.T cell:proliferating,1,8969,0.01
a05ae7e0aebd41063d396208a310c105,CL:4028002,Lung.alveolar capillary type 1 endothelial cell,1787,6754,26.46
a05ae7e0aebd41063d396208a310c105,CL:0002063,Lung.type II pneumocyte,1411,6754,20.89
a05ae7e0aebd41063d396208a310c105,CL:0002062,Lung.type I pneumocyte,1004,6754,14.87
a05ae7e0aebd41063d396208a310c105,CL:4028004,Lung.alveolar fibroblast,591,6754,8.75
a05ae7e0aebd41063d396208a310c105,CL:0000625,"Lung.CD8-positive, alpha-beta T cell",473,6754,7.0
a05ae7e0aebd41063d396208a310c105,CL:1001568,Lung.pulmonary artery endothelial cell,236,6754,3.49
a05ae7e0aebd41063d396208a310c105,CL:0009089,Lung.lung pericyte,192,6754,2.84
a05ae7e0aebd41063d396208a310c105,CL:4033008,Lung.vein endothelial cell of respiratory system,188,6754,2.78
a05ae7e0aebd41063d396208a310c105,CL:4028003,Lung.alveolar capillary type 2 endothelial cell,170,6754,2.52
a05ae7e0aebd41063d396208a310c105,CL:0002399,Lung.CD1c-positive myeloid dendritic cell,102,6754,1.51
a05ae7e0aebd41063d396208a310c105,other,Lung.other,69,6754,1.02
a05ae7e0aebd41063d396208a310c105,CL:0000186,Lung.myofibroblast cell,69,6754,1.02
a05ae7e0aebd41063d396208a310c105,CL:0000624,"Lung.CD4-positive, alpha-beta T cell",65,6754,0.96
a05ae7e0aebd41063d396208a310c105,CL:4028006,Lung.adventitial fibroblast,57,6754,0.84
a05ae7e0aebd41063d396208a310c105,CL:0000236,Lung.B cell,56,6754,0.83
a05ae7e0aebd41063d396208a310c105,CL:0009086,Lung.endothelial cell of lymphatic vessel:mature,48,6754,0.71
a05ae7e0aebd41063d396208a310c105,CL:0000192,Lung.smooth muscle cell,48,6754,0.71
a05ae7e0aebd41063d396208a310c105,CL:0000097,Lung.mast cell,41,6754,0.61
a05ae7e0aebd41063d396208a310c105,CL:0002145,Lung.ciliated columnar cell of tracheobronchial tree:non-nasal,34,6754,0.5
a05ae7e0aebd41063d396208a310c105,CL:0009086,Lung.endothelial cell of lymphatic vessel:differentiating,29,6754,0.43
a05ae7e0aebd41063d396208a310c105,CL:0000786,Lung.plasma cell,25,6754,0.37
a05ae7e0aebd41063d396208a310c105,CL:0017000,Lung.pulmonary ionocyte,21,6754,0.31
a05ae7e0aebd41063d396208a310c105,CL:0002063,Lung.type II pneumocyte:proliferating,19,6754,0.28
a05ae7e0aebd41063d396208a310c105,CL:0000583,Lung.alveolar macrophage,4,6754,0.06
a05ae7e0aebd41063d396208a310c105,CL:0005012,Lung.multi-ciliated epithelial cell:nasal,3,6754,0.04
a05ae7e0aebd41063d396208a310c105,CL:0000860,Lung.classical monocyte,3,6754,0.04
a05ae7e0aebd41063d396208a310c105,CL:0000158,Lung.club cell:non-nasal,3,6754,0.04
a05ae7e0aebd41063d396208a310c105,CL:4033043,Lung.lung interstitial macrophage,2,6754,0.03
a05ae7e0aebd41063d396208a310c105,CL:0002633,Lung.respiratory basal cell,2,6754,0.03
a05ae7e0aebd41063d396208a310c105,CL:0000623,Lung.natural killer cell,1,6754,0.01
a05ae7e0aebd41063d396208a310c105,CL:4033048,Lung.respiratory suprabasal cell,1,6754,0.01
cdf702e00387d29e571cd7fb53d0dc2c,CL:4028002,Lung.alveolar capillary type 1 endothelial cell,3024,9959,30.36
cdf702e00387d29e571cd7fb53d0dc2c,CL:0002063,Lung.type II pneumocyte,1079,9959,10.83
cdf702e00387d29e571cd7fb53d0dc2c,CL:0002062,Lung.type I pneumocyte,955,9959,9.59
cdf702e00387d29e571cd7fb53d0dc2c,CL:4028004,Lung.alveolar fibroblast,914,9959,9.18
cdf702e00387d29e571cd7fb53d0dc2c,CL:0000625,"Lung.CD8-positive, alpha-beta T cell",581,9959,5.83
cdf702e00387d29e571cd7fb53d0dc2c,CL:0000624,"Lung.CD4-positive, alpha-beta T cell",560,9959,5.62
cdf702e00387d29e571cd7fb53d0dc2c,other,Lung.other,511,9959,5.13
cdf702e00387d29e571cd7fb53d0dc2c,CL:1001568,Lung.pulmonary artery endothelial cell,314,9959,3.15
cdf702e00387d29e571cd7fb53d0dc2c,CL:4033008,Lung.vein endothelial cell of respiratory system,301,9959,3.02
cdf702e00387d29e571cd7fb53d0dc2c,CL:0009089,Lung.lung pericyte,269,9959,2.7
cdf702e00387d29e571cd7fb53d0dc2c,CL:0002145,Lung.ciliated columnar cell of tracheobronchial tree:non-nasal,245,9959,2.46
cdf702e00387d29e571cd7fb53d0dc2c,CL:0000236,Lung.B cell,178,9959,1.79
cdf702e00387d29e571cd7fb53d0dc2c,CL:0000860,Lung.classical monocyte,176,9959,1.77
cdf702e00387d29e571cd7fb53d0dc2c,CL:4028003,Lung.alveolar capillary type 2 endothelial cell,148,9959,1.49
cdf702e00387d29e571cd7fb53d0dc2c,CL:0002399,Lung.CD1c-positive myeloid dendritic cell,107,9959,1.07
cdf702e00387d29e571cd7fb53d0dc2c,CL:4028006,Lung.adventitial fibroblast,105,9959,1.05
cdf702e00387d29e571cd7fb53d0dc2c,CL:0000186,Lung.myofibroblast cell,99,9959,0.99
cdf702e00387d29e571cd7fb53d0dc2c,CL:0009086,Lung.endothelial cell of lymphatic vessel:differentiating,78,9959,0.78
cdf702e00387d29e571cd7fb53d0dc2c,CL:0002633,Lung.respiratory basal cell,69,9959,0.69
cdf702e00387d29e571cd7fb53d0dc2c,CL:0000192,Lung.smooth muscle cell,49,9959,0.49
cdf702e00387d29e571cd7fb53d0dc2c,CL:0000786,Lung.plasma cell,35,9959,0.35
cdf702e00387d29e571cd7fb53d0dc2c,CL:0017000,Lung.pulmonary ionocyte,35,9959,0.35
cdf702e00387d29e571cd7fb53d0dc2c,CL:0000158,Lung.club cell:non-nasal,27,9959,0.27
cdf702e00387d29e571cd7fb53d0dc2c,CL:4033005,Lung.serous secreting cell of bronchus submucosal gland,26,9959,0.26
cdf702e00387d29e571cd7fb53d0dc2c,CL:0000097,Lung.mast cell,24,9959,0.24
cdf702e00387d29e571cd7fb53d0dc2c,CL:0009086,Lung.endothelial cell of lymphatic vessel:mature,19,9959,0.19
cdf702e00387d29e571cd7fb53d0dc2c,CL:0000623,Lung.natural killer cell,11,9959,0.11
cdf702e00387d29e571cd7fb53d0dc2c,CL:4033043,Lung.lung interstitial macrophage,8,9959,0.08
cdf702e00387d29e571cd7fb53d0dc2c,CL:0000192,Lung.smooth muscle cell:activated,5,9959,0.05
cdf702e00387d29e571cd7fb53d0dc2c,CL:4033023,Lung.airway submucosal gland collecting duct epithelial cell,3,9959,0.03
cdf702e00387d29e571cd7fb53d0dc2c,CL:0000583,Lung.alveolar macrophage,2,9959,0.02
cdf702e00387d29e571cd7fb53d0dc2c,CL:0000784,Lung.plasmacytoid dendritic cell,1,9959,0.01
cdf702e00387d29e571cd7fb53d0dc2c,,Lung.mucus secreting cell of bronchus submucosal gland,1,9959,0.01
ecbe9e6e1c8bfa8e4aa5e35cde64fb52,CL:4028002,Lung.alveolar capillary type 1 endothelial cell,4052,13996,28.95
ecbe9e6e1c8bfa8e4aa5e35cde64fb52,CL:1001568,Lung.pulmonary artery endothelial cell,2561,13996,18.3
ecbe9e6e1c8bfa8e4aa5e35cde64fb52,CL:0002063,Lung.type II pneumocyte,1170,13996,8.36
ecbe9e6e1c8bfa8e4aa5e35cde64fb52,CL:4028004,Lung.alveolar fibroblast,1102,13996,7.87
ecbe9e6e1c8bfa8e4aa5e35cde64fb52,CL:4033008,Lung.vein endothelial cell of respiratory system,1015,13996,7.25
ecbe9e6e1c8bfa8e4aa5e35cde64fb52,CL:0002062,Lung.type I pneumocyte,1008,13996,7.2
ecbe9e6e1c8bfa8e4aa5e35cde64fb52,other,Lung.other,670,13996,4.79
ecbe9e6e1c8bfa8e4aa5e35cde64fb52,CL:0000624,"Lung.CD4-positive, alpha-beta T cell",481,13996,3.44
ecbe9e6e1c8bfa8e4aa5e35cde64fb52,CL:0009089,Lung.lung pericyte,376,13996,2.69
ecbe9e6e1c8bfa8e4aa5e35cde64fb52,CL:0000625,"Lung.CD8-positive, alpha-beta T cell",355,13996,2.54
ecbe9e6e1c8bfa8e4aa5e35cde64fb52,CL:0000186,Lung.myofibroblast cell,337,13996,2.41
ecbe9e6e1c8bfa8e4aa5e35cde64fb52,CL:0009086,Lung.endothelial cell of lymphatic vessel:differentiating,127,13996,0.91
ecbe9e6e1c8bfa8e4aa5e35cde64fb52,CL:4028006,Lung.adventitial fibroblast,96,13996,0.69
ecbe9e6e1c8bfa8e4aa5e35cde64fb52,CL:4033043,Lung.lung interstitial macrophage,83,13996,0.59
ecbe9e6e1c8bfa8e4aa5e35cde64fb52,CL:0000097,Lung.mast cell,81,13996,0.58
ecbe9e6e1c8bfa8e4aa5e35cde64fb52,CL:0000236,Lung.B cell,75,13996,0.54
ecbe9e6e1c8bfa8e4aa5e35cde64fb52,CL:0002399,Lung.CD1c-positive myeloid dendritic cell,68,13996,0.49
ecbe9e6e1c8bfa8e4aa5e35cde64fb52,CL:0000192,Lung.smooth muscle cell,64,13996,0.46
ecbe9e6e1c8bfa8e4aa5e35cde64fb52,CL:0000623,Lung.natural killer cell,64,13996,0.46
ecbe9e6e1c8bfa8e4aa5e35cde64fb52,CL:4028003,Lung.alveolar capillary type 2 endothelial cell,55,13996,0.39
ecbe9e6e1c8bfa8e4aa5e35cde64fb52,CL:0002145,Lung.ciliated columnar cell of tracheobronchial tree:non-nasal,39,13996,0.28
ecbe9e6e1c8bfa8e4aa5e35cde64fb52,CL:0000786,Lung.plasma cell,29,13996,0.21
ecbe9e6e1c8bfa8e4aa5e35cde64fb52,CL:0000192,Lung.smooth muscle cell:activated,25,13996,0.18
ecbe9e6e1c8bfa8e4aa5e35cde64fb52,CL:0017000,Lung.pulmonary ionocyte,24,13996,0.17
ecbe9e6e1c8bfa8e4aa5e35cde64fb52,CL:0000860,Lung.classical monocyte,18,13996,0.13
ecbe9e6e1c8bfa8e4aa5e35cde64fb52,CL:0000583,Lung.alveolar macrophage,10,13996,0.07
ecbe9e6e1c8bfa8e4aa5e35cde64fb52,CL:0009086,Lung.endothelial cell of lymphatic vessel:mature,4,13996,0.03
ecbe9e6e1c8bfa8e4aa5e35cde64fb52,CL:0000158,Lung.club cell:non-nasal,3,13996,0.02
ecbe9e6e1c8bfa8e4aa5e35cde64fb52,CL:0000784,Lung.plasmacytoid dendritic cell,2,13996,0.01
ecbe9e6e1c8bfa8e4aa5e35cde64fb52,CL:0002063,Lung.type II pneumocyte:proliferating,2,13996,0.01
